Date,GPR,GPR_change,GPR_lag1,GPR_lag3,GPRT,GPRA,DXY,Brent_return_1m,Brent_return_3m,Brent_return_6m,Brent_vol_3m,Natural_Gas_return_1m,Natural_Gas_return_3m,Natural_Gas_return_6m,Natural_Gas_vol_3m,Gold_return_1m,Gold_return_3m,Gold_return_6m,Gold_vol_3m,Copper_return_1m,Copper_return_3m,Copper_return_6m,Copper_vol_3m,Wheat_return_1m,Wheat_return_3m,Wheat_return_6m,Wheat_vol_3m
1960-01,,,,,,,,,,,,,,,,,,,,,,,,,,,
1960-02,,,,,,,,0.0,,,,0.0,,,,0.0,,,,0.018181818181818077,,,,,,,
1960-03,,,,,,,,0.0,,,,0.0,,,,0.0,,,,-0.05906593406593408,,,,,,,
1960-04,,,,,,,,0.0,0.0,,0.0,0.0,0.0,,0.0,0.0,0.0,,0.0,0.05547445255474459,0.01118881118881121,,0.05842011065409101,,,,
1960-05,,,,,,,,0.0,0.0,,0.0,0.0,0.0,,0.0,0.0,0.0,,0.0,-0.052558782849239316,-0.05906593406593408,,0.06433379507954856,,,,
1960-06,,,,,,,,0.0,0.0,,0.0,0.0,0.0,,0.0,0.0,0.0,,0.0,0.010218978102189746,0.010218978102189746,,0.05425293416005752,,,,
1960-07,,,,,,,,0.0,0.0,0.0,0.0,0.0,0.0,0.0,0.0,0.0,0.0,0.0,0.0,0.014450867052023142,-0.02904564315352698,-0.018181818181818188,0.037526100548036914,,,,
1960-08,,,,,,,,0.0,0.0,0.0,0.0,0.0,0.0,0.0,0.0,0.0,0.0,0.0,0.0,-0.03703703703703709,-0.013138686131386912,-0.0714285714285714,0.028583340481262924,,,,
1960-09,,,,,,,,0.0,0.0,0.0,0.0,0.0,0.0,0.0,0.0,0.0,0.0,0.0,0.0,-0.04289940828402372,-0.06502890173410403,-0.05547445255474448,0.03155531055475487,,,,
1960-10,,,,,,,,0.0,0.0,0.0,0.0,0.0,0.0,0.0,0.0,0.0,0.0,0.0,0.0,-0.05255023183925811,-0.12678062678062674,-0.1521438450899032,0.007833315654980928,,,,
1960-11,,,,,,,,0.0,0.0,0.0,0.0,0.0,0.0,0.0,0.0,0.0,0.0,0.0,0.0,0.047308319738988525,-0.050295857988165715,-0.06277372262773717,0.05507918982954355,,,,
1960-12,,,,,,,,0.0,0.0,0.0,0.0,0.0,0.0,0.0,0.0,0.0,0.0,0.0,0.0,-0.007788161993769416,-0.015455950540958274,-0.07947976878612717,0.05001832250866657,,,,
1961-01,,,,,,,,0.0,0.0,0.0,0.0,0.0714285714285714,0.0714285714285714,0.0714285714285714,0.04123930494211611,0.0,0.0,0.0,0.0,-0.04709576138147564,-0.009787928221859699,-0.13532763532763536,0.04742158474990005,,,,
1961-02,,,,,,,,0.0,0.0,0.0,0.0,0.0,0.0714285714285714,0.0714285714285714,0.04123930494211611,0.0,0.0,0.0,0.0,0.016474464579901094,-0.0389408099688473,-0.08727810650887569,0.03208046146451733,,,,
1961-03,,,,,,,,0.0,0.0,0.0,0.0,0.0,0.0714285714285714,0.0714285714285714,0.04123930494211611,0.0,0.0,0.0,0.0,0.006482982171799101,-0.025117739403453743,-0.040185471406491535,0.034184999415531894,,,,
1961-04,,,,,,,,0.0,0.0,0.0,0.0,0.0,0.0,0.0714285714285714,0.0,0.0,0.0,0.0,0.0,0.017713365539452575,0.041186161449752845,0.030995106035889064,0.006157463044732337,,,,
1961-05,,,,,,,,0.0,0.0,0.0,0.0,0.0,0.0,0.0714285714285714,0.0,0.0,0.0,0.0,0.0,0.05696202531645578,0.08265802269043765,0.04049844236760114,0.026503812938504838,,,,
1961-06,,,,,,,,0.0,0.0,0.0,0.0,0.0,0.0,0.0714285714285714,0.0,0.0,0.0,0.0,0.0,-0.0239520958083832,0.0499194847020934,0.023547880690737877,0.04046307568022989,,,,
1961-07,,,,,,,,0.0,0.0,0.0,0.0,0.0,0.0,0.0,0.0,0.0,0.0,0.0,0.0,-0.02914110429447858,0.0015822784810126667,0.04283360790774293,0.04828348533275681,,,,
1961-08,,,,,,,,0.0,0.0,0.0,0.0,0.0,0.0,0.0,0.0,0.0,0.0,0.0,0.0,0.004739336492890933,-0.04790419161676651,0.030794165316045286,0.018248325788565837,,,,
1961-09,,,,,,,,0.0,0.0,0.0,0.0,0.0,0.0,0.0,0.0,0.0,0.0,0.0,0.0,-0.004716981132075526,-0.02914110429447858,0.019323671497584627,0.017482581823169696,,,,
1961-10,,,,,,,,0.0,0.0,0.0,0.0,0.0,0.0,0.0,0.0,0.0,0.0,0.0,0.0,-0.004739336492891044,-0.004739336492891044,-0.0031645569620253333,0.005466072391852114,,,,
1961-11,,,,,,,,0.0,0.0,0.0,0.0,0.0,0.0,0.0,0.0,0.0,0.0,0.0,0.0,0.0031746031746031633,-0.0062893081761006275,-0.053892215568862256,0.004562675452193932,,,,
1961-12,,,,,,,,0.0,0.0,0.0,0.0,0.0,0.0,0.0,0.0,0.0,0.0,0.0,0.0,0.004746835443038,0.003159557661927437,-0.0260736196319018,0.005084122562197273,,,,
1962-01,,,,,,,,-0.0625,-0.0625,-0.0625,0.036084391824351615,0.06666666666666665,0.06666666666666665,0.06666666666666665,0.03849001794597504,0.0,0.0,0.0,0.0,0.0,0.007936507936507908,0.003159557661927437,0.002418073142862467,,,,
1962-02,,,,,,,,0.0,-0.0625,-0.0625,0.036084391824351615,0.0,0.06666666666666665,0.06666666666666665,0.03849001794597504,0.0,0.0,0.0,0.0,0.020472440944881987,0.025316455696202445,0.018867924528301883,0.010715626854930107,,,,
1962-03,,,,,,,,0.0,-0.0625,-0.0625,0.036084391824351615,0.0,0.06666666666666665,0.06666666666666665,0.03849001794597504,0.0,0.0,0.0,0.0,0.0,0.020472440944881987,0.023696682464454888,0.011819769290496383,,,,
1962-04,,,,,,,,0.0,0.0,-0.0625,0.0,0.0,0.0,0.06666666666666665,0.0,0.0,0.0,0.0,0.0,-0.0030864197530864335,0.017322834645669305,0.025396825396825307,0.012804079704793383,,,,
1962-05,,,,,,,,0.0,0.0,-0.0625,0.0,0.0,0.0,0.06666666666666665,0.0,0.0,0.0,0.0,0.0,0.0,-0.0030864197530864335,0.02215189873417711,0.0017819452752769153,,,,
1962-06,,,,,,,,0.0,0.0,-0.0625,0.0,0.0,0.0,0.06666666666666665,0.0,0.0,0.0,0.0,0.0,0.0,-0.0030864197530864335,0.017322834645669305,0.0017819452752769153,,,,
1962-07,,,,,,,,0.0,0.0,0.0,0.0,0.0,0.0,0.0,0.0,0.0,0.0,0.0,0.0,0.0,0.0,0.017322834645669305,0.0,,,,
1962-08,,,,,,,,0.0,0.0,0.0,0.0,0.0,0.0,0.0,0.0,0.0,0.0,0.0,0.0,0.0,0.0,-0.0030864197530864335,0.0,,,,
1962-09,,,,,,,,0.0,0.0,0.0,0.0,0.0,0.0,0.0,0.0,0.0,0.0,0.0,0.0,0.0,0.0,-0.0030864197530864335,0.0,,,,
1962-10,,,,,,,,0.0,0.0,0.0,0.0,0.0,0.0,0.0,0.0,0.0,0.0,0.0,0.0,0.0,0.0,0.0,0.0,,,,
1962-11,,,,,,,,0.0,0.0,0.0,0.0,0.0,0.0,0.0,0.0,0.0,0.0,0.0,0.0,0.0,0.0,0.0,0.0,,,,
1962-12,,,,,,,,0.0,0.0,0.0,0.0,0.0,0.0,0.0,0.0,0.0,0.0,0.0,0.0,0.0,0.0,0.0,0.0,,,,
1963-01,,,,,,,,0.0,0.0,0.0,0.0,0.0,0.0,0.0,0.0,0.0,0.0,0.0,0.0,0.0,0.0,0.0,0.0,,,,
1963-02,,,,,,,,0.0,0.0,0.0,0.0,0.0,0.0,0.0,0.0,0.0,0.0,0.0,0.0,0.0,0.0,0.0,0.0,,,,
1963-03,,,,,,,,0.0,0.0,0.0,0.0,0.0,0.0,0.0,0.0,0.0,0.0,0.0,0.0,0.0,0.0,0.0,0.0,,,,
1963-04,,,,,,,,0.0,0.0,0.0,0.0,0.0,0.0,0.0,0.0,0.0,0.0,0.0,0.0,0.0,0.0,0.0,0.0,,,,
1963-05,,,,,,,,0.0,0.0,0.0,0.0,0.0,0.0,0.0,0.0,0.0,0.0,0.0,0.0,0.0,0.0,0.0,0.0,,,,
1963-06,,,,,,,,0.0,0.0,0.0,0.0,0.0,0.0,0.0,0.0,0.0,0.0,0.0,0.0,0.0,0.0,0.0,0.0,,,,
1963-07,,,,,,,,0.0,0.0,0.0,0.0,0.0,0.0,0.0,0.0,0.0,0.0,0.0,0.0,0.0,0.0,0.0,0.0,,,,
1963-08,,,,,,,,0.0,0.0,0.0,0.0,0.0,0.0,0.0,0.0,0.0,0.0,0.0,0.0,0.0,0.0,0.0,0.0,,,,
1963-09,,,,,,,,0.0,0.0,0.0,0.0,0.0,0.0,0.0,0.0,0.0,0.0,0.0,0.0,0.0,0.0,0.0,0.0,,,,
1963-10,,,,,,,,0.0,0.0,0.0,0.0,0.0,0.0,0.0,0.0,0.0,0.0,0.0,0.0,0.0,0.0,0.0,0.0,,,,
1963-11,,,,,,,,0.0,0.0,0.0,0.0,0.0,0.0,0.0,0.0,0.0,0.0,0.0,0.0,0.0,0.0,0.0,0.0,,,,
1963-12,,,,,,,,0.0,0.0,0.0,0.0,0.0,0.0,0.0,0.0,0.0,0.0,0.0,0.0,0.006191950464396356,0.006191950464396356,0.006191950464396356,0.0035749242674282186,,,,
1964-01,,,,,,,,0.0,0.0,0.0,0.0,-0.0625,-0.0625,-0.0625,0.036084391824351615,0.0,0.0,0.0,0.0,0.009230769230769154,0.015479876160990669,0.015479876160990669,0.004704284760373947,,,,
1964-02,,,,,,,,0.0,0.0,0.0,0.0,0.0,-0.0625,-0.0625,0.036084391824351615,0.0,0.0,0.0,0.0,0.05792682926829262,0.07430340557275539,0.07430340557275539,0.029031702118910162,,,,
1964-03,,,,,,,,0.0,0.0,0.0,0.0,0.0,-0.0625,-0.0625,0.036084391824351615,0.0,0.0,0.0,0.0,0.07348703170028825,0.14615384615384608,0.15325077399380804,0.033521867065778914,,,,
1964-04,,,,,,,,0.0,0.0,0.0,0.0,0.0,0.0,-0.0625,0.0,0.0,0.0,0.0,0.0,0.15704697986577187,0.3140243902439024,0.33436532507739947,0.05330601762717161,,,,
1964-05,,,,,,,,0.0,0.0,0.0,0.0,0.0,0.0,-0.0625,0.0,0.0,0.0,0.0,0.0,-0.03944315545243615,0.19308357348703176,0.2817337461300309,0.09861023052497764,,,,
1964-06,,,,,,,,0.0,0.0,0.0,0.0,0.0,0.0,-0.0625,0.0,0.0,0.0,0.0,0.0,-0.024154589371980673,0.08456375838926178,0.24307692307692297,0.10929785162907535,,,,
1964-07,,,,,,,,0.0,0.0,0.0,0.0,0.0,0.0,0.0,0.0,0.0,0.0,0.0,0.0,0.05816831683168311,-0.008120649651972123,0.30335365853658547,0.052502064499228784,,,,
1964-08,,,,,,,,0.0,0.0,0.0,0.0,0.0,0.0,0.0,0.0,0.0,0.0,0.0,0.0,0.16842105263157903,0.2065217391304348,0.4394812680115274,0.09662479368693981,,,,
1964-09,,,,,,,,0.0,0.0,0.0,0.0,0.0,0.0,0.0,0.0,0.0,0.0,0.0,0.0,0.16316316316316315,0.43811881188118806,0.559731543624161,0.06219221402125681,,,,
1964-10,,,,,,,,0.0,0.0,0.0,0.0,0.0,0.0,0.0,0.0,0.0,0.0,0.0,0.0,0.16867469879518082,0.5883040935672514,0.5754060324825987,0.0031114509761370423,,,,
1964-11,,,,,,,,0.0,0.0,0.0,0.0,0.0,0.0,0.0,0.0,0.0,0.0,0.0,0.0,0.030927835051546282,0.40140140140140135,0.6908212560386473,0.07798585074338531,,,,
1964-12,,,,,,,,0.0,0.0,0.0,0.0,0.0,0.0,0.0,0.0,0.0,0.0,0.0,0.0,-0.09357142857142853,0.09208261617900182,0.5705445544554455,0.13117881970339465,,,,
1965-01,,,,,,,,-0.06666666666666676,-0.06666666666666676,-0.06666666666666676,0.03849001794597511,0.06666666666666665,0.06666666666666665,0.06666666666666665,0.03849001794597504,0.0,0.0,0.0,0.0,-0.21118991331757286,-0.2628865979381443,0.17076023391812867,0.12107516857443983,,,,
1965-02,,,,,,,,0.0,-0.06666666666666676,-0.06666666666666676,0.03849001794597511,0.0,0.06666666666666665,0.06666666666666665,0.03849001794597504,0.0,0.0,0.0,0.0,0.17882117882117887,-0.15714285714285714,0.1811811811811812,0.20005852998034687,,,,
1965-03,,,,,,,,0.0,-0.06666666666666676,-0.06666666666666676,0.03849001794597511,0.0,0.06666666666666665,0.06666666666666665,0.03849001794597504,0.0,0.0,0.0,0.0,0.04830508474576267,-0.025216706067769934,0.06454388984509474,0.19852823343454842,,,,
1965-04,,,,,,,,0.0,0.0,-0.06666666666666676,0.0,0.0,0.0,0.06666666666666665,0.0,0.0,0.0,0.0,0.0,0.08973322554567509,0.3466533466533466,-0.007363770250368162,0.06669258464734366,,,,
1965-05,,,,,,,,0.0,0.0,-0.06666666666666676,0.0,0.0,0.0,0.06666666666666665,0.0,0.0,0.0,0.0,0.0,0.022997032640949655,0.16864406779661012,-0.015000000000000013,0.03369101708886715,,,,
1965-06,,,,,,,,0.0,0.0,-0.06666666666666676,0.0,0.0,0.0,0.06666666666666665,0.0,0.0,0.0,0.0,0.0,-0.050761421319796995,0.058205335489086574,0.03152088258471242,0.07027656647364756,,,,
1965-07,,,,,,,,0.0,0.0,0.0,0.0,0.0,0.0,0.0,0.0,0.0,0.0,0.0,0.0,-0.1336898395721925,-0.15875370919881304,0.13286713286713292,0.07838814537124582,,,,
1965-08,,,,,,,,0.0,0.0,0.0,0.0,0.0,0.0,0.0,0.0,0.0,0.0,0.0,0.0,0.0670194003527338,-0.12255257432922406,0.025423728813559254,0.1008576914096808,,,,
1965-09,,,,,,,,0.0,0.0,0.0,0.0,0.0,0.0,0.0,0.0,0.0,0.0,0.0,0.0,0.09752066115702474,0.014514896867838134,0.07356507679870661,0.1256137078170932,,,,
1965-10,,,,,,,,0.0,0.0,0.0,0.0,0.0,0.0,0.0,0.0,0.0,0.0,0.0,0.0,0.05572289156626509,0.2363315696649031,0.0400593471810089,0.021621715797535416,,,,
1965-11,,,,,,,,0.0,0.0,0.0,0.0,0.0,0.0,0.0,0.0,0.0,0.0,0.0,0.0,0.04778887303851631,0.21404958677685948,0.06526468455402457,0.026718448502314817,,,,
1965-12,,,,,,,,0.0,0.0,0.0,0.0,0.0,0.0,0.0,0.0,0.0,0.0,0.0,0.0,0.03335602450646702,0.1430722891566265,0.1596638655462186,0.011339698032563952,,,,
1966-01,,,,,,,,0.0,0.0,0.0,0.0,0.0,0.0,0.0,0.0,0.0,0.0,0.0,0.0,0.10606060606060597,0.19757489300998565,0.4805996472663139,0.03849211643334515,,,,
1966-02,,,,,,,,0.0,0.0,0.0,0.0,0.0,0.0,0.0,0.0,0.0,0.0,0.0,0.0,0.11614055985705773,0.27569775357385984,0.5487603305785125,0.04516791069759265,,,,
1966-03,,,,,,,,0.0,0.0,0.0,0.0,0.0,0.0,0.0,0.0,0.0,0.0,0.0,0.0,0.0005336179295625243,0.2351778656126482,0.4118975903614457,0.06403451636210897,,,,
1966-04,,,,,,,,0.0,0.0,0.0,0.0,0.0,0.0,0.0,0.0,0.0,0.0,0.0,0.0,0.017066666666666563,0.13579511614055995,0.36019971469329537,0.06252192020173368,,,,
1966-05,,,,,,,,0.0,0.0,0.0,0.0,0.0,0.0,0.0,0.0,0.0,0.0,0.0,0.0,-0.1274252753015207,-0.112059765208111,0.1327433628318584,0.07908301687805162,,,,
1966-06,,,,,,,,0.0,0.0,0.0,0.0,0.0,0.0,0.0,0.0,0.0,0.0,0.0,0.0,0.019230769230769162,-0.0954666666666667,0.11725955204216065,0.0840541492447011,,,,
1966-07,,,,,,,,0.0,0.0,0.0,0.0,0.0,0.0,0.0,0.0,0.0,0.0,0.0,0.0,-0.07547169811320753,-0.17776612480335607,-0.06611078022632522,0.07435918112059864,,,,
1966-08,,,,,,,,0.0,0.0,0.0,0.0,0.0,0.0,0.0,0.0,0.0,0.0,0.0,0.0,-0.23788265306122447,-0.28185096153846156,-0.36232657417289216,0.13003409010131714,,,,
1966-09,,,,,,,,0.0,0.0,0.0,0.0,0.0,0.0,0.0,0.0,0.0,0.0,0.0,0.0,-0.05606694560669456,-0.33490566037735847,-0.3984,0.09984222068189808,,,,
1966-10,,,,,,,,0.0,0.0,0.0,0.0,0.0,0.0,0.0,0.0,0.0,0.0,0.0,0.0,0.13031914893617014,-0.18686224489795922,-0.3314105925537494,0.18410562851719187,,,,
1966-11,,,,,,,,0.0,0.0,0.0,0.0,0.0,0.0,0.0,0.0,0.0,0.0,0.0,0.0,0.021176470588235352,0.08953974895397487,-0.21754807692307687,0.09364689514462078,,,,
1966-12,,,,,,,,0.0,0.0,0.0,0.0,0.0,0.0,0.0,0.0,0.0,0.0,0.0,0.0,-0.06682027649769584,0.0771276595744681,-0.28360849056603776,0.09875854798029796,,,,
1967-01,,,,,,,,-0.07142857142857129,-0.07142857142857129,-0.07142857142857129,0.04123930494211605,0.0,0.0,0.0,0.0,0.0,0.0,0.0,0.0,0.023868312757201693,-0.02431372549019606,-0.20663265306122447,0.051599569980461855,,,,
1967-02,,,,,,,,0.0,-0.07142857142857129,-0.07142857142857129,0.04123930494211605,0.0,0.0,0.0,0.0,0.0,0.0,0.0,0.0,-0.019292604501607746,-0.06298003072196623,0.02092050209205021,0.045361813244609625,,,,
1967-03,,,,,,,,0.0,-0.07142857142857129,-0.07142857142857129,0.04123930494211605,0.0,0.0,0.0,0.0,0.0,0.0,0.0,0.0,-0.09999999999999998,-0.09629629629629632,-0.02659574468085102,0.06287541566737569,,,,
1967-04,,,,,,,,0.0,0.0,-0.07142857142857129,0.0,0.0,0.0,0.0,0.0,0.0,0.0,0.0,0.0,-0.09380692167577409,-0.20016077170418012,-0.2196078431372549,0.04491551582544753,,,,
1967-05,,,,,,,,0.0,0.0,-0.07142857142857129,0.0,0.0,0.0,0.0,0.0,0.0,0.0,0.0,0.0,0.04120603015075375,-0.15081967213114755,-0.20430107526881724,0.07979765486422298,,,,
1967-06,,,,,,,,0.0,0.0,-0.07142857142857129,0.0,0.0,0.0,0.0,0.0,0.0,0.0,0.0,0.0,-0.020270270270270285,-0.07559198542805101,-0.16460905349794241,0.06759619290845566,,,,
1967-07,,,,,,,,0.0,0.0,0.0,0.0,0.0,0.0,0.0,0.0,0.0,0.0,0.0,0.0,-0.017733990147783207,0.0020100502512563345,-0.19855305466237938,0.03478432171517236,,,,
1967-08,,,,,,,,0.0,0.0,0.0,0.0,0.0,0.0,0.0,0.0,0.0,0.0,0.0,0.0,0.0481444332998997,0.008687258687258614,-0.14344262295081966,0.038787822525044646,,,,
1967-09,,,,,,,,0.0,0.0,0.0,0.0,0.0,0.0,0.0,0.0,0.0,0.0,0.0,0.0,0.014354066985645897,0.044334975369458185,-0.03460837887067392,0.0329428771820806,,,,
1967-10,,,,,,,,0.0,0.0,0.0,0.0,0.0,0.0,0.0,0.0,0.0,0.0,0.0,0.0,0.07358490566037745,0.14142427281845538,0.14371859296482414,0.029713349243753934,,,,
1967-11,,,,,,,,0.0,0.0,0.0,0.0,0.0,0.0,0.0,0.0,0.0,0.0,0.0,0.0,0.26889279437609837,0.38181818181818183,0.3938223938223939,0.13319373570495946,,,,
1967-12,,,,,,,,0.0,0.0,0.0,0.0,0.0,0.0,0.0,0.0,0.0,0.0,0.0,0.0,-0.08310249307479223,0.24905660377358485,0.3044334975369458,0.17635040624876255,,,,
1968-01,,,,,,,,0.0,0.0,0.0,0.0,0.0,0.0,0.0,0.0,0.02857142857142847,0.02857142857142847,0.02857142857142847,0.01649572197684639,0.0641993957703928,0.23813708260105448,0.4132397191574724,0.17677571301781841,,,,
1968-02,,,,,,,,0.0,0.0,0.0,0.0,0.0,0.0,0.0,0.0,0.0,0.02857142857142847,0.02857142857142847,0.01649572197684639,0.22072391767210786,0.1911357340720221,0.6459330143540669,0.15193653295661738,,,,
1968-03,,,,,,,,0.0,0.0,0.0,0.0,0.0,0.0,0.0,0.0,0.02777777777777768,0.05714285714285716,0.05714285714285716,0.0162714543012505,-0.01104651162790693,0.28474320241691853,0.6047169811320754,0.11823663027637067,,,,
1968-04,,,,,,,,0.0,0.0,0.0,0.0,0.0,0.0,0.0,0.0,0.027027027027026973,0.05555555555555558,0.08571428571428563,0.015825236990753087,-0.26219870664315104,-0.10929737402413053,0.10281195079086114,0.24152612627292344,,,,
1968-05,,,,,,,,0.0,0.0,0.0,0.0,0.0,0.0,0.0,0.0,0.07894736842105265,0.13888888888888884,0.17142857142857149,0.029761867335463186,-0.12589641434262944,-0.36220930232558135,-0.24030470914127422,0.1257287027034355,,,,
1968-06,,,,,,,,0.0,0.0,0.0,0.0,0.0,0.0,0.0,0.0,0.0,0.10810810810810811,0.17142857142857149,0.040122456349284095,0.03646308113035546,-0.3315696649029982,-0.14123867069486407,0.1495202239011421,,,,
1968-07,,,,,,,,0.0,0.0,0.0,0.0,0.0,0.0,0.0,0.0,-0.04878048780487809,0.026315789473684292,0.08333333333333326,0.06445493028357531,-0.07299912049252422,-0.1601593625498008,-0.2519517388218595,0.08280569933186414,,,,
1968-08,,,,,,,,0.0,0.0,0.0,0.0,0.0,0.0,0.0,0.0,0.0,-0.04878048780487809,0.08333333333333326,0.02816342776534762,0.00189753320683117,-0.037374658158614404,-0.38604651162790693,0.05595572568668696,,,,
1968-09,,,,,,,,0.0,0.0,0.0,0.0,0.0,0.0,0.0,0.0,0.02564102564102555,-0.024390243902439046,0.08108108108108114,0.03780555481668535,0.051136363636363535,-0.0237467018469657,-0.34744268077601415,0.06250811890912349,,,,
1968-10,,,,,,,,0.0,0.0,0.0,0.0,0.0,0.0,0.0,0.0,-0.025000000000000022,0.0,0.026315789473684292,0.025321188998869235,-0.027027027027026973,0.024667931688804545,-0.1394422310756972,0.03951921103882708,,,,
1968-11,,,,,,,,0.0,0.0,0.0,0.0,0.0,0.0,0.0,0.0,0.02564102564102555,0.02564102564102555,-0.024390243902439046,0.02923760978588485,0.0185185185185186,0.04166666666666674,0.0027347310847767314,0.03925947057541418,,,,
1968-12,,,,,,,,0.0,0.0,0.0,0.0,0.0,0.0,0.0,0.0,0.02499999999999991,0.02499999999999991,0.0,0.02905432954497331,0.07727272727272738,0.06756756756756754,0.04221635883905006,0.0522890882695482,,,,
1969-01,,,,,,,,0.0,0.0,0.0,0.0,0.0625,0.0625,0.0625,0.03608439182435161,0.024390243902439046,0.07692307692307687,0.07692307692307687,0.0006254560107825912,0.059915611814346015,0.16296296296296298,0.19165085388994307,0.030185663917142714,,,,
1969-02,,,,,,,,0.0,0.0,0.0,0.0,0.0,0.0625,0.0625,0.03608439182435161,0.023809523809523725,0.07499999999999996,0.10256410256410264,0.0005952971085820545,0.023089171974522316,0.1681818181818182,0.21685606060606055,0.0276686157739094,,,,
1969-03,,,,,,,,0.0,0.0,0.0,0.0,0.0,0.0625,0.0625,0.03608439182435161,0.0,0.04878048780487809,0.07499999999999996,0.013917103730560322,-0.005447470817120603,0.07848101265822782,0.15135135135135136,0.032769038293745875,,,,
1969-04,,,,,,,,0.0,0.0,0.0,0.0,0.0,0.0,0.0625,0.0,0.0,0.023809523809523725,0.10256410256410264,0.01374643498070532,0.0860719874804381,0.10509554140127397,0.2851851851851852,0.046827673936730735,,,,
1969-05,,,,,,,,0.0,0.0,0.0,0.0,0.0,0.0,0.0625,0.0,0.0,0.0,0.07499999999999996,0.0,0.0028818443804035088,0.0832684824902723,0.2654545454545454,0.05060597568097815,,,,
1969-06,,,,,,,,0.0,0.0,0.0,0.0,0.0,0.0,0.0625,0.0,-0.046511627906976716,-0.046511627906976716,0.0,0.02685350089254072,0.06537356321839072,0.16040688575899842,0.25147679324894523,0.04330942853325354,,,,
1969-07,,,,,,,,0.0,0.0,0.0,0.0,0.0,0.0,0.0,0.0,0.024390243902439046,-0.023255813953488413,0.0,0.03602150041816773,-0.019554956169925863,0.04755043227665712,0.15764331210191074,0.0440103744355672,,,,
1969-08,,,,,,,,0.0,0.0,0.0,0.0,0.0,0.0,0.0,0.0,-0.023809523809523836,-0.046511627906976716,-0.046511627906976716,0.03620699417704079,0.10522696011004129,0.15445402298850586,0.25058365758754864,0.0637333942814333,,,,
1969-09,,,,,,,,0.0,0.0,0.0,0.0,0.0,0.0,0.0,0.0,0.0,0.0,-0.046511627906976716,0.024100466901230803,-0.017423771001866872,0.06473364801078896,0.23552425665101717,0.0714356008619032,,,,
1969-10,,,,,,,,0.0,0.0,0.0,0.0,0.0,0.0,0.0,0.0,-0.024390243902439046,-0.04761904761904767,-0.06976744186046513,0.013917103730560373,-0.01583280557314759,0.06877579092159558,0.1195965417867435,0.0703576575796238,,,,
1969-11,,,,,,,,0.0,0.0,0.0,0.0,0.0,0.0,0.0,0.0,-0.07499999999999996,-0.09756097560975607,-0.13953488372093026,0.03825622260904114,0.04954954954954949,0.014934660858743065,0.1716954022988506,0.03821607253078346,,,,
1969-12,,,,,,,,0.0,0.0,0.0,0.0,0.0,0.0,0.0,0.0,-0.05405405405405406,-0.14634146341463417,-0.14634146341463417,0.02542971259680347,0.04230533415082771,0.07663077897403414,0.1463250168577208,0.035840792189668506,,,,
1970-01,,,,,,,,-0.07692307692307698,-0.07692307692307698,-0.07692307692307698,0.044411559168432785,0.0,0.0,0.0,0.0,0.0,-0.125,-0.16666666666666663,0.038698779936084726,-0.04352941176470593,0.04633204633204624,0.11829436038514451,0.05177479325963544,,,,
1970-02,,,,,,,,0.0,-0.07692307692307698,-0.07692307692307698,0.044411559168432785,0.0,0.0,0.0,0.0,0.0,-0.05405405405405406,-0.14634146341463417,0.031208122658898708,0.019065190651906594,0.01594114040465966,0.03111387678904798,0.04439555557321861,,,,
1970-03,,,,,,,,0.0,-0.07692307692307698,-0.07692307692307698,0.044411559168432785,0.0,0.0,0.0,0.0,0.0,0.0,-0.14634146341463417,0.0,0.05853952926976458,0.03176470588235292,0.11082963901203291,0.05146904633678596,,,,
1970-04,,,,,,,,0.0,0.0,-0.07692307692307698,0.0,0.0,0.0,0.0,0.0,0.02857142857142847,0.02857142857142847,-0.09999999999999998,0.016495721976846425,-0.0068415051311288,0.071340713407134,0.12097812097812088,0.032924307016354085,,,,
1970-05,,,,,,,,0.0,0.0,-0.07692307692307698,0.0,0.0,0.0,0.0,0.0,0.0,0.02857142857142847,-0.027027027027026973,0.016495721976846425,-0.0826636050516647,-0.03560651780325885,-0.020232985898221978,0.07066587535471196,,,,
1970-06,,,,,,,,0.0,0.0,-0.07692307692307698,0.0,0.0,0.0,0.0,0.0,-0.02777777777777779,0.0,0.0,0.028175534674220702,-0.08760951188986232,-0.16875712656784492,-0.14235294117647057,0.0452712634139853,,,,
1970-07,,,,,,,,0.0,0.0,0.0,0.0,0.0,0.0,0.0,0.0,0.0,-0.02777777777777779,0.0,0.016037507477489645,-0.06241426611796985,-0.2152698048220436,-0.1592865928659286,0.013349769855755478,,,,
1970-08,,,,,,,,0.0,0.0,0.0,0.0,0.0,0.0,0.0,0.0,0.0,-0.02777777777777779,0.0,0.016037507477489645,-0.07315288953913679,-0.20713391739674591,-0.23536511768255886,0.01264326152725355,,,,
1970-09,,,,,,,,0.0,0.0,0.0,0.0,0.0,0.0,0.0,0.0,0.02857142857142847,0.02857142857142847,0.02857142857142847,0.016495721976846425,-0.015785319652723007,-0.144718792866941,-0.28905359179019385,0.03049758120494434,,,,
1970-10,,,,,,,,0.0,0.0,0.0,0.0,0.0,0.0,0.0,0.0,0.05555555555555558,0.08571428571428563,0.05555555555555558,0.027781556810211834,-0.08420208500400961,-0.1645940014630578,-0.3444316877152698,0.03672868219849107,,,,
1970-11,,,,,,,,0.0,0.0,0.0,0.0,0.0,0.0,0.0,0.0,-0.02631578947368418,0.05714285714285716,0.02777777777777768,0.04172063228732291,-0.049912434325744326,-0.14364640883977897,-0.32102628285356694,0.03420841485335638,,,,
1970-12,,,,,,,,0.0,0.0,0.0,0.0,0.0,0.0,0.0,0.0,0.0,0.02777777777777768,0.05714285714285716,0.041796845306806184,-0.03594470046082954,-0.16118684843624698,-0.28257887517146774,0.024831609210530046,,,,
1971-01,,,,,,,,0.3333333333333335,0.3333333333333335,0.3333333333333335,0.19245008972987535,0.0588235294117645,0.0588235294117645,0.0588235294117645,0.0339617805405661,0.027027027027026973,0.0,0.08571428571428563,0.026672198502596483,-0.03441682600382412,-0.1155866900175131,-0.26115581565471835,0.00853957324210647,,,,
1971-02,,,,,,,,0.0,0.3333333333333335,0.3333333333333335,0.19245008972987535,0.0,0.0588235294117645,0.0588235294117645,0.0339617805405661,0.026315789473684292,0.054054054054053946,0.11428571428571432,0.015402850517573091,0.00990099009900991,-0.05990783410138245,-0.19494869771112866,0.026039171029398272,,,,
1971-03,,,,,,,,0.0,0.3333333333333335,0.3333333333333335,0.19245008972987535,0.0,0.0588235294117645,0.0588235294117645,0.0339617805405661,0.0,0.054054054054053946,0.08333333333333326,0.015402850517573091,0.1215686274509804,0.09369024856596564,-0.08259823576583802,0.08037950790406388,,,,
1971-04,,,,,,,,0.0,0.0,0.3333333333333335,0.0,0.0,0.0,0.0588235294117645,0.0,0.0,0.026315789473684292,0.026315789473684292,0.01519342813656918,0.09440559440559437,0.2396039603960396,0.09632224168126102,0.05823589921604537,,,,
1971-05,,,,,,,,0.0,0.0,0.3333333333333335,0.0,0.0,0.0,0.0588235294117645,0.0,0.05128205128205132,0.05128205128205132,0.10810810810810811,0.02960770611228854,-0.110223642172524,0.09215686274509793,0.026728110599078425,0.12671398968016095,,,,
1971-06,,,,,,,,0.0,0.0,0.3333333333333335,0.0,0.0,0.0,0.0588235294117645,0.0,-0.024390243902439046,0.02564102564102555,0.08108108108108114,0.03862432100763295,-0.03590664272890487,-0.06118881118881114,0.026768642447418722,0.10358363771677806,,,,
1971-07,,,,,,,,0.0625,0.0625,0.0625,0.03608439182435144,0.0,0.0,0.0,0.0,0.02499999999999991,0.05128205128205132,0.07894736842105265,0.038419696924935604,0.038175046554934866,-0.10942492012779548,0.10396039603960405,0.07419937545725418,,,,
1971-08,,,,,,,,0.0,0.0625,0.0625,0.03608439182435144,0.0,0.0,0.0,0.0,0.04878048780487809,0.04878048780487809,0.10256410256410264,0.037324843762933914,-0.015246636771300448,-0.014362657091561926,0.07647058823529407,0.03822915288695302,,,,
1971-09,,,,,,,,0.0,0.0625,0.0625,0.03608439182435144,0.0,0.0,0.0,0.0,-0.023255813953488413,0.050000000000000044,0.07692307692307687,0.03670459542431093,-0.03825136612021862,-0.016759776536312887,-0.07692307692307687,0.03920903462260193,,,,
1971-10,,,,,,,,0.0,0.0,0.0625,0.0,0.0,0.0,0.0,0.0,0.023809523809523725,0.04878048780487809,0.10256410256410264,0.036578508791880654,-0.014204545454545414,-0.0663677130044843,-0.16853035143769968,0.01359260283424066,,,,
1971-11,,,,,,,,0.0,0.0,0.0625,0.0,0.0,0.0,0.0,0.0,0.0,0.0,0.04878048780487809,0.02353321172804499,-0.025936599423631135,-0.07650273224043713,-0.08976660682226212,0.012024586987030144,,,,
1971-12,,,,,,,,0.0,0.0,0.0625,0.0,0.0,0.0,0.0,0.0,0.0,0.023809523809523725,0.07499999999999996,0.013746434980705357,0.023668639053254337,-0.017045454545454586,-0.03351955307262566,0.02592520935127312,,,,
1972-01,,,,,,,,0.05882352941176472,0.05882352941176472,0.05882352941176472,0.03396178054056605,0.05555555555555558,0.05555555555555558,0.05555555555555558,0.03207501495497923,0.06976744186046502,0.06976744186046502,0.12195121951219523,0.04028025133881105,0.038535645472061564,0.03554274735830942,-0.033183856502242204,0.03375988232131863,,,,
1972-02,,,,,,,,0.0,0.05882352941176472,0.05882352941176472,0.03396178054056605,0.0,0.05555555555555558,0.05555555555555558,0.03207501495497923,0.04347826086956519,0.11627906976744184,0.11627906976744184,0.03523486944578155,0.03153988868274582,0.096646942800789,0.012750455373406133,0.007437798326138797,,,,
1972-03,,,,,,,,0.0,0.05882352941176472,0.05882352941176472,0.03396178054056605,0.0,0.05555555555555558,0.05555555555555558,0.03207501495497923,0.0,0.11627906976744184,0.1428571428571428,0.035234869445781546,-0.003597122302158251,0.06743737957610785,0.04924242424242431,0.022578456820329315,,,,
1972-04,,,,,,,,0.0,0.0,0.05882352941176472,0.0,0.0,0.0,0.05555555555555558,0.0,0.02083333333333326,0.0652173913043479,0.13953488372093026,0.02174541978264593,0.022563176895306958,0.05102040816326525,0.08837656099903946,0.018255374320862782,,,,
1972-05,,,,,,,,0.0,0.0,0.05882352941176472,0.0,0.0,0.0,0.05555555555555558,0.0,0.12244897959183665,0.14583333333333326,0.2790697674418605,0.0655152907666003,-0.02383053839364524,-0.0053956834532373765,0.09072978303747536,0.02325986958670976,,,,
1972-06,,,,,,,,0.0,0.0,0.05882352941176472,0.0,0.0,0.0,0.05555555555555558,0.0,0.1272727272727272,0.29166666666666674,0.44186046511627897,0.06010872466956258,-0.03887884267631103,-0.04061371841155237,0.024084778420038644,0.032025901103989535,,,,
1972-07,,,,,,,,0.05555555555555558,0.05555555555555558,0.05555555555555558,0.03207501495497903,0.0,0.0,0.0,0.0,0.06451612903225801,0.346938775510204,0.4347826086956521,0.03492342656528001,-0.026340545625587963,-0.08649602824360103,-0.03988868274582558,0.008061849364137104,,,,
1972-08,,,,,,,,0.0,0.05555555555555558,0.05555555555555558,0.03207501495497903,0.0,0.0,0.0,0.0,0.015151515151515138,0.21818181818181825,0.39583333333333326,0.056193745105424214,0.011594202898550732,-0.05334538878842676,-0.05845323741007191,0.02627984769147851,,,,
1972-09,,,,,,,,0.0,0.05555555555555558,0.05555555555555558,0.03207501495497903,0.0,0.0,0.0,0.0,-0.02985074626865669,0.048387096774193505,0.35416666666666674,0.04720023974265156,0.013371537726838634,-0.0018814675446848783,-0.04241877256317694,0.022432319054107114,,,,
1972-10,,,,,,,,0.0,0.0,0.05555555555555558,0.0,0.0,0.0,0.0,0.0,0.0,-0.015151515151515138,0.3265306122448979,0.02289774005264786,-0.1347785108388313,-0.11304347826086958,-0.18976169461606351,0.08502604222231734,,,,
1972-11,,,,,,,,0.0,0.0,0.05555555555555558,0.0,0.0,0.0,0.0,0.0,-0.03076923076923077,-0.05970149253731338,0.1454545454545455,0.01750550498511682,0.09694989106753815,-0.038204393505253065,-0.08951175406871614,0.11735404430414335,,,,
1972-12,,,,,,,,0.0,0.0,0.05555555555555558,0.0,0.0,0.0,0.0,0.0,0.015873015873015817,-0.01538461538461533,0.032258064516129004,0.023714262118225242,0.01688182720953324,-0.03487276154571162,-0.03668861712135463,0.11769296583129174,,,,
1973-01,,,,,,,,0.10526315789473695,0.10526315789473695,0.10526315789473695,0.060773712546276365,0.10526315789473673,0.10526315789473673,0.10526315789473673,0.06077371254627632,0.015625,0.0,-0.015151515151515138,0.026857603927559863,0.0927734375,0.21895424836601318,0.08115942028985512,0.045070082698784174,,,,
1973-02,,,,,,,,0.0,0.10526315789473695,0.10526315789473695,0.060773712546276365,0.0,0.10526315789473673,0.10526315789473673,0.06077371254627632,0.1384615384615384,0.17460317460317465,0.10447761194029859,0.07084822105920396,0.11170688114387839,0.23535253227408148,0.18815663801337146,0.050182670737927544,,,,
1973-03,,,,,,,,0.0,0.10526315789473695,0.10526315789473695,0.060773712546276365,0.0,0.10526315789473673,0.10526315789473673,0.06077371254627632,0.1351351351351351,0.3125,0.2923076923076924,0.06997922613214244,0.2138263665594855,0.474609375,0.4231856738925541,0.06511614779715451,,,,
1973-04,,,,,,,,0.1428571428571428,0.1428571428571428,0.26315789473684204,0.08247860988423215,0.0,0.0,0.10526315789473673,0.0,0.08333333333333326,0.3999999999999999,0.3999999999999999,0.03091280918341276,0.051655629139072845,0.419124218051832,0.7298474945533768,0.08198972521437627,,,,
1973-05,,,,,,,,0.0,0.1428571428571428,0.26315789473684204,0.08247860988423215,0.0,0.0,0.10526315789473673,0.0,0.1208791208791209,0.3783783783783783,0.6190476190476191,0.02675925626399913,-0.02267002518891692,0.247588424437299,0.5412115193644489,0.12093675638998132,,,,
1973-06,,,,,,,,0.0,0.1428571428571428,0.26315789473684204,0.08247860988423215,0.0,0.0,0.10526315789473673,0.0,0.17647058823529416,0.4285714285714286,0.875,0.046859089577012236,0.12693298969072164,0.15827814569536414,0.7080078125,0.07480201196490209,,,,
1973-07,,,,,,,,0.12500000000000022,0.12500000000000022,0.2857142857142858,0.07216878364870327,0.0,0.0,0.0,0.0,0.0,0.31868131868131866,0.8461538461538463,0.09022568150609184,0.1555174385363065,0.2726700251889169,0.8060768543342269,0.0956982279579156,,,,
1973-08,,,,,,,,0.0,0.12500000000000022,0.2857142857142858,0.07216878364870327,0.0,0.0,0.0,0.0,-0.10833333333333328,0.0490196078431373,0.44594594594594605,0.1437539874021417,0.05047006432459189,0.36791237113402064,0.7065916398713827,0.054311755173455545,,,,
1973-09,,,,,,,,0.0,0.12500000000000022,0.2857142857142858,0.07216878364870327,0.0,0.0,0.0,0.0,-0.03738317757009346,-0.14166666666666672,0.22619047619047628,0.055026565825329936,-0.08808290155440412,0.10691823899371067,0.28211920529801326,0.12218360560713,,,,
1973-10,,,,,,,,0.5185185185185184,0.5185185185185184,0.7083333333333333,0.29936680624647255,0.0,0.0,0.0,0.0,-0.029126213592232997,-0.16666666666666663,0.098901098901099,0.043542833077788,0.06663223140495877,0.021771400296882737,0.30037783375314864,0.08504402033185839,,,,
1973-11,,,,,,,,0.0,0.5185185185185184,0.7083333333333333,0.29936680624647255,0.0,0.0,0.0,0.0,-0.050000000000000044,-0.11214953271028039,-0.06862745098039214,0.010512505420977905,0.10072639225181601,0.07065473386716903,0.464561855670103,0.10062151327134129,,,,
1973-12,,,,,,,,0.0,0.5185185185185184,0.7083333333333333,0.29936680624647255,0.0,0.0,0.0,0.0,0.12631578947368416,0.03883495145631066,-0.10833333333333328,0.09633724521515566,-0.012758468983721905,0.15909090909090917,0.28301886792452824,0.05822958704087633,,,,
1974-01,,,,,,,,2.1707317073170733,2.1707317073170733,3.814814814814815,1.2532725355579681,0.38095238095238093,0.38095238095238093,0.38095238095238093,0.219942959691286,0.20560747663551404,0.29000000000000004,0.07499999999999996,0.13083680125935065,-0.09447415329768272,-0.015980629539951607,0.00544285007422074,0.0980301992375905,,,,
1974-02,,,,,,,,0.0,2.1707317073170733,3.814814814814815,1.2532725355579681,0.0,0.38095238095238093,0.38095238095238093,0.219942959691286,0.16279069767441867,0.5789473684210527,0.4018691588785046,0.03968809045088297,0.1279527559055118,0.008358996920369455,0.07960433349034379,0.11250987498171998,,,,
1974-03,,,,,,,,0.0,2.1707317073170733,3.814814814814815,1.2532725355579681,0.0,0.38095238095238093,0.38095238095238093,0.219942959691286,0.1200000000000001,0.5700934579439252,0.6310679611650485,0.04280373897992023,0.19677137870855144,0.22237076648841358,0.41683884297520657,0.15222444651226227,,,,
1974-04,,,,,,,,-0.18461538461538463,-0.18461538461538463,1.5853658536585367,0.10658774200423861,0.0,0.0,0.38095238095238093,0.0,0.023809523809523725,0.33333333333333326,0.72,0.0711798405520344,0.10535909588042291,0.4921259842519685,0.4682808716707021,0.047614216661424076,,,,
1974-05,,,,,,,,0.0,-0.18461538461538463,1.5853658536585367,0.10658774200423861,0.0,0.0,0.38095238095238093,0.0,-0.05232558139534882,0.08666666666666667,0.7157894736842105,0.08635707648821898,-0.05145118733509235,0.2547993019197208,0.26528816542014955,0.12553891340089937,,,,
1974-06,,,,,,,,0.0,-0.18461538461538463,1.5853658536585367,0.10658774200423861,0.0,0.0,0.38095238095238093,0.0,-0.05521472392638038,-0.08333333333333337,0.43925233644859807,0.04481393592650085,-0.15159944367176637,-0.1104629967189209,0.08734402852049916,0.12951629834258976,,,,
1974-07,,,,,,,,-0.05660377358490565,-0.05660377358490565,-0.23076923076923073,0.0326802039163939,0.0,0.0,0.0,0.0,-0.0714285714285714,-0.16860465116279066,0.10852713178294571,0.010296926916951875,-0.21352459016393444,-0.3670844327176781,-0.05561023622047245,0.08178445748823827,,,,
1974-08,,,,,,,,0.0,-0.05660377358490565,-0.23076923076923073,0.0326802039163939,0.0,0.0,0.0,0.0,0.08391608391608396,-0.049079754601227044,0.03333333333333344,0.08539343503832791,-0.06044815007816573,-0.3730876216968011,-0.21335078534031415,0.07700181664653023,,,,
1974-09,,,,,,,,0.0,-0.05660377358490565,-0.23076923076923073,0.0326802039163939,0.0,0.0,0.0,0.0,-0.01935483870967747,-0.012987012987012991,-0.09523809523809523,0.07906592085448334,-0.18968386023294515,-0.4012295081967213,-0.46737149106817355,0.08236367088729556,,,,
1974-10,,,,,,,,0.030000000000000027,0.030000000000000027,-0.028301886792452713,0.017320508075688787,0.0,0.0,0.0,0.0,0.046052631578947345,0.11188811188811187,-0.07558139534883723,0.052244077259883316,-0.04243668720054761,-0.2709744658676394,-0.5385883905013192,0.08032020453600575,,,,
1974-11,,,,,,,,0.0,0.030000000000000027,-0.028301886792452713,0.017320508075688787,0.0,0.0,0.0,0.0,0.14465408805031443,0.17419354838709666,0.1165644171779141,0.08256241320439205,0.012866333095068017,-0.21408763172490297,-0.5073018080667594,0.1046953794245203,,,,
1974-12,,,,,,,,0.0,0.030000000000000027,-0.028301886792452713,0.017320508075688787,0.0,0.0,0.0,0.0,0.01098901098901095,0.21052631578947367,0.19480519480519476,0.06930374873573351,-0.0903316866619619,-0.11772758384668036,-0.47172131147540985,0.051643305969890724,,,,
1975-01,,,,,,,,0.009708737864077666,0.009708737864077666,0.040000000000000036,0.0056053424193167525,0.48275862068965525,0.48275862068965525,0.48275862068965525,0.2787208196087849,-0.04347826086956519,0.10691823899371067,0.23076923076923084,0.09680462905566686,-0.06051202482544604,-0.1343817012151537,-0.3689421573736321,0.05310904964461892,,,,
1975-02,,,,,,,,0.0,0.009708737864077666,0.040000000000000036,0.0056053424193167525,0.0,0.48275862068965525,0.48275862068965525,0.2787208196087849,0.022727272727272707,-0.01098901098901095,0.16129032258064524,0.03532620172807054,0.046242774566473965,-0.1058574453069866,-0.2972823072656683,0.07180805767819606,,,,
1975-03,,,,,,,,0.0,0.009708737864077666,0.040000000000000036,0.0056053424193167525,0.0,0.48275862068965525,0.48275862068965525,0.2787208196087849,-0.011111111111111072,-0.03260869565217395,0.17105263157894735,0.03310549119386393,0.06077348066298338,0.0426687354538402,-0.08008213552361398,0.066229276575716,,,,
1975-04,,,,,,,,0.0,0.0,0.009708737864077666,0.0,0.0,0.0,0.48275862068965525,0.0,-0.0449438202247191,-0.03409090909090906,0.0691823899371069,0.03383554651565155,-0.011160714285714302,0.09744013212221314,-0.05003573981415299,0.03803689076625423,,,,
1975-05,,,,,,,,0.0,0.0,0.009708737864077666,0.0,0.0,0.0,0.48275862068965525,0.0,-0.01764705882352946,-0.07222222222222219,-0.08241758241758246,0.01794660599973782,-0.05643340857787815,-0.010260457774269982,-0.11503175723359205,0.05910668340228624,,,,
1975-06,,,,,,,,0.0,0.0,0.009708737864077666,0.0,0.0,0.0,0.48275862068965525,0.0,-0.017964071856287456,-0.0786516853932584,-0.10869565217391308,0.01566908049993308,-0.04864433811802238,-0.11235119047619047,-0.07447633824670286,0.024205056368116987,,,,
1975-07,,,,,,,,0.0,0.0,0.0,0.0,0.0,0.0,0.0,0.0,0.0060975609756097615,-0.02941176470588236,-0.0625,0.013801386652589417,0.0243084660519699,-0.08051166290443945,0.009083402146985886,0.04453843204401486,,,,
1975-08,,,,,,,,0.0,0.0,0.0,0.0,0.0,0.0,0.0,0.0,-0.012121212121212088,-0.0239520958083832,-0.09444444444444444,0.01255006558797119,0.045008183306055605,0.018341307814992103,0.007892659826361559,0.04919584111784209,,,,
1975-09,,,,,,,,0.0,0.0,0.0,0.0,0.0,0.0,0.0,0.0,-0.1165644171779141,-0.12195121951219512,-0.1910112359550562,0.06618945996179622,-0.0524667188723571,0.014249790444258226,-0.09970238095238093,0.051355401970410865,,,,
1975-10,,,,,,,,0.009615384615384581,0.009615384615384581,0.009615384615384581,0.005551444896054075,0.0,0.0,0.0,0.0,-0.00694444444444442,-0.1333333333333333,-0.1588235294117647,0.06184890248040268,-0.025619834710743805,-0.03518821603927991,-0.1128668171557562,0.050349493001187205,,,,
1975-11,,,,,,,,0.0,0.009615384615384581,0.009615384615384581,0.005551444896054075,0.0,0.0,0.0,0.0,-0.006993006993006978,-0.1288343558282209,-0.14970059880239517,0.06327510662485014,0.0008481764206955678,-0.07595927956147219,-0.05901116427432218,0.02665767201185645,,,,
1975-12,,,,,,,,0.0,0.009615384615384581,0.009615384615384581,0.005551444896054075,0.0,0.0,0.0,0.0,-0.021126760563380254,-0.03472222222222221,-0.15243902439024393,0.008174181292404633,-0.02457627118644068,-0.04876033057851237,-0.035205364626990754,0.014989147041617107,,,,
1976-01,,,,,,,,0.09523809523809534,0.09523809523809534,0.10576923076923084,0.05498573992282157,0.2558139534883721,0.2558139534883721,0.2558139534883721,0.14769425490897403,-0.05755395683453235,-0.08391608391608396,-0.20606060606060606,0.0260867567520454,0.036490008688097264,0.01187446988973706,-0.023731587561374834,0.0306752703906069,,,,
1976-02,,,,,,,,0.0,0.09523809523809534,0.10576923076923084,0.05498573992282157,0.0,0.2558139534883721,0.2558139534883721,0.14769425490897403,0.0,-0.07746478873239437,-0.19631901840490795,0.029113967402235666,0.021793797150041927,0.03305084745762721,-0.045418950665622515,0.03187280033930915,,,,
1976-03,,,,,,,,0.0,0.09523809523809534,0.10576923076923084,0.05498573992282157,0.0,0.2558139534883721,0.2558139534883721,0.14769425490897403,0.01526717557251911,-0.043165467625899234,-0.07638888888888884,0.03840239125002212,0.0902378999179656,0.15464813205907912,0.09834710743801645,0.03603102748311794,,,,
1976-04,,,,,,,,0.0,0.0,0.09523809523809534,0.0,0.0185185185185186,0.0185185185185186,0.2790697674418605,0.010691671651659938,-0.03759398496240607,-0.022900763358778664,-0.1048951048951049,0.02720507504251999,0.13619262603461246,0.26571668063704945,0.28074639525021206,0.05756666296032144,,,,
1976-05,,,,,,,,0.0,0.0,0.09523809523809534,0.0,0.0,0.0185185185185186,0.2790697674418605,0.010691671651659938,-0.0078125,-0.03053435114503822,-0.10563380281690138,0.026501291050933976,0.0013245033112583293,0.24036095159967186,0.28135593220338984,0.06856485916697105,,,,
1976-06,,,,,,,,0.0,0.0,0.09523809523809534,0.0,0.05454545454545445,0.07407407407407396,0.34883720930232553,0.02773710589078554,-0.007874015748031482,-0.052631578947368474,-0.09352517985611508,0.01717661783188919,0.025132275132275117,0.16629044394281411,0.34665508253692434,0.07198451461779087,,,,
1976-07,,,,,,,,0.008695652173912993,0.008695652173912993,0.008695652173912993,0.00502043712338806,0.0,0.05454545454545445,0.07407407407407396,0.03149183286488867,-0.06349206349206349,-0.078125,-0.0992366412213741,0.0321288676263559,0.06258064516129025,0.090728476821192,0.3805532271584242,0.030880159032575506,,,,
1976-08,,,,,,,,0.0,0.008695652173912993,0.008695652173912993,0.00502043712338806,0.034482758620689724,0.09090909090909083,0.11111111111111094,0.02758858163997253,-0.06779661016949157,-0.13385826771653542,-0.16030534351145043,0.03342308004746215,-0.06557377049180324,0.017857142857142794,0.26251025430680897,0.06589577804125404,,,,
1976-09,,,,,,,,0.0,0.008695652173912993,0.008695652173912993,0.00502043712338806,0.0,0.034482758620689724,0.11111111111111094,0.019908629972056183,0.036363636363636376,-0.09523809523809523,-0.1428571428571429,0.05893364471110958,-0.05198180636777128,-0.058709677419354844,0.09781790820165548,0.07039513600678604,,,,
1976-10,,,,,,,,0.02586206896551735,0.02586206896551735,0.034782608695652195,0.01493147247904212,0.03333333333333344,0.06896551724137945,0.1272727272727272,0.01958525351591132,0.01754385964912286,-0.016949152542372836,-0.09375,0.05550756216091638,-0.1192597669636738,-0.21979356405585915,-0.14900662251655628,0.035574456397511015,,,,
1976-11,,,,,,,,0.0,0.02586206896551735,0.034782608695652195,0.01493147247904212,0.016129032258064502,0.050000000000000044,0.14545454545454528,0.01666955692363238,0.1206896551724137,0.18181818181818188,0.023622047244094446,0.05493043567072651,-0.0046692607003890885,-0.16894087069525665,-0.15410052910052907,0.057584409182156,,,,
1976-12,,,,,,,,0.0,0.02586206896551735,0.034782608695652195,0.01493147247904212,0.015873015873015817,0.06666666666666665,0.10344827586206917,0.010007632134967482,0.03076923076923066,0.17543859649122817,0.06349206349206349,0.05612433860077353,0.006254886630179923,-0.11788896504455104,-0.1696774193548387,0.06952727209203713,,,,
1977-01,,,,,,,,0.050420168067226934,0.050420168067226934,0.07758620689655182,0.029110097606199644,0.046875,0.08064516129032273,0.15517241379310365,0.017825557946327827,-0.014925373134328401,0.13793103448275867,0.11864406779661008,0.06899893169872291,0.08469308469308467,0.08638132295719836,-0.15239829993928355,0.048746823288767616,,,,
1977-02,,,,,,,,0.0,0.050420168067226934,0.07758620689655182,0.029110097606199644,0.05970149253731338,0.12698412698412698,0.18333333333333335,0.022533594539902807,0.030303030303030276,0.04615384615384621,0.23636363636363633,0.026248246437525182,0.02148997134670494,0.11493354182955429,-0.07342430149447698,0.041591850680853665,,,,
1977-03,,,,,,,,0.0,0.050420168067226934,0.07758620689655182,0.029110097606199644,0.05633802816901423,0.171875,0.25,0.006650572725890385,0.08823529411764697,0.10447761194029859,0.29824561403508776,0.05171053879699252,0.06241234221598879,0.17715617715617715,0.03838245373543514,0.03205647479987283,,,,
1977-04,,,,,,,,-0.008000000000000007,-0.008000000000000007,0.04201680672268915,0.004618802153517077,0.026666666666666616,0.14925373134328357,0.24193548387096775,0.01817966953432588,0.006756756756756799,0.1287878787878789,0.2844827586206897,0.04193114641701771,-0.05676567656765674,0.023638968481375366,0.11206225680933857,0.0605557415792188,,,,
1977-05,,,,,,,,0.0,-0.008000000000000007,0.04201680672268915,0.0046188021535170775,0.0,0.08450704225352124,0.22222222222222232,0.028182365119836794,-0.01342281879194629,0.0808823529411764,0.13076923076923075,0.05382121521007524,-0.04058782365290414,-0.03856942496493687,0.07193119624706812,0.06464538815098082,,,,
1977-06,,,,,,,,0.0,-0.008000000000000007,0.04201680672268915,0.0046188021535170775,0.06493506493506485,0.09333333333333327,0.28125,0.03263981228311257,-0.04081632653061229,-0.04729729729729726,0.052238805970149294,0.023877527053072094,-0.04303428154631661,-0.13399339933993404,0.019425019425019396,0.008720276088783943,,,,
1977-07,,,,,,,,0.016129032258064502,0.016129032258064502,0.008000000000000007,0.009312101115961719,0.012195121951219523,0.07792207792207795,0.23880597014925353,0.03451276392743579,0.014184397163120588,-0.04026845637583898,0.08333333333333326,0.02750043104465945,-0.04878048780487809,-0.12666200139958017,-0.10601719197707737,0.004205626954791647,,,,
1977-08,,,,,,,,0.0,0.016129032258064502,0.008000000000000007,0.009312101115961719,-0.012048192771084376,0.06493506493506485,0.15492957746478875,0.03936085589710361,0.013986013986013957,-0.013605442176870763,0.06617647058823528,0.03169756954094844,-0.07051282051282048,-0.15390226112326766,-0.1865357643758766,0.014493580619411634,,,,
1977-09,,,,,,,,0.0,0.016129032258064502,0.008000000000000007,0.009312101115961719,0.012195121951219523,0.012195121951219523,0.10666666666666669,0.013996884280971114,0.034482758620689724,0.06382978723404253,0.013513513513513598,0.011776950470914259,0.030172413793103425,-0.08917682926829273,-0.21122112211221122,0.052983285670904545,,,,
1977-10,,,,,,,,0.007936507936507908,0.007936507936507908,0.024193548387096753,0.004582144993568494,0.012048192771084265,0.012048192771084265,0.09090909090909083,0.013954662859330747,0.06000000000000005,0.11188811188811187,0.06711409395973145,0.02305259586657004,0.012552301255230214,-0.03044871794871795,-0.15325402379286213,0.05377080872776486,,,,
1977-11,,,,,,,,0.0,0.007936507936507908,0.024193548387096753,0.004582144993568494,-0.011904761904761862,0.012195121951219523,0.07792207792207795,0.013871854164451905,0.018867924528301883,0.11724137931034484,0.1020408163265305,0.020763751603665243,-0.023140495867768562,0.018965517241379404,-0.137855579868709,0.027162199434812635,,,,
1977-12,,,,,,,,0.0,0.007936507936507908,0.024193548387096753,0.004582144993568494,0.012048192771084265,0.012048192771084265,0.024390243902439046,0.01382924482998681,-0.012345679012345734,0.06666666666666665,0.13475177304964547,0.0362859797312947,0.06683587140439928,0.05523012552301254,-0.038871951219512146,0.045307152529704416,,,,
1978-01,,,,,,,,0.0,0.0,0.007936507936507908,0.0,0.03571428571428581,0.03571428571428581,0.048192771084337505,0.023809667815982316,0.08125000000000004,0.08805031446540879,0.2097902097902098,0.04765494643079465,0.0,0.04214876033057857,0.01041666666666674,0.04672305448578126,,,,
1978-02,,,,,,,,0.0,0.0,0.007936507936507908,0.0,0.011494252873563315,0.06024096385542177,0.07317073170731714,0.013826308228711521,0.028901734104046284,0.09876543209876543,0.22758620689655173,0.046907428624348074,-0.03489294210943694,0.029610829103214886,0.04913793103448283,0.05169349187659061,,,,
1978-03,,,,,,,,0.0,0.0,0.007936507936507908,0.0,0.011363636363636465,0.059523809523809534,0.07228915662650603,0.014021300315809046,0.03370786516853941,0.1499999999999999,0.22666666666666657,0.02893583252202291,0.030402629416598215,-0.0055511498810467685,0.0493723849372385,0.03267350849798437,,,,
1978-04,,,,,,,,0.0,0.0,0.0,0.0,-0.011235955056179803,0.011494252873563315,0.04761904761904767,0.013085748899373187,-0.048913043478260865,0.011560693641618602,0.10062893081761004,0.046376094868685554,0.02472089314194581,0.019032513877874635,0.06198347107438007,0.03616997636480965,,,,
1978-05,,,,,,,,0.0,0.0,0.0,0.0,0.03409090909090917,0.03409090909090917,0.09638554216867479,0.022663462045662646,0.005714285714285783,-0.011235955056179803,0.08641975308641969,0.04201983684522384,0.014007782101167265,0.07066557107641747,0.10236886632825715,0.008325101538551056,,,,
1978-06,,,,,,,,0.0,0.0,0.0,0.0,0.0,0.022471910112359605,0.08333333333333348,0.023604241787151335,0.045454545454545414,0.0,0.1499999999999999,0.04737910084261003,0.023023791250959436,0.06299840510366828,0.05709754163362413,0.005758172800313777,,,,
1978-07,,,,,,,,0.007874015748031704,0.007874015748031704,0.007874015748031704,0.0045460651117295095,-0.02197802197802201,0.011363636363636465,0.02298850574712641,0.02825169187831539,0.02717391304347827,0.08000000000000007,0.09248554913294793,0.019891310375302448,0.0030007501875468634,0.04046692607003899,0.060269627279936566,0.010028005334759237,,,,
1978-08,,,,,,,,0.0,0.007874015748031704,0.007874015748031704,0.0045460651117295095,0.022471910112359605,0.0,0.03409090909090917,0.022225423344314314,0.08994708994709,0.17045454545454541,0.1573033707865168,0.03228580641536298,0.06656694091249071,0.09439754412893331,0.17173377156943292,0.03250022733036808,,,,
1978-09,,,,,,,,0.0,0.007874015748031704,0.007874015748031704,0.0045460651117295095,0.01098901098901095,0.01098901098901095,0.03370786516853941,0.0230740788829009,0.029126213592232997,0.15217391304347827,0.15217391304347827,0.035691881001561156,0.011220196353436185,0.0817704426106527,0.14992025518341312,0.03457234451561727,,,,
1978-10,,,,,,,,0.0078125,0.0078125,0.015748031496063186,0.004510548978044005,0.0,0.03370786516853941,0.045454545454545414,0.01123685957679454,0.070754716981132,0.20105820105820116,0.29714285714285715,0.031092492328097535,0.04438280166435504,0.12640239341810022,0.17198443579766542,0.027854253291235337,,,,
1978-11,,,,,,,,0.02325581395348819,0.031249999999999778,0.03937007874015741,0.011834722815760274,0.010869565217391353,0.0219780219780219,0.0219780219780219,0.006310310053450975,-0.09251101321585908,0.0,0.17045454545454541,0.08483734034091306,-0.016600265604249653,0.03856942496493687,0.13660782808902527,0.030530506568660278,,,,
1978-12,,,,,,,,0.09848484848484862,0.1328125,0.1417322834645669,0.04851009922711017,0.032258064516129004,0.04347826086956519,0.05494505494505497,0.016412383924920764,0.009708737864077666,-0.018867924528301883,0.13043478260869557,0.08249362372729255,0.035111411208642807,0.06310679611650483,0.15003750937734428,0.032860793998498526,,,,
1979-01,,,,,,,,0.31034482758620685,0.4728682170542635,0.484375,0.1488646813552249,0.0625,0.10869565217391308,0.146067415730337,0.025941422345687262,0.09134615384615374,0.0,0.20105820105820116,0.09212039502660241,0.08219178082191791,0.10159362549800788,0.24083769633507845,0.04941411262448843,,,,
1979-02,,,,,,,,0.1578947368421053,0.6666666666666667,0.71875,0.10928191047876619,0.02941176470588247,0.12903225806451601,0.15384615384615397,0.018337154447093298,0.08370044052863435,0.1941747572815533,0.1941747572815533,0.04508861032005828,0.17179023508137425,0.3126266036461851,0.36325385694249657,0.06943287538315905,0.031339031339031376,,,
1979-03,,,,,,,,0.05909090909090908,0.606896551724138,0.8203125,0.12657787991681546,0.04761904761904767,0.14583333333333348,0.19565217391304346,0.016571960303089786,-0.016260162601625994,0.16346153846153855,0.14150943396226423,0.060041233678418626,0.05452674897119336,0.3372472276581866,0.4216366158113731,0.06129703930818929,-0.005524861878453136,,,
1979-04,,,,,,,,0.012875536480686733,0.24210526315789482,0.8294573643410854,0.07408174034723958,0.009090909090909038,0.08823529411764719,0.2065217391304348,0.0192737290218581,-0.012396694214875992,0.052863436123347984,0.052863436123347984,0.056629950662249996,0.024390243902439046,0.26582278481012667,0.3944223107569722,0.07787349946336253,-0.012500000000000067,0.012820512820512775,,0.023556527204822795
1979-05,,,,,,,,0.3898305084745761,0.49090909090909074,1.4848484848484849,0.20559652809036932,0.03603603603603589,0.09523809523809512,0.23655913978494603,0.019767917955889374,0.07949790794979084,0.04878048780487809,0.2524271844660195,0.054205092581644534,-0.08285714285714285,-0.0092592592592593,0.30047265361242403,0.07220866134384252,-0.005625879043600457,-0.023480662983425438,,0.0039982557698227126
1979-06,,,,,,,,0.11280487804878048,0.5665236051502145,1.5172413793103448,0.19528787474305556,0.01739130434782621,0.06363636363636349,0.21875,0.013799531678257556,0.08139534883720922,0.15289256198347112,0.34134615384615374,0.05361151233458452,-0.024922118380062308,-0.08390243902439021,0.2250489236790607,0.05368143394414861,0.159123055162659,0.1381944444444445,,0.0971630398903365
1979-07,,,,,,,,-0.04109589041095896,0.48305084745762694,0.8421052631578947,0.21837513888633747,0.025641025641025772,0.08108108108108092,0.17647058823529416,0.009342913198900946,0.057347670250896154,0.2343096234309623,0.2995594713656389,0.013369892529045831,-0.0340788072417465,-0.1361904761904762,0.09342977697408084,0.03114385449672176,0.02684563758389258,0.18354430379746844,0.19871794871794868,0.08726771636320742
1979-08,,,,,,,,0.022857142857142687,0.09146341463414642,0.6272727272727272,0.07731540603570342,0.03333333333333344,0.07826086956521738,0.18095238095238098,0.007972638492822134,0.02033898305084736,0.16666666666666674,0.22357723577235777,0.030756607898953212,0.08930540242557883,0.025960539979231534,0.016460905349794164,0.06874522365898524,-0.0326797385620915,0.15134370579915135,0.12430939226519344,0.09817407777959807
1979-09,,,,,,,,0.019553072625698498,0.0,0.5665236051502145,0.036007416045649374,0.0,0.05982905982905984,0.1272727272727272,0.01745348534757463,0.1794019933554818,0.2724014336917562,0.4669421487603307,0.08323455008184391,0.06072874493927127,0.11608093716719914,0.022439024390243922,0.0645868414086501,0.013513513513513375,0.006711409395973034,0.14583333333333326,0.031237884250989337
1979-10,,,,,,,,0.0547945205479452,0.10000000000000009,0.6313559322033897,0.019463095957544786,0.032258064516129004,0.06666666666666665,0.15315315315315314,0.01894223693437116,0.10422535211267614,0.3288135593220338,0.6401673640167365,0.07957123805129915,-0.009541984732824416,0.14443219404630647,-0.011428571428571455,0.050868141224447216,-0.01151515151515159,-0.030897207367795665,0.14697609001406464,0.023123546279730345
1979-11,,,,,,,,0.09090909090909083,0.17318435754189943,0.2804878048780488,0.035678899434834634,0.0078125,0.040322580645161255,0.1217391304347828,0.01682856454112565,0.0,0.30232558139534893,0.5193798449612403,0.09009210715658464,0.00674373795761074,0.05769230769230771,0.08515057113187963,0.03678219947884326,0.02268546903740054,0.024570024570024662,0.17963224893917973,0.01770235995297863
1979-12,,,,,,,,-0.0357142857142857,0.1095890410958904,0.1095890410958904,0.06522983176288989,0.015503875968992276,0.056451612903225756,0.11965811965811968,0.012499638145973432,0.1607142857142858,0.2816901408450705,0.6308243727598566,0.08153016341116898,0.0593301435406699,0.05629770992366412,0.17891373801916943,0.03599519613461512,0.03776978417266186,0.049090909090909074,0.056131787675411715,0.02525280147835559
1980-01,,,,,,,,-0.012345679012345734,0.03896103896103886,0.1428571428571428,0.06738090579957114,0.04580152671755733,0.0703125,0.14166666666666683,0.020084285134260728,0.4835164835164836,0.721938775510204,1.288135593220339,0.24624463796894078,0.17479674796747968,0.25289017341040454,0.4338478500551268,0.08596479993130966,-0.019641825534373214,0.040465971796443956,0.00831847890671411,0.029763594535434562
1980-02,,,,,,,,-0.03749999999999998,-0.08333333333333337,0.07541899441340782,0.014035790080183998,0.03649635036496335,0.10077519379844957,0.14516129032258052,0.015519975993862515,-0.014814814814814836,0.6964285714285714,1.2093023255813953,0.2527666271929643,0.12187620146097644,0.39617224880382773,0.47672064777327927,0.057800130250393655,0.004714201532115547,0.022182254196642548,0.04729729729729715,0.028815448771224668
1980-03,,,,,,,,-0.0051948051948053076,-0.05432098765432103,0.049315068493150704,0.016968109657559367,0.028169014084507005,0.11450381679389299,0.17741935483870974,0.008820774136806899,-0.1669172932330827,0.21758241758241748,0.5605633802816901,0.3402286840676042,-0.20973269362577107,0.04155374887082197,0.10019083969465647,0.2084178235321289,-0.0475073313782991,-0.061813980358174425,-0.015757575757575748,0.026130413218811138
1980-04,,,,,,,,-0.0026109660574411553,-0.04499999999999993,-0.007792207792207684,0.019440278313912356,0.03424657534246589,0.10218978102189769,0.1796875,0.004307798510142459,-0.06678700361010825,-0.2340740740740741,0.31887755102040827,0.07731143430861752,-0.1023417172593235,-0.20415224913494812,-0.0028901734104046506,0.16919956470632314,-0.04064039408866993,-0.08190925162050666,-0.04475781729000605,0.028376289019702673
1980-05,,,,,,,,0.00785340314136107,0.0,-0.08333333333333337,0.0069093534212746124,0.0331125827814569,0.09859154929577474,0.20930232558139528,0.0032316549277973867,-0.005802707930367523,-0.2270676691729323,0.31122448979591844,0.0813460394618783,-0.01594202898550723,-0.3019191226867718,-0.025358851674641136,0.097084627722816,0.0025673940949935137,-0.08387096774193559,-0.06354916067146299,0.027146350026874835
1980-06,,,,,,,,-0.012987012987012991,-0.007832898172323688,-0.06172839506172845,0.010420239256827462,0.0064102564102563875,0.07534246575342474,0.1984732824427482,0.0157541572527076,0.16926070038910512,0.08483754512635389,0.32087912087912085,0.12253217252031189,-0.015218458517427536,-0.1300954032957502,-0.09394760614272812,0.05009306655589873,-0.06402048655569781,-0.09975369458128092,-0.1554015020219527,0.03378236111010648
1980-07,,,,,,,,-0.015789473684210575,-0.020942408376963484,-0.06500000000000006,0.01291744527729935,0.04458598726114649,0.08609271523178808,0.1970802919708028,0.019587579695597452,0.06988352745424287,0.2437137330754353,-0.047407407407407454,0.0877984677729351,0.0847457627118644,0.051207729468599084,-0.1633986928104575,0.05792437667208051,0.0978112175102599,0.030166880616174563,-0.05421331761932813,0.08133760117477531
1980-08,,,,,,,,-0.10160427807486627,-0.1272727272727272,-0.1272727272727272,0.05037369371377707,0.0,0.0512820512820511,0.15492957746478875,0.02410528321515145,-0.02488335925349927,0.2198443579766538,-0.05714285714285716,0.0970811526604717,-0.04319852941176472,0.022091310751104487,-0.2864976010966416,0.06726251033605506,0.029906542056074903,0.058258642765685265,-0.030498533724340082,0.08126380097483614
1980-09,,,,,,,,-0.005952380952381042,-0.12105263157894741,-0.12793733681462138,0.052615324873322246,0.030487804878048808,0.07643312101910826,0.15753424657534243,0.022789527027563178,0.07496012759170645,0.12146422628951736,0.21660649819494582,0.056236489563631566,-0.01056676272814605,0.026919242273180544,-0.10667823070251514,0.06648189175715857,0.06231094978826368,0.20109439124487016,0.08128078817733986,0.03396409770464869
1980-10,,,,,,,,0.13473053892215558,0.013368983957219305,-0.007853403141361404,0.11888027246812335,0.01183431952662728,0.04268292682926833,0.13245033112582782,0.01537047971869024,-0.01928783382789323,0.027993779160186527,0.27852998065764023,0.056099183003480345,-0.009708737864077666,-0.0625,-0.01449275362318836,0.019092470337234005,0.06492027334851946,0.16510903426791268,0.20025673940949917,0.0195056213646885
1980-11,,,,,,,,0.07651715039577822,0.2142857142857142,0.05974025974025965,0.07068911532069276,0.029239766081871288,0.07317073170731714,0.1282051282051282,0.010428004653974912,-0.0544629349470499,-0.0031897926634768536,0.215953307392996,0.06692071812650677,-0.014705882352941124,-0.03458213256484155,-0.013254786450662692,0.0026720769380844532,0.033689839572192515,0.1693889897156684,0.23751600512163917,0.01732684099550051
1980-12,,,,,,,,-0.014705882352941013,0.20359281437125754,0.05789473684210544,0.07532339644393912,-0.011363636363636354,0.029585798816567976,0.10828025477707004,0.02037044843814176,-0.1392,-0.20178041543026703,-0.10482529118136441,0.06163952402019592,-0.06517412935323386,-0.0878640776699029,-0.06331006979062814,0.03068231048821246,-0.08380755302638399,0.008542141230068356,0.21135430916552678,0.07842293839551982
1981-01,,,,,,,,0.0024875621890545485,0.0633245382585752,0.07754010695187152,0.04847273489490344,0.01724137931034475,0.03508771929824572,0.0792682926829269,0.020860027552633317,0.03531598513011147,-0.15733736762481088,-0.13374805598755835,0.08727013019922933,-0.0053219797764768595,-0.08382352941176474,-0.14108455882352944,0.032190530159778255,0.0022586109542630517,-0.050802139037433136,0.10591900311526481,0.060828918536937386
1981-02,,,,,,,,-0.03970223325062017,-0.051470588235293935,0.1517857142857144,0.021214817670125546,0.02259887005649719,0.02840909090909083,0.10365853658536595,0.018259250948224618,-0.10233393177737882,-0.19999999999999996,-0.20255183413078148,0.09198046502452514,-0.03638309256286787,-0.10398009950248754,-0.1349663784822286,0.029933248893584143,-0.006197183098591519,-0.08742886704604247,0.06715063520871145,0.04743812558785866
1981-03,,,,,,,,-0.010335917312661591,-0.047263681592039974,0.1467065868263473,0.02162868842355903,0.027624309392265234,0.06896551724137945,0.10059171597633143,0.005192349896701566,-0.0020000000000000018,-0.07249070631970256,-0.2596439169139466,0.0711885761396887,0.00943920044419766,-0.03246407663650874,-0.1174757281553398,0.023389341252877907,-0.048185941043083935,-0.051948051948051854,-0.043849658314350726,0.027016072601936142
1981-04,,,,,,,,-0.028720626631853596,-0.07692307692307676,-0.01846965699208436,0.01483786671800881,0.037634408602150504,0.09039548022598876,0.1286549707602338,0.007654242244958791,-0.006012024048096198,-0.10951526032315984,-0.24962178517397882,0.05680508209582246,0.0016501650165017256,-0.025682182985553803,-0.10735294117647054,0.02451829348132363,0.025014889815366148,-0.030422535211267587,-0.07967914438502677,0.03673239017469187
1981-05,,,,,,,,-0.053763440860215006,-0.09043927648578809,-0.13725490196078416,0.02179866159003249,0.010362694300518172,0.07734806629834257,0.10795454545454541,0.013795602214215762,-0.032258064516129004,-0.040000000000000036,-0.23199999999999998,0.016434219611704947,-0.043382756727073035,-0.03275957801221541,-0.1333333333333333,0.02851547028386621,-0.16966879721092387,-0.1899092970521542,-0.2607346094154165,0.09833461917962728
1981-06,,,,,,,,-0.05397727272727293,-0.13054830287206265,-0.17164179104477628,0.01452059709821806,0.0,0.048387096774193505,0.1206896551724137,0.019439995477320678,-0.039583333333333304,-0.0761523046092184,-0.1431226765799256,0.017651945174300705,-0.024110218140068862,-0.06490649064906495,-0.09526343799893555,0.02259421800934833,-0.07067879636109164,-0.20905300774270397,-0.2501411631846413,0.0973464944039577
1981-07,,,,,,,,0.05405405405405417,-0.05645161290322587,-0.12903225806451601,0.06231027938174882,0.03076923076923066,0.041450777202072464,0.1355932203389829,0.01565544487787491,-0.11279826464208242,-0.17540322580645162,-0.2657091561938959,0.04453614555638658,-0.010588235294117676,-0.07633168588687533,-0.10005350454788653,0.01648107702634687,0.0436746987951806,-0.1946542707728065,-0.21915492957746485,0.10676390573816921
1981-08,,,,,,,,0.019943019943019724,0.017045454545454364,-0.07493540051679604,0.05522460182853234,0.004975124378109541,0.03589743589743599,0.11602209944751385,0.016516826517344516,0.0024449877750611915,-0.14583333333333337,-0.18000000000000005,0.058320684108665914,0.06242568370986912,0.025832376578645233,-0.007773459189339249,0.04655165356423803,0.012265512265512424,-0.018194541637508665,-0.2046485260770975,0.05908047786206035
1981-09,,,,,,,,0.0027932960893854997,0.0780780780780781,-0.06266318537859006,0.026093872152583672,0.02970297029702973,0.06666666666666665,0.11827956989247301,0.01459417235120997,0.08292682926829276,-0.03687635574837311,-0.11022044088176353,0.09837567994178276,-0.04308897593732508,0.00588235294117645,-0.05940594059405946,0.054038063608196546,0.048467569493941376,0.10768072289156616,-0.12388326384752835,0.019664255031066665
1981-10,,,,,,,,0.01671309192200554,0.03988603988603989,-0.018817204301075363,0.009113233777484813,0.014423076923076872,0.04975124378109452,0.0932642487046631,0.012478016085641728,-0.013513513513513487,0.07090464547677255,-0.11693548387096775,0.0516925853635244,-0.025730994152046827,-0.009512485136741966,-0.08511806699615598,0.05657773823653443,0.017675050985723972,0.08008658008657998,-0.1301568855316677,0.019527891389901922
1981-11,,,,,,,,0.016438356164383494,0.036312849162011274,0.05397727272727271,0.007958474102160086,0.018957345971563955,0.06435643564356441,0.10256410256410264,0.007847538674296722,-0.057077625570776225,0.007317073170731714,-0.13958333333333328,0.07164707362015922,-0.009003601440576214,-0.07610520425293787,-0.052238805970149294,0.017043659393673676,0.04742818971275908,0.1176051318602993,0.09727081875437382,0.017485750248505443
1981-12,,,,,,,,-0.010781671159029615,0.022284122562674202,0.10210210210210224,0.015795396819463958,0.0046511627906977715,0.03846153846153855,0.10769230769230775,0.007311141940207663,-0.007263922518159771,-0.07657657657657657,-0.11062906724511934,0.02713636630907359,0.0024227740763174133,-0.032163742690058506,-0.026470588235294135,0.014159816323156812,-0.02423469387755106,0.04010876954452747,0.15210843373493965,0.0360028815122099
1982-01,,,,,,,,-0.02452316076294292,-0.019178082191780854,0.019943019943019724,0.020847079303862998,0.03240740740740744,0.056872037914692086,0.10945273631840813,0.013880322673093177,-0.06341463414634141,-0.12328767123287676,-0.06112469437652812,0.030752954074506917,-0.026586102719033278,-0.03301320528211282,-0.04221165279429251,0.014612901500545082,-0.030065359477124187,-0.00868403473613888,0.07070707070707072,0.04315633540176392
1982-02,,,,,,,,-0.11731843575418988,-0.1482479784366577,-0.11731843575418988,0.057950947371663696,0.03139013452914785,0.06976744186046502,0.13861386138613851,0.01573963452011681,-0.02604166666666663,-0.09443099273607747,-0.08780487804878045,0.028583925523199712,-0.00806952203600253,-0.03210175651120528,-0.10576385002797983,0.014688243432688935,0.03571428571428559,-0.019770408163265474,0.09550962223806114,0.03641162483087019
1982-03,,,,,,,,-0.07278481012658233,-0.20163487738419628,-0.18384401114206128,0.046410116841660944,0.021739130434782705,0.08796296296296302,0.1298076923076923,0.005887682873351561,-0.11764705882352944,-0.19512195121951215,-0.2567567567567568,0.046060544317265105,-0.0550688360450563,-0.08761329305135956,-0.11695906432748537,0.02367511131700018,-0.07742355237475584,-0.07320261437908493,-0.036029911624745004,0.05681832240204915
1982-04,,,,,,,,0.12969283276450505,-0.07541899441340771,-0.0931506849315068,0.13165295695975668,0.02127659574468077,0.07623318385650224,0.13744075829383884,0.005710217233374109,0.06060606060606055,-0.08854166666666663,-0.2009132420091324,0.08913804939541939,0.007947019867549754,-0.05524518932340161,-0.08643457382953179,0.032752768911620676,0.04795486600846255,0.0013477088948785632,-0.007348029392117539,0.06912518837789607
1982-05,,,,,,,,0.06344410876132933,0.11392405063291133,-0.05121293800539084,0.10323469026458498,0.02083333333333348,0.0652173913043479,0.13953488372093026,0.00045293272014595136,-0.04571428571428571,-0.106951871657754,-0.19128329297820823,0.08967767696519587,0.003942181340341744,-0.04380475594493116,-0.07450030284675957,0.035282991655298156,-0.13660834454912507,-0.16525699414443706,-0.18176020408163263,0.09423920460926816
1982-06,,,,,,,,-0.017045454545454586,0.1808873720136519,-0.05722070844686655,0.07348422528682137,0.0,0.042553191489361764,0.1342592592592593,0.012158109679179078,-0.05688622754491013,-0.045454545454545414,-0.23170731707317072,0.06485016846662274,-0.1492146596858639,-0.13907284768211925,-0.21450151057401812,0.08960361804898025,-0.020265003897116163,-0.11354019746121302,-0.17843137254901964,0.0933214000603362
1982-07,,,,,,,,-0.026011560693641522,0.01812688821752273,-0.05865921787709483,0.04926336985769142,0.008163265306122547,0.029166666666666785,0.10762331838565031,0.010497597360428927,0.07619047619047614,-0.03142857142857147,-0.1171875,0.0738184623884832,0.10846153846153839,-0.05321944809461232,-0.10552451893234016,0.1296008854508422,0.014319809069212486,-0.14199192462987886,-0.14083557951482484,0.07906873566358347
1982-08,,,,,,,,-0.02670623145400608,-0.06818181818181834,0.037974683544303556,0.005388324374708888,0.024291497975708287,0.03265306122448974,0.10000000000000009,0.012361470135103275,0.07374631268436582,0.08982035928143706,-0.0267379679144385,0.07613611011326354,0.007633587786259444,-0.04973821989528793,-0.09136420525657074,0.1298490607488506,-0.029019607843137285,-0.03507404520654722,-0.1945348080676642,0.022916724011334683
1982-09,,,,,,,,0.0457317073170731,-0.008670520231213952,0.1706484641638224,0.0416229785209344,0.011857707509881577,0.04489795918367334,0.08936170212765959,0.008449535860914825,0.2005494505494505,0.38730158730158726,0.3242424242424242,0.07251455510366238,-0.017217630853994526,0.09769230769230774,-0.05496688741721856,0.06655713373376362,-0.026655896607431284,-0.041368337311058045,-0.15021156558533155,0.024368355999831753
1982-10,,,,,,,,0.020408163265306145,0.03857566765578624,0.05740181268882161,0.03676117301019156,0.015625,0.05263157894736836,0.08333333333333348,0.006375732967238121,-0.034324942791762014,0.2448377581120944,0.20571428571428574,0.1175616240389276,0.02382620882971276,0.013879250520471897,-0.040078843626806804,0.020673577420403166,-0.06307053941908713,-0.11450980392156862,-0.2402422611036339,0.020375963302775416
1982-11,,,,,,,,-0.034285714285714364,0.030487804878048808,-0.039772727272727404,0.04089720830909673,0.007692307692307665,0.035573122529644285,0.06938775510204076,0.003968010744165828,-0.016587677725118488,0.14010989010989006,0.24251497005988032,0.13078552652770475,-0.0116358658453114,-0.0055096418732781816,-0.054973821989528826,0.022260995847936102,0.16563330380868013,0.06300484652665594,0.025720966484801044,0.12288654029559075
1982-12,,,,,,,,-0.05917159763313595,-0.0728862973760932,-0.08092485549132955,0.04070967488652736,0.0,0.0234375,0.06938775510204076,0.007812808179326258,0.07228915662650603,0.01830663615560635,0.4126984126984128,0.05712598423831744,0.020083102493074767,0.03223545900490543,0.1330769230769231,0.019483593686979658,-0.028115501519756725,0.06141078838174274,0.017501988862370643,0.12319760694908763
1983-01,,,,,,,,-0.028301886792452935,-0.11714285714285722,-0.083086053412463,0.01637097242498532,0.01526717557251911,0.023076923076922995,0.07692307692307687,0.007633663067819469,0.08089887640449445,0.13981042654028442,0.41887905604719755,0.053970435108936725,0.06720977596741351,0.07597535934291577,0.09090909090909083,0.039672936909327716,0.025801407349491656,0.16209034543844103,0.029019607843137063,0.09999882657276915
1983-02,,,,,,,,-0.05825242718446588,-0.13905325443786976,-0.11280487804878037,0.017563308303935276,0.0,0.01526717557251911,0.05138339920948631,0.008814507926559457,0.02079002079002068,0.18313253012048203,0.348901098901099,0.03250477603327977,0.04770992366412208,0.1405817174515236,0.13429752066115697,0.023679839669446506,0.0167682926829269,0.01367781155015213,0.0775444264943459,0.028876706889299195
1983-03,,,,,,,,-0.030927835051546504,-0.1132075471698114,-0.17784256559766765,0.016585956957937062,-0.03007518796992481,-0.01526717557251911,0.0078125,0.02307066504244303,-0.14460285132382888,-0.0561797752808989,-0.0389016018306636,0.11677535832943585,-0.029751062537947792,0.08486082824168362,0.11983181499649609,0.05128653628863067,-0.002998500749625266,0.03987490226739632,0.10373443983402497,0.014729550738238627
1983-04,,,,,,,,0.05673758865248235,-0.03559870550161803,-0.14857142857142858,0.06007573496653862,-0.019379844961240456,-0.048872180451127956,-0.02692307692307705,0.015245139576388947,0.030952380952380842,-0.0997920997920998,0.026066350710900466,0.09855431268230713,0.04818523153942422,0.06552162849872767,0.1464750171115674,0.044859960312599804,0.03082706766917287,0.04496951219512191,0.21434898139946834,0.016992862989962765
1983-05,,,,,,,,-0.006711409395973145,0.01718213058419238,-0.12426035502958566,0.045272208432421274,0.0,-0.048872180451127956,-0.03435114503816805,0.015245139576388945,0.011547344110854452,-0.10794297352342164,0.055421686746987886,0.09624541423592162,0.05432835820895532,0.07225258044930172,0.2229916897506925,0.04687066056878806,-0.010211524434719177,0.01724137931034475,0.03115501519756836,0.021910282332754754
1983-06,,,,,,,,0.020270270270270174,0.07092198581560294,-0.05031446540880502,0.03184245515281492,0.02371541501976293,0.003875968992248069,-0.011450381679389388,0.02158394748075375,-0.057077625570776225,-0.01666666666666672,-0.07191011235955058,0.04625152964514241,-0.03680634201585509,0.06445556946182718,0.15478615071283097,0.05093597151612077,-0.025055268975681444,-0.0052631578947367474,0.03440187646598902,0.02894632487540748
1983-07,,,,,,,,0.019867549668874274,0.033557046979865834,-0.003236245954692518,0.01546293571989295,-0.027027027027026973,-0.0039525691699603405,-0.052631578947368474,0.025389225156717914,-0.02421307506053272,-0.06928406466512704,-0.16216216216216217,0.03432266676546396,0.0017636684303350414,0.017313432835820874,0.08396946564885499,0.04574608526494886,0.0226757369614512,-0.013129102844638862,0.03125000000000022,0.02442729907947246
1983-08,,,,,,,,0.009740259740259827,0.05067567567567566,0.06872852233676974,0.005966647676082365,0.023809523809523725,0.01976284584980248,-0.03007518796992481,0.029323367196070132,0.032258064516129004,-0.05022831050228316,-0.15274949083503053,0.045184683630316684,-0.03755868544600938,-0.07134767836919598,-0.004250151791135415,0.02248873510905889,0.07243163340724301,0.06927044952100236,0.08770614692653655,0.04874695596498445
1983-09,,,,,,,,-0.02250803858520911,0.0066225165562914245,0.07801418439716312,0.022129185954549237,0.0348837209302324,0.030888030888030826,0.0348837209302324,0.03301498007332639,-0.009615384615384581,-0.002421307506053294,-0.01904761904761909,0.02931287519614535,-0.048170731707317116,-0.08230452674897115,-0.023153942428035035,0.026306866522309607,-0.02274293590627141,0.0718065003779289,0.06616541353383476,0.047603752863618023
1983-10,,,,,,,,-0.016447368421052655,-0.02922077922077926,0.003355704697986406,0.01713902144446089,-0.0337078651685393,0.023809523809523725,0.01976284584980248,0.03682321179244452,-0.043689320388349495,-0.022332506203473934,-0.09006928406466508,0.03804038230411362,-0.08071748878923768,-0.15786384976525825,-0.14328358208955227,0.022489216780570812,-0.0021156558533146352,0.045824094604582255,0.03209336250911754,0.05006825618175873
1983-11,,,,,,,,-0.02341137123745818,-0.06109324758842449,-0.013513513513513598,0.0037869307701189924,0.007751937984496138,0.007751937984496138,0.027667984189723382,0.03454430634911305,-0.030456852791878153,-0.08173076923076927,-0.1278538812785388,0.017177980544404843,-0.03205574912891984,-0.1530487804878049,-0.21347678369195922,0.024788938954098245,-0.01342756183745586,-0.0379048931771192,0.028739867354458326,0.010329731308373277
1983-12,,,,,,,,-0.006849315068493178,-0.046052631578947345,-0.039735099337748325,0.008315865037477697,0.0038461538461538325,-0.022471910112359605,0.007722007722007707,0.022892774592942866,0.015706806282722585,-0.058252427184465994,-0.060532687651331685,0.031182477668753296,0.018718502519798452,-0.09352978859705319,-0.1681363903586126,0.04972173553029326,0.015042979942693435,-0.0007052186177716191,0.07105064247921367,0.014334979064217527
1984-01,,,,,,,,0.020689655172413834,-0.010033444816053394,-0.038961038961038974,0.022277032705148685,0.02298850574712641,0.0348837209302324,0.059523809523809534,0.010114657542573558,-0.04381443298969068,-0.058375634517766506,-0.07940446650124067,0.03123109105902041,-0.027561837455830407,-0.041114982578397186,-0.19248826291079812,0.028107204713598004,-0.011997177134791759,-0.010600706713780883,0.0347376201034737,0.016040510405573742
1984-02,,,,,,,,0.010135135135135087,0.023972602739726012,-0.03858520900321549,0.013894029436333815,0.014981273408239737,0.04230769230769216,0.050387596899224674,0.009613673367410517,0.040431266846361114,0.010471204188481575,-0.07211538461538458,0.04330399291742247,0.03924418604651159,0.029517638588912876,-0.12804878048780488,0.03422040894138566,-0.04785714285714282,-0.045128939828080084,-0.08132322536181935,0.03155295201355374
1984-03,,,,,,,,0.006688963210702337,0.037931034482758585,-0.009868421052631526,0.007294899697238923,-0.014760147601476037,0.02298850574712641,0.0,0.019889816167405264,0.020725388601036343,0.015463917525773141,-0.043689320388349495,0.044066329075702654,0.04965034965034976,0.060777385159010544,-0.038436899423446524,0.04189879643232619,0.07051762940735173,0.007057163020465884,0.006346967559943462,0.06070038048887682
1984-04,,,,,,,,0.0,0.016891891891891886,0.006688963210702337,0.005153304667463064,-0.011235955056179692,-0.011235955056179692,0.023255813953488413,0.016249692946478937,-0.032994923857868064,0.02695417789757415,-0.032994923857868064,0.0380035066132847,0.02131912058627572,0.11409883720930236,0.06829268292682933,0.014330938286242828,0.03784162578836714,0.05785714285714283,0.04664310954063611,0.06113453316052977
1984-05,,,,,,,,-0.006644518272425293,0.0,0.023972602739726012,0.00666675308736665,0.011363636363636243,-0.014760147601476037,0.026923076923076827,0.014175175214054281,-0.01049868766404205,-0.023316062176165775,-0.01308900523560208,0.026978063780839553,-0.0730593607305936,-0.0062937062937062915,0.023038156947444266,0.06424903280430846,-0.025658338960161897,0.08252063015753941,0.0336676217765044,0.04890430047041076
1984-06,,,,,,,,-0.02341137123745818,-0.029900332225913706,0.006896551724137945,0.012064889035555098,0.011235955056179803,0.011235955056179803,0.034482758620689724,0.013011178392423989,0.0026525198938991412,-0.040609137055837574,-0.02577319587628868,0.01802671697396202,-0.03800140745953551,-0.08927381745502994,-0.03392226148409894,0.04770618910034656,-0.05544005544005548,-0.04484933426769433,-0.038108680310515064,0.04764568573045946
1984-07,,,,,,,,-0.044520547945205546,-0.07308970099667789,-0.05743243243243257,0.01897945522314013,-0.007407407407407418,0.015151515151515138,0.0037453183520599342,0.010800797429815323,-0.07936507936507942,-0.08661417322834641,-0.061994609164420456,0.04405001088603587,-0.02633504023408928,-0.13176777560339203,-0.032703488372093026,0.024318464650187884,-0.019075568598679538,-0.09723160027008781,-0.04500000000000004,0.019376357609887106
1984-08,,,,,,,,0.007168458781362075,-0.06020066889632103,-0.06020066889632103,0.02598870511599806,0.003731343283581934,0.0074906367041198685,-0.0073800738007380184,0.009380528847584174,0.0,-0.07692307692307687,-0.0984455958549223,0.046606040868502945,0.005259203606311047,-0.05840957072484165,-0.06433566433566429,0.022382213317260133,0.02842183994016456,-0.047124047124047164,0.03150787696924229,0.04205392811201952
1984-09,,,,,,,,0.010676156583629748,-0.0273972602739726,-0.056478405315614655,0.030905052313752224,-0.026022304832713727,-0.029629629629629672,-0.01872659176029956,0.015032552174858594,-0.02298850574712641,-0.10052910052910058,-0.13705583756345174,0.04083626915706919,-0.03288490284005974,-0.05340160936356986,-0.13790806129247168,0.020396363240358015,0.02400000000000002,0.03301540719002194,-0.01331464611072164,0.026239477562322786
1984-10,,,,,,,,-0.021126760563380254,-0.0035842293906809264,-0.07641196013289042,0.017437263358960807,0.003816793893129722,-0.018656716417910557,-0.0037878787878788955,0.017202997271821,0.002941176470588225,-0.02011494252873558,-0.10498687664041995,0.014197830441236408,-0.016228748068006227,-0.043576258452291516,-0.16960208741030658,0.01912298972241004,0.0035511363636364646,0.056843679880329345,-0.045914922349763576,0.01326813594585763
1984-11,,,,,,,,-0.003597122302158362,-0.014234875444839923,-0.0735785953177257,0.015929219727596013,-0.0076045627376425395,-0.029739776951672847,-0.022471910112359605,0.01505563252262817,0.0029325513196480912,-0.017241379310344862,-0.09283819628647216,0.01496801976305928,0.056559308719560164,0.0052316890881913825,-0.05348346235045742,0.04756713796348376,0.01556970983722561,0.043636363636363695,-0.005544005544005581,0.010276769309038921
1984-12,,,,,,,,-0.02527075812274371,-0.04929577464788726,-0.07534246575342463,0.011505125111767173,-0.01532567049808431,-0.019083969465648942,-0.04814814814814827,0.009630652758290179,-0.06432748538011701,-0.05882352941176472,-0.1534391534391535,0.03883509040037464,-0.017843866171003753,0.02086553323029361,-0.033650329188002925,0.042498122019669723,-0.014634146341463428,0.0042613636363635354,0.03741746148202485,0.015206487340755805
1985-01,102.17337799072266,,,,107.5741729736328,89.64749145507812,,0.0,-0.02877697841726623,-0.032258064516129004,0.013670509589612348,0.027237354085603238,0.0038022813688214363,-0.014925373134328401,0.02267592605487867,-0.05312499999999998,-0.11143695014662758,-0.1293103448275862,0.036036687961716114,0.02876608629825883,0.06755695208169676,0.021036814425244188,0.03759606210660601,0.043847241867043696,0.044585987261146265,0.10396409872849666,0.029245981241173516
1985-02,117.10202026367188,14.928642272949219,102.17337799072266,,126.4427261352539,96.60166931152344,,0.04444444444444451,0.018050541516245522,0.003558718861209842,0.035294308623009536,0.02651515151515138,0.03831417624521083,0.0074349442379182396,0.024367967447066128,-0.01320132013201325,-0.1257309941520468,-0.1408045977011494,0.026874029178960566,0.02207505518763786,0.03271375464684012,0.03811659192825112,0.025201778538255296,-0.048102981029810254,-0.020905923344947785,0.021818181818181737,0.04653865624935027
1985-03,124.77815246582033,7.676132202148452,117.10202026367188,,127.07085418701172,116.98727416992188,,-0.0035460992907800915,0.040740740740740744,-0.010563380281690016,0.026742524656925944,-0.03321033210332103,0.01945525291828809,0.0,0.03469288528312367,0.050167224080267525,-0.018750000000000044,-0.07647058823529407,0.052087676349967194,0.0007199424046075986,0.05223315669947004,0.07418856259659967,0.014648076816898743,0.002846975088967918,-0.0035360678925034916,0.0007102272727272929,0.04606474319759081
1985-04,87.92900085449219,-36.84915161132814,124.77815246582033,102.17337799072266,94.64019775390624,73.75779724121094,,-0.007117437722420017,0.033333333333333215,0.003597122302158251,0.02879373322670894,0.007633587786259444,0.0,0.0038022813688214363,0.03052832737599382,0.04140127388535042,0.07920792079207928,-0.04105571847507328,0.03433622370963531,0.0805755395683454,0.10522442972774093,0.17989002356637873,0.041342600936424126,-0.012775017743080319,-0.05758807588075876,-0.015569709837225831,0.026102393499889773
1985-05,103.26284790039062,15.333847045898438,87.92900085449219,117.10202026367188,111.15978240966795,92.27672576904295,,-0.043010752688172005,-0.05319148936170215,-0.03610108303249093,0.021827136723201884,-0.04166666666666674,-0.06642066420664217,-0.03065134099616862,0.02636364439689949,-0.033639143730886834,0.05685618729096986,-0.07602339181286555,0.04606411011575368,0.019307589880159792,0.10223182145428367,0.13828996282527872,0.041785521208600865,-0.11790079079798699,-0.12669039145907468,-0.14494773519163762,0.06567025936084915
1985-06,148.78282165527344,45.51997375488281,103.26284790039062,124.77815246582033,134.65670776367188,174.1437530517578,,-0.0074906367041198685,-0.05693950177935947,-0.01851851851851849,0.020616126277871894,0.01976284584980248,-0.01526717557251911,0.0038910505836575737,0.0325351579021484,0.0031645569620253333,0.009554140127388644,-0.009375000000000022,0.03752248921599636,-0.06466361854996738,0.030215827338129442,0.08402725208175621,0.07291472022749834,0.004074979625101838,-0.1256210078069553,-0.12871287128712872,0.0660977043751717
1985-07,133.90542602539062,-14.877395629882812,148.78282165527344,87.92900085449219,126.30107879638672,149.5423583984375,,0.0037735849056603765,-0.04659498207885293,-0.014814814814814725,0.024417669736239045,-0.027131782945736593,-0.04924242424242442,-0.04924242424242442,0.03210387843304777,0.0,-0.030581039755351647,0.0462046204620461,0.02039656342134932,0.0300279329608939,-0.01797603195739017,0.08535688005886688,0.05185328586264415,-0.04383116883116889,-0.1531272465851905,-0.20189701897018975,0.06145377195980686
1985-08,82.78410339355469,-51.12132263183594,133.90542602539062,103.26284790039062,75.26383972167969,84.87953186035156,,0.022556390977443552,0.01872659176029967,-0.03546099290780147,0.015179483768675775,-0.015936254980079556,-0.02371541501976271,-0.088560885608856,0.02449105910450905,0.04100946372239744,0.044303797468354444,0.10367892976588622,0.022818221897078682,-0.037288135593220306,-0.07250163291966039,0.022318214542836667,0.04872945734739817,-0.05093378607809851,-0.08883455582722088,-0.20427046263345194,0.029920479429815912
1985-09,102.43449401855467,19.650390624999986,82.78410339355469,148.78282165527344,101.56950378417967,92.48631286621094,,0.0,0.026415094339622636,-0.0320284697508898,0.012081835683493329,-0.020242914979757165,-0.06201550387596899,-0.07633587786259544,0.005647177298370364,-0.021212121212121238,0.018927444794952786,0.02866242038216571,0.0316313553110412,-0.038028169014084456,-0.0460893854748603,-0.01726618705035976,0.03908033126581451,-0.005366726296958779,-0.09740259740259738,-0.21078779276082327,0.02451638040277662
1985-10,105.99191284179688,3.5574188232422017,102.43449401855467,133.90542602539062,91.34220886230467,118.73129272460938,,0.025735294117646967,0.04887218045112762,0.0,0.014030927519969061,-0.02066115702479332,-0.055776892430278724,-0.10227272727272729,0.0026155606821879826,0.009287925696594534,0.028391167192429068,-0.003058103975535187,0.03111279069214668,0.013909224011713128,-0.06101694915254241,-0.07789613848202392,0.029774737822234956,0.0881294964028776,0.02716468590831922,-0.13012221423436376,0.07089487185335189
1985-11,94.84818267822266,-11.143730163574219,105.99191284179688,82.78410339355469,98.25837707519533,80.12213897705078,,0.04301075268817223,0.06985294117647056,0.0898876404494382,0.02164359673955446,-0.0042194092827004814,-0.044534412955465674,-0.06719367588932801,0.009374244236617181,-0.012269938650306789,-0.024242424242424288,0.018987341772152,0.015678844587544292,-0.010830324909747335,-0.035211267605633756,-0.1051600261267146,0.025978391017270726,0.0884297520661157,0.17799642218246858,0.07334963325183352,0.05406695411850538
1985-12,96.4211654663086,1.5729827880859375,94.84818267822266,102.43449401855467,80.3045654296875,111.21063232421876,,-0.10996563573883167,-0.047794117647058876,-0.02264150943396237,0.08378042656144322,-0.03389830508474578,-0.05785123966942152,-0.11627906976744196,0.014868254849423472,0.0,-0.003095975232198178,0.01577287066246047,0.010813251695853546,0.01532846715328473,0.018301610541727742,-0.02863128491620115,0.01471021149932444,0.03720577069096431,0.22841726618705027,0.10876623376623362,0.02948788525752943
1986-01,135.36074829101562,38.93958282470703,96.4211654663086,105.99191284179688,137.66831970214844,166.0226287841797,,-0.0038610038610037423,-0.07526881720430101,-0.03007518796992481,0.078376154839024,0.0,-0.03797468354430389,-0.0916334661354582,0.01847401489634447,0.07763975155279512,0.0644171779141105,0.09463722397476348,0.04875488831573702,0.019410496046009973,0.023826714801443938,-0.038644067796610115,0.016408598427634032,-0.008784773060029227,0.11900826446280988,0.1494057724957556,0.04863073492819083
1986-02,98.75003051757812,-36.6107177734375,135.36074829101562,94.84818267822266,84.02117919921875,114.81560516357422,,-0.3178294573643411,-0.39518900343642605,-0.3529411764705882,0.1597089806710777,-0.00877192982456143,-0.0423728813559322,-0.0850202429149799,0.01759439576579798,-0.023054755043227626,0.052795031055900665,0.027272727272727337,0.05275546797868379,-0.008462623413258097,0.026277372262773824,-0.009859154929577452,0.015053182047976194,0.005169867060561106,0.03340926347760065,0.21735241502683356,0.02358022199790787
1986-03,98.67667388916016,-0.07335662841796875,98.75003051757812,96.4211654663086,85.12946319580078,117.56116485595705,,-0.21022727272727282,-0.4633204633204633,-0.48897058823529405,0.15955221551774826,-0.044247787610619316,-0.05263157894736825,-0.10743801652892548,0.023428436947927744,0.020648967551622377,0.07453416149068315,0.07120743034055721,0.05049314885594635,0.027738264580369876,0.03882099209202017,0.05783308931185949,0.01895946029769688,0.024981631153563555,0.021229868228404225,0.2544964028776977,0.016967655656609792
1986-04,148.31385803222656,49.637184143066406,98.67667388916016,135.36074829101562,142.49339294433594,182.87278747558597,,-0.1007194244604317,-0.5155038759689923,-0.5519713261648745,0.10855641034214998,-0.02777777777777779,-0.07894736842105254,-0.11392405063291144,0.01775302775102194,-0.017341040462427793,-0.02017291066282423,0.042944785276073594,0.023755359436929045,-0.00692041522491349,0.011988716502115748,0.036101083032491044,0.02046992421199335,0.0014336917562722817,0.03175775480059073,0.15454545454545454,0.012655502441228535
1986-05,117.38924407958984,-30.92461395263672,148.31385803222656,98.75003051757812,126.68498992919922,114.20220947265624,,0.1359999999999999,-0.19318181818181823,-0.5120274914089348,0.17696580607991128,-0.06666666666666676,-0.1327433628318584,-0.1694915254237288,0.019520130809995435,0.00588235294117645,0.008849557522123908,0.06211180124223592,0.019151238502769324,-0.011149825783972167,0.009246088193456625,0.03576642335766422,0.021336180428665544,-0.14674302075876866,-0.12417340191035997,-0.0949126803340925,0.09309511234577539
1986-06,96.29425048828124,-21.094993591308608,117.38924407958984,98.67667388916016,106.94334411621094,80.0658187866211,,-0.1619718309859154,-0.14388489208633093,-0.5405405405405406,0.15736113205147995,-0.05612244897959173,-0.1435185185185185,-0.1885964912280701,0.020111964064472455,0.0029239766081872176,-0.00867052023121384,0.0652173913043479,0.012640865665099836,-0.0042283298097252064,-0.02214532871972319,0.01581595974119332,0.003489086415314962,-0.16442953020134232,-0.2860215053763441,-0.2708638360175696,0.09108581955696896
1986-07,94.70178985595705,-1.5924606323241903,96.29425048828124,148.31385803222656,99.80805206298828,83.9753189086914,,-0.20168067226890762,-0.24,-0.6317829457364341,0.1845680726096824,-0.027027027027027084,-0.1428571428571429,-0.21052631578947356,0.020530567194595353,0.014577259475218707,0.0235294117647058,0.0028818443804035088,0.006057397567472059,-0.04883227176220806,-0.06341463414634141,-0.05218617771509171,0.024004810209360752,0.005020080321285203,-0.2834645669291338,-0.26070901033973415,0.09314685714144005
1986-08,103.34593963623048,8.644149780273438,94.70178985595705,117.38924407958984,104.75926971435548,99.84519958496094,,0.44210526315789456,-0.035211267605633756,-0.22159090909090917,0.36077376530605015,-0.01666666666666672,-0.09693877551020402,-0.2168141592920353,0.020455803590991358,0.08333333333333326,0.10233918128654973,0.11209439528023601,0.043452773871782306,-0.030505952380952328,-0.08174770965468636,-0.0732574679943101,0.02241977946576062,0.0019980019980019303,-0.15855704697986583,-0.26304188096987513,0.09697115287344134
1986-09,117.1078872680664,13.761947631835923,103.34593963623048,96.29425048828124,106.35902404785156,126.74607849121094,,0.03649635036496357,0.19327731092436973,0.021582733812949506,0.325501463105048,0.005649717514124353,-0.037837837837837895,-0.17592592592592593,0.01669894060266947,0.10875331564986745,0.21865889212827994,0.20809248554913284,0.04872149209189953,0.033768227168073706,-0.04670912951167727,-0.06782006920415229,0.04337792557337516,0.019940179461615193,0.027108433734939874,-0.2666666666666667,0.009606109582665884
1986-10,96.7924346923828,-20.315452575683608,117.1078872680664,94.70178985595705,109.01692199707033,77.40582275390625,,-0.028169014084506894,0.4526315789473685,0.10400000000000009,0.25490458846802183,-0.028089887640449507,-0.03888888888888897,-0.17619047619047623,0.017160380416855175,0.014354066985645897,0.21839080459770122,0.24705882352941178,0.04884590196936996,-0.022271714922049046,-0.0200892857142857,-0.08222996515679437,0.034974867006405,0.12218963831867069,0.14685314685314688,-0.1782390837508947,0.06483685038892667
1986-11,109.77281951904295,12.980384826660156,96.7924346923828,103.34593963623048,124.65135192871094,89.47162628173828,,0.05797101449275344,0.06569343065693434,0.028169014084507005,0.0448383672801084,0.023121387283236983,0.0,-0.09693877551020402,0.026032719411722693,-0.061320754716981174,0.0557029177718833,0.16374269005847952,0.0852086519465031,-0.010630220197418327,0.0,-0.08174770965468636,0.02957257072963119,0.028745644599303066,0.1774675972083748,-0.009228187919463116,0.056663139128062374
1986-12,89.75377655029297,-20.019042968749986,109.77281951904295,117.1078872680664,93.46377563476562,78.10250091552734,,0.08904109589041109,0.11971830985915499,0.3361344537815125,0.06072295606781206,-0.005649717514124353,-0.011235955056179803,-0.04864864864864871,0.025670775815664383,-0.017587939698492483,-0.06459330143540665,0.13994169096209919,0.03799019509508426,0.025326170376055224,-0.008166295471418006,-0.05449398443029019,0.024812446834022724,-0.020321761219305623,0.13098729227761496,0.16164658634538154,0.07239807694760263
1987-01,96.94281768798828,7.1890411376953125,89.75377655029297,96.7924346923828,90.4955062866211,104.48915100097656,,0.1572327044025157,0.33333333333333326,0.9368421052631577,0.05077454827185727,-0.011363636363636354,0.005780346820809301,-0.033333333333333326,0.01848261433439994,0.04347826086956519,-0.037735849056603765,0.17241379310344818,0.052637872343603336,0.007485029940119681,0.022019741837509432,0.0014880952380953438,0.017978369423061708,0.014693171996542853,0.022648083623693527,0.17282717282717286,0.025268979164612317
1987-02,100.683349609375,3.7405319213867188,96.94281768798828,109.77281951904295,109.72402954101562,89.29598236083984,,-0.059782608695652106,0.18493150684931514,0.26277372262773735,0.11097615106956066,-0.005747126436781658,-0.02259887005649719,-0.02259887005649719,0.003271175651951286,-0.01715686274509809,0.007537688442211143,0.06366047745358094,0.035132807305336904,0.02526002971768193,0.05909439754412893,0.05909439754412893,0.010281547254943102,-0.014480408858603133,-0.020321761219305623,0.15353938185443683,0.01875839707714891
1987-03,89.60771942138672,-11.075630187988281,100.683349609375,89.75377655029297,105.55125427246094,67.09355163574219,,0.03468208092485536,0.12578616352201255,0.26056338028169,0.10881013970747228,0.0,-0.017045454545454586,-0.028089887640449507,0.0056819432920407805,0.01995012468827939,0.04603580562659837,-0.021531100478468845,0.03056991964963702,0.062318840579710155,0.09730538922155696,0.08834446919079442,0.02797633782579592,0.006914433880726101,0.006914433880726101,0.13880742913000987,0.015107094814616123
1987-04,113.39408111572266,23.786361694335938,89.60771942138672,96.94281768798828,117.12814331054688,99.12645721435548,,0.011173184357541999,-0.016304347826086807,0.3115942028985508,0.049178197016427005,-0.023121387283236983,-0.028735632183908066,-0.023121387283236983,0.012038085064649984,0.07090464547677255,0.07352941176470584,0.03301886792452824,0.04421184029849269,0.012278308321964637,0.10252600297176828,0.12680334092634782,0.025967721699390732,-0.029184549356223277,-0.03662691652470196,-0.014808362369338024,0.01815253717048901
1987-05,98.65091705322266,-14.7431640625,113.39408111572266,100.683349609375,97.37140655517578,95.23518371582033,,0.03867403314917128,0.08670520231213863,0.28767123287671237,0.014859904579291216,-0.023668639053254448,-0.046242774566474076,-0.06779661016949157,0.013509888409571848,0.05022831050228316,0.1471321695760599,0.1557788944723617,0.025627597601510746,0.0242587601078168,0.10144927536231885,0.16653875671527252,0.026128387560782014,0.023872679045092937,0.0008643042350906516,-0.019475021168501194,0.027097933978521123
1987-06,94.18240356445312,-4.468513488769531,98.65091705322266,89.60771942138672,99.82925415039062,81.82940673828125,,0.005319148936170137,0.05586592178770955,0.18867924528301883,0.017809710440456185,0.0,-0.046242774566474076,-0.0625,0.013509888409571848,-0.021739130434782594,0.10024449877750619,0.15089514066496168,0.048630738904109336,0.03421052631578947,0.07230559345156884,0.17664670658682624,0.010981735304433889,-0.11744386873920543,-0.12274678111587978,-0.11668107173725151,0.07138527348275757
1987-07,98.87196350097656,4.6895599365234375,94.18240356445312,113.39408111572266,107.52894592285156,88.26481628417969,,0.04761904761904767,0.09392265193370153,0.07608695652173925,0.022292909983933757,0.0060606060606061,-0.017751479289940808,-0.04597701149425293,0.01570967555094169,0.0022222222222221255,0.029680365296803624,0.10539215686274517,0.036647063293294785,0.0782442748091603,0.1421832884097034,0.2592867756315007,0.02872990443946441,-0.015655577299413026,-0.11052166224580018,-0.14310051107325394,0.07290828256737017
1987-08,99.96844482421876,1.0964813232422017,98.87196350097656,98.65091705322266,115.48031616210938,87.60133361816406,,-0.04040404040404044,0.010638297872340496,0.09826589595375723,0.04402263716381736,-0.01807228915662651,-0.012121212121212088,-0.05780346820809257,0.012554781378347023,0.022172949002217335,0.0021739130434783593,0.14962593516209477,0.021986543766149585,0.03598820058997054,0.15526315789473677,0.2724637681159421,0.024925579032459073,0.01093439363817117,-0.12176165803108807,-0.12100259291270532,0.06776043717849944
1987-09,121.16707611083984,21.19863128662108,99.96844482421876,94.18240356445312,143.4519805908203,97.5398178100586,,-0.03157894736842115,-0.02645502645502651,0.027932960893854775,0.048473822320648306,-0.04294478527607348,-0.05454545454545445,-0.09826589595375723,0.024503625836594697,-0.002169197396963085,0.022222222222222143,0.12469437652811743,0.012973409707558442,0.031321184510250566,0.15203562340966914,0.23533424283765347,0.02584934960724563,0.08259587020648951,0.0772994129158513,-0.05493562231759663,0.05081951842126922
1987-10,101.05858612060548,-20.10848999023436,121.16707611083984,98.87196350097656,110.70101928710938,88.82691192626953,,0.021739130434782705,-0.0505050505050505,0.03867403314917128,0.03362160359456127,0.0064102564102563875,-0.054216867469879415,-0.07100591715976323,0.024677777589381247,0.010869565217391353,0.03104212860310418,0.06164383561643838,0.012181378594804743,0.08614025400331315,0.16047197640117994,0.32547169811320753,0.03039226842676809,0.030881017257039067,0.1282306163021869,0.0035366931918656697,0.036985720292494195
1987-11,96.15348815917967,-4.90509796142581,101.05858612060548,99.96844482421876,110.79949951171876,75.88374328613281,,-0.05319148936170215,-0.06315789473684208,-0.05319148936170215,0.03856707830763844,0.04458598726114649,0.006134969325153339,-0.0060606060606061,0.04388420882812239,0.006451612903225712,0.015184381778741818,0.017391304347825987,0.006631314643362995,0.2831723436705642,0.43735763097949887,0.6605263157894736,0.13244859449935195,0.0017621145374449032,0.11799410029498514,-0.01813471502590669,0.04093985948261847
1987-12,109.85638427734376,13.702896118164091,96.15348815917967,121.16707611083984,124.4972915649414,88.26872253417969,,-0.0393258426966292,-0.07065217391304335,-0.09523809523809512,0.03986599403849929,0.03658536585365857,0.08974358974358965,0.030303030303030276,0.020132616980192693,0.03846153846153855,0.05652173913043468,0.08000000000000007,0.017346808661368757,0.136687797147385,0.5842076200993926,0.8250636132315521,0.10233476180868925,0.09850483729111703,0.13442325158946433,0.22211350293542087,0.04963205606827847
1988-01,83.20153045654297,-26.654853820800795,109.85638427734376,101.05858612060548,87.14092254638672,72.89557647705078,,-0.011695906432748648,-0.10106382978723416,-0.14646464646464652,0.021124839005304832,0.15294117647058814,0.24840764331210186,0.1807228915662651,0.06499170669637087,-0.01851851851851849,0.02580645161290329,0.05764966740576494,0.028562416129471517,-0.07180202161031723,0.35383833248601926,0.5710914454277287,0.178387465414607,0.01040832666132907,0.11189427312775324,0.25447316103379736,0.053533333190685053
1988-02,86.20614624023438,3.0046157836914062,83.20153045654297,96.15348815917967,90.1892547607422,73.8230972290039,,-0.06508875739644959,-0.1123595505617977,-0.16842105263157892,0.026701865371193907,-0.061224489795918324,0.12195121951219523,0.128834355828221,0.10721658386484999,-0.07337526205450728,-0.05555555555555558,-0.041214750542299394,0.05592175956114894,-0.12504693954187007,-0.07686212361331224,0.326879271070615,0.13832817151069343,-0.007131537242472286,0.10202286719437104,0.23205506391347086,0.0566093125959398
1988-03,110.20651245117188,24.0003662109375,86.20614624023438,109.85638427734376,105.9420166015625,109.30101776123048,,-0.06329113924050633,-0.13450292397660824,-0.19565217391304335,0.03032077399394995,-0.07608695652173925,0.0,0.08974358974358965,0.12815466646888307,0.004524886877828038,-0.0864197530864198,-0.034782608695652195,0.040018108499598304,0.01244635193133048,-0.17776228651097947,0.3025952512424075,0.0693267804556618,-0.056664006384676724,-0.053642914331465175,0.07356948228882842,0.03478459952651848
1988-04,119.45051574707033,9.244003295898452,110.20651245117188,83.20153045654297,113.93638610839844,128.48338317871094,,0.12162162162162171,-0.017751479289940697,-0.11702127659574468,0.10728212509839098,-0.06470588235294106,-0.18877551020408156,0.01273885350318471,0.00777326465680052,0.018018018018018056,-0.052410901467505266,-0.027956989247311825,0.04933428394477405,-0.030945315811784613,-0.14156965828013524,0.16217590238942559,0.07028792880988631,0.03976311336717431,-0.0261489698890649,0.082819383259912,0.048219572752776906
1988-05,104.87347412109376,-14.577041625976562,119.45051574707033,86.20614624023438,106.54883575439452,97.1541748046875,,-0.012048192771084487,0.037974683544303556,-0.07865168539325851,0.0954691817397138,-0.04402515723270439,-0.17391304347826086,-0.07317073170731703,0.01625412878002026,-0.0022123893805309214,0.020361990950226172,-0.03632478632478631,0.010301495545625034,0.07086614173228356,0.050643776824034425,-0.030110935023771823,0.051090249489121366,0.012205044751830707,-0.0071827613727054596,0.09410729991204936,0.049666525906772584
1988-06,79.70812225341797,-25.165351867675795,104.87347412109376,110.20651245117188,74.01183319091797,81.0764389038086,,-0.04878048780487798,0.054054054054053946,-0.08771929824561409,0.08967883406470639,0.006578947368421018,-0.09999999999999998,-0.09999999999999998,0.03667422969512349,0.0,0.015765765765765716,-0.07201646090534974,0.011096643813785091,0.03758169934640532,0.07672742687579492,-0.11467410247472987,0.05191239222426762,0.12218649517684876,0.18104906937394238,0.11769415532425942,0.057226131053831904
1988-07,83.43048095703125,3.7223587036132812,79.70812225341797,119.45051574707033,70.79203796386719,96.27418518066406,,-0.04487179487179482,-0.10240963855421692,-0.11834319526627213,0.020173944556285232,0.019607843137254832,-0.018867924528301883,-0.20408163265306123,0.03361469486082945,-0.02882483370288247,-0.030973451327433676,-0.08176100628930816,0.016041549683973172,-0.12834645669291334,-0.03149606299212604,-0.1686068343972963,0.1067127502869784,-0.005014326647564404,0.13018714401952813,0.10063391442155312,0.06900781992135277
1988-08,84.05416107177734,0.6236801147460938,83.43048095703125,104.87347412109376,73.71106719970703,93.28092193603516,,0.006711409395973034,-0.08536585365853655,-0.05063291139240511,0.03097164159335951,0.03846153846153855,0.06578947368421062,-0.11956521739130432,0.01602973054019213,-0.01598173515981738,-0.04434589800443456,-0.02488687782805432,0.014440868377076867,-0.005871725383920556,-0.10089869281045749,-0.055364806866952776,0.08604302499003282,0.050395968322534124,0.17282958199356901,0.1644054269752595,0.06377594845433439
1988-09,74.84265899658203,-9.211502075195312,84.05416107177734,79.70812225341797,72.93437957763672,74.3477783203125,,-0.11333333333333329,-0.14743589743589736,-0.10135135135135132,0.06021980497587731,-0.05555555555555558,0.0,-0.09999999999999998,0.049739676144660815,-0.04176334106728541,-0.0842572062084257,-0.06981981981981977,0.012890832376626348,0.10676965015901874,-0.04094488188976375,0.03264094955489605,0.1175923204654004,0.05071967100753949,0.09813753581661899,0.29695431472081224,0.032085001861515514
1988-10,73.45023345947266,-1.392425537109375,74.84265899658203,83.43048095703125,71.80867004394531,65.83024597167969,,-0.06015037593984962,-0.1610738255033557,-0.246987951807229,0.060152120428620996,0.09803921568627438,0.07692307692307687,0.05660377358490565,0.0774382198311919,-0.014527845036319653,-0.07077625570776258,-0.0995575221238938,0.015321973565830425,0.2068965517241379,0.3279132791327912,0.28608923884514437,0.10644545993509866,0.06262230919765166,0.17278617710583144,0.3254678600488201,0.006967316443073865
1988-11,68.79841613769531,-4.651817321777344,73.45023345947266,84.05416107177734,55.85908508300781,77.55838012695312,,0.040000000000000036,-0.1333333333333333,-0.20731707317073167,0.07785631623822747,0.04761904761904767,0.08641975308641969,0.1578947368421053,0.0782927687603761,0.03194103194103204,-0.025522041763341052,-0.0687361419068736,0.037268090399469746,0.12414965986394555,0.501590186278964,0.3500816993464053,0.053501572043721135,-0.0036832412523020164,0.11240575736806036,0.304662379421222,0.03535009589498562
1988-12,90.39871978759766,21.600303649902344,68.79841613769531,74.84265899658203,82.27973937988281,94.38412475585938,,0.16923076923076907,0.1428571428571428,-0.02564102564102566,0.11499739075058317,0.07386363636363624,0.23529411764705865,0.23529411764705865,0.025217158252154207,-0.0023809523809523725,0.014527845036319542,-0.07095343680709532,0.02410014569982209,0.05869894099848705,0.43637110016420366,0.3775590551181103,0.07426683483372563,0.04066543438077641,0.10176125244618395,0.20988538681948432,0.033777051880932614
1989-01,89.24658966064453,-1.152130126953125,90.39871978759766,73.45023345947266,89.09522247314453,82.81503295898438,,0.11842105263157898,0.3600000000000001,0.14093959731543615,0.06510514638223197,-0.05820105820105814,0.059523809523809534,0.14102564102564097,0.0699139432738766,-0.03579952267303099,-0.0073710073710073765,-0.07762557077625576,0.03387128131516459,-0.030008573878250955,0.15442176870748292,0.5329719963866306,0.07737094720255755,0.02190645352279441,0.05954573357888271,0.24262059035277161,0.022261839067189714
1989-02,91.6185531616211,2.3719635009765625,89.24658966064453,68.79841613769531,88.43746948242188,91.77456665039062,,-0.01764705882352946,0.2846153846153845,0.11333333333333329,0.09662598069717218,-0.0393258426966292,-0.02840909090909094,0.05555555555555536,0.07142503702103689,-0.03960396039603964,-0.07619047619047614,-0.09976798143851506,0.02048099489952491,-0.08750736593989394,-0.0629349470499243,0.4070876874148115,0.07365620416583472,-0.04866743916570104,0.011706715958102132,0.12542837559972564,0.04710438052543224
1989-03,87.73377227783203,-3.8847808837890625,91.6185531616211,90.39871978759766,79.90110778808594,93.0866241455078,,0.11976047904191622,0.23026315789473695,0.40601503759398483,0.07894846048774727,-0.1286549707602339,-0.21164021164021163,-0.02614379084967322,0.04708099523841611,0.005154639175257714,-0.06921241050119331,-0.05569007263922521,0.024816155204046376,0.05392315143687432,-0.06716204629894251,0.33990147783251223,0.07112575347976052,0.02679658952496955,-0.001776198934280715,0.09980430528375717,0.042228362083544
1989-04,83.57909393310547,-4.1546783447265625,87.73377227783203,89.24658966064453,77.83438873291016,84.56328582763672,,0.05882352941176472,0.16470588235294126,0.5840000000000001,0.06884995056585415,0.02684563758389258,-0.1404494382022472,-0.08928571428571419,0.07803716755336612,-0.01538461538461533,-0.04950495049504955,-0.05651105651105648,0.022404500612754515,-0.0447303921568627,-0.08131997642899236,0.06054421768707474,0.07253158208106751,-0.042704626334519546,-0.06488991888760132,-0.009208103130755041,0.04195393062442288
1989-05,103.82850646972656,20.249412536621094,83.57909393310547,91.6185531616211,116.7505340576172,80.26698303222656,,-0.07070707070707083,0.10179640718562877,0.41538461538461524,0.0972705639824266,0.08496732026143783,-0.0292397660818714,-0.05681818181818188,0.11044836834015138,-0.03385416666666663,-0.04381443298969068,-0.1166666666666667,0.019513551853556528,-0.1215522771007056,-0.11559573781078458,-0.17125567322239033,0.08796377065812726,0.0074349442379182396,-0.00974421437271622,0.001848428835489635,0.03586843749816204
1989-06,89.46155548095703,-14.366950988769531,103.82850646972656,87.73377227783203,97.67894744873048,68.48663330078125,,-0.048913043478260754,-0.06417112299465233,0.1513157894736843,0.06935455419807636,0.024096385542168752,0.14093959731543615,-0.10052910052910047,0.03437770371829127,-0.008086253369272267,-0.05641025641025643,-0.12171837708830546,0.013281414133852944,-0.07046367287331146,-0.21997549019607843,-0.2723635324378394,0.03910210826511319,-0.06580565805658045,-0.0990510083036773,-0.10065127294256959,0.03744288990866185
1989-07,84.75310516357422,-4.7084503173828125,89.46155548095703,83.57909393310547,84.32604217529297,78.8324966430664,,0.017142857142857126,-0.101010101010101,0.04705882352941182,0.04574562174488134,-0.03529411764705881,0.07189542483660127,-0.07865168539325851,0.06013223762465295,0.01902173913043481,-0.0234375,-0.07178217821782173,0.02644078297797507,-0.01610369206598583,-0.19660038486209108,-0.2619328226281673,0.05273274928211209,0.003291639236339794,-0.055762081784386575,-0.11703360370799532,0.041141603626951656
1989-08,109.1772918701172,24.424186706542983,84.75310516357422,103.82850646972656,115.9572525024414,115.18624114990234,,-0.0393258426966292,-0.07065217391304335,0.023952095808383422,0.035693161079904896,-0.03658536585365846,-0.04819277108433728,-0.07602339181286544,0.03466788654135531,-0.026666666666666616,-0.016172506738544423,-0.05927835051546393,0.022976456935839346,0.10259481037924156,0.008397225264695107,-0.10816919599612529,0.08850007591502078,0.006561679790026309,-0.056580565805657956,-0.06577344701583421,0.04087004046448909
1989-09,85.54584503173828,-23.63144683837892,109.1772918701172,89.46155548095703,79.4195785522461,88.94374084472656,,0.040935672514619936,0.017142857142857126,-0.048128342245989275,0.041224432377095444,-0.03164556962025322,-0.09999999999999998,0.02684563758389258,0.0025619267314062155,-0.008219178082191747,-0.016304347826086918,-0.07179487179487176,0.02298480595937318,0.04417089065894286,0.13275726630007845,-0.11642156862745101,0.05935165569283905,0.025423728813559254,0.0355497037524688,-0.06702253855278761,0.011946404254300158
1989-10,69.52467346191406,-16.02117156982422,85.54584503173828,84.75310516357422,68.15611267089844,64.53548431396484,,0.0674157303370786,0.0674157303370786,-0.04040404040404044,0.055583072513126136,0.045751633986928164,-0.024390243902438935,0.045751633986928164,0.046177393920596846,0.013812154696132506,-0.021333333333333315,-0.04427083333333337,0.020265835117199513,-0.007975034674063797,0.14211576846307383,-0.08242463117382937,0.05531461916382116,0.020343293070565815,0.053149606299212504,-0.005576208178438735,0.00975978641603028
1989-11,92.8287124633789,23.304039001464844,69.52467346191406,109.1772918701172,71.7497329711914,112.52256774902344,,0.010526315789473717,0.12280701754385959,0.04347826086956519,0.028467314374814482,0.18749999999999978,0.20253164556962022,0.14457831325301207,0.11113633300123797,0.07356948228882842,0.07945205479452055,0.06199460916442057,0.04231962269502619,-0.09437259699405798,-0.061911658218682164,-0.054034319094560024,0.06997384544090973,0.021183800623052917,0.06844850065189045,0.00799507995079951,0.0027231804734266134
1989-12,112.55352783203124,19.72481536865233,92.8287124633789,85.54584503173828,101.52501678466795,128.65443420410156,,0.03645833333333326,0.1179775280898876,0.137142857142857,0.028481676714195582,0.17894736842105274,0.4640522875816995,0.3176470588235296,0.0794846425897761,0.038071065989847774,0.12983425414364635,0.11141304347826098,0.03005431343948541,-0.06638363566190664,-0.16123439667128991,-0.04988216810683421,0.044082281778221065,0.015863331299572847,0.058486967577876525,0.09611586570111919,0.0028601836840031285
1990-01,81.5440444946289,-31.00948333740233,112.55352783203124,69.52467346191406,76.01142120361328,80.72607421875,,0.05527638190954787,0.10526315789473695,0.1797752808988764,0.022469078396256583,0.06696428571428559,0.4937499999999999,0.4573170731707319,0.06725847745551375,0.0024449877750611915,0.11716621253406001,0.09333333333333327,0.03556226635199373,-0.021496486151302174,-0.1726668996854247,-0.05508982035928145,0.03676312844686814,-0.02102102102102099,0.015576323987538832,0.06955380577427817,0.022985538243062965
1990-02,77.40721130371094,-4.136833190917969,81.5440444946289,92.8287124633789,81.10881042480469,65.3890380859375,,-0.05238095238095242,0.03645833333333326,0.1637426900584793,0.05749875254440699,-0.20502092050209209,0.0,0.20253164556962022,0.1974621525388447,0.017073170731707332,0.058375634517766395,0.14246575342465762,0.017907692903941057,-0.0029573299535277098,-0.08915476649942111,-0.14554670528602465,0.032612504655743946,-0.04601226993865026,-0.05125076266015871,0.013689700130377958,0.031127715402740834
1990-03,67.5919418334961,-9.815269470214844,77.40721130371094,112.55352783203124,68.18672180175781,59.72285842895508,,-0.07035175879396982,-0.07035175879396982,0.0393258426966292,0.06794051472463909,-0.18421052631578938,-0.3080357142857143,0.013071895424836555,0.15138131275309294,-0.05755395683453235,-0.03911980440097795,0.08563535911602216,0.03954547015707803,0.11271186440677972,0.08557255064076075,-0.08945908460471563,0.07272659325172268,-0.01414790996784554,-0.07927927927927925,-0.025429116338207214,0.016768718964991443
1990-04,81.64384460449219,14.051902770996094,67.5919418334961,81.5440444946289,97.97654724121094,54.79267120361328,,-0.09189189189189184,-0.19999999999999996,-0.11578947368421044,0.01978232189796117,-0.03870967741935483,-0.37656903765690375,-0.06875000000000009,0.09061180856773755,-0.04834605597964381,-0.08780487804878045,0.019073569482288777,0.04068920583818374,0.022848438690022954,0.1347697507393324,-0.0611674239776302,0.060718936503639666,-0.01696020874103077,-0.07546012269938662,-0.06105919003115268,0.017641186281771044
1990-05,86.40711975097656,4.763275146484375,81.64384460449219,77.40721130371094,97.81657409667967,66.84378051757812,,-0.005952380952381042,-0.16080402010050254,-0.13020833333333337,0.04471550204865959,-0.01342281879194629,-0.22631578947368414,-0.22631578947368414,0.09217588557577983,-0.013368983957219305,-0.1151079136690647,-0.06345177664974622,0.02331127350154961,0.02084884586746094,0.16186440677966107,0.05827865688923195,0.05246943209806765,-0.11413404114134029,-0.14147909967845662,-0.18547895057962172,0.05693254657164676
1990-06,79.68110656738281,-6.72601318359375,86.40711975097656,67.5919418334961,72.84642028808594,80.65287780761719,,-0.05988023952095811,-0.15135135135135136,-0.21105527638190957,0.043433012325173666,0.0,-0.05161290322580647,-0.3437500000000001,0.019655518349285344,-0.046070460704607075,-0.10432569974554706,-0.13936430317848414,0.019570217519561298,-0.05725747629467537,-0.015613099771515593,0.06862339809838769,0.04568288072623989,-0.022471910112359605,-0.1487279843444228,-0.21621621621621623,0.054581863318847554
1990-07,85.78742980957031,6.1063232421875,79.68110656738281,81.64384460449219,82.36925506591797,81.84713745117188,,0.12101910828025497,0.04761904761904767,-0.16190476190476188,0.09287495809119736,-0.04081632653061229,-0.05369127516778527,-0.41004184100418417,0.02080283971802657,0.03125,-0.02941176470588236,-0.1146341463414634,0.03881300030146113,0.0711798839458413,0.03090096798212949,0.16983523447401772,0.0647172909163322,-0.08352490421455938,-0.20637027206370273,-0.26625766871165646,0.04666607193136437
1990-08,250.4510803222656,164.66365051269528,85.78742980957031,86.40711975097656,353.7631225585937,128.2501983642578,,0.5397727272727273,0.6227544910179643,0.3618090452261309,0.30758815756317887,-0.03546099290780125,-0.07482993197278909,-0.28421052631578936,0.022181576918967348,0.0881542699724518,0.07046070460704601,-0.052757793764988015,0.06737065126348848,0.06789454676778628,0.07840991976659373,0.2529661016949152,0.07322337721264605,-0.0376254180602007,-0.1378277153558053,-0.2598070739549839,0.03179061633355208
1990-09,188.66053771972656,-61.790542602539034,250.4510803222656,79.68110656738281,262.1236267089844,106.9548110961914,,0.2583025830258303,1.1719745222929938,0.8432432432432433,0.2134739593642437,0.0588235294117645,-0.020408163265306145,-0.07096774193548394,0.056045147930720345,-0.015189873417721489,0.10511363636363646,-0.010178117048346036,0.051760296491294884,0.02502536354413265,0.1725338491295938,0.15422696115765433,0.025751375575389143,-0.05734144222415283,-0.16858237547892718,-0.2922374429223745,0.023025558697060723
1990-10,143.85256958007812,-44.80796813964844,188.66053771972656,85.78742980957031,172.9463653564453,105.10758972167967,,0.058651026392961825,1.0511363636363638,1.1488095238095237,0.2417175615002404,0.17361111111111116,0.198581560283688,0.13422818791946312,0.10470347394770607,-0.020565552699228773,0.04958677685950419,0.018716577540107027,0.06127657211712065,-0.09468822170900693,-0.009028530155290704,0.021593447505584562,0.08426373871166096,-0.03410138248847927,-0.12374581939799334,-0.30457863304578625,0.012524913918945326
1990-11,158.74354553222656,14.890975952148438,143.85256958007812,250.4510803222656,201.1810607910156,115.40345764160156,,-0.08587257617728539,0.21771217712177116,0.9760479041916168,0.17282185238866654,0.24260355029585812,0.5441176470588236,0.4285714285714286,0.09283609360337082,0.002624671916010568,-0.032911392405063244,0.035230352303523116,0.012138385881784173,-0.05758017492711365,-0.12546499830909708,-0.05689277899343548,0.06128080805637323,0.01526717557251911,-0.07558644656820146,-0.20299625468164795,0.03707956822807542
1990-12,153.1624298095703,-5.58111572265625,158.74354553222656,188.66053771972656,194.6485290527344,103.18325805664062,,-0.1515151515151515,-0.1788856304985338,0.7834394904458599,0.10752196809131215,0.004761904761904745,0.4652777777777777,0.435374149659864,0.12236465959017506,-0.01308900523560208,-0.03084832904884316,0.07102272727272729,0.01183641928756567,-0.03905645784996137,-0.18013856812933027,-0.03868471953578334,0.028328514434488215,0.018796992481203034,-0.0009216589861750224,-0.16934865900383134,0.029574629349224568
1991-01,379.2497863769531,226.0873565673828,153.1624298095703,143.85256958007812,360.0328063964844,479.7158508300781,,-0.15357142857142858,-0.3434903047091413,0.34659090909090895,0.038506083042820494,-0.20853080568720372,-0.01183431952662728,0.18439716312056742,0.22567847180937087,0.018567639257294433,0.007874015748031482,0.05785123966942152,0.015828460642253014,-0.014486921529175079,-0.10750728862973757,-0.11556518598772125,0.021617194922066367,-0.011992619926199377,0.021946564885496178,-0.10451505016722407,0.016850105292642515
1991-02,339.3580322265625,-39.891754150390625,379.2497863769531,158.74354553222656,253.7916259765625,490.2737426757813,,-0.18143459915611815,-0.4121212121212121,-0.2841328413284133,0.016712061001485118,-0.18562874251496997,-0.35238095238095235,0.0,0.11709460804464887,-0.05208333333333337,-0.04712041884816753,-0.07848101265822782,0.03538893587065713,0.0,-0.05297757153905647,-0.17179573892458577,0.01974394384022881,-0.006535947712418166,0.0,-0.07558644656820146,0.016429310001236052
1991-03,148.61831665039062,-190.73971557617188,339.3580322265625,153.1624298095703,133.98248291015625,171.39544677734375,,0.005154639175257714,-0.3035714285714286,-0.42815249266862176,0.10065275680811403,-0.014705882352941235,-0.3649289099526065,-0.06944444444444431,0.10591445410412305,-0.0027472527472527375,-0.037135278514588865,-0.06683804627249357,0.03623978797942831,-0.015924867292772538,-0.030181086519114664,-0.2048828769383042,0.008808518431078369,0.09210526315789469,0.0719557195571956,0.07096774193548394,0.05858929512035437
1991-04,97.760009765625,-50.858306884765625,148.61831665039062,379.2497863769531,100.77496337890624,88.50554656982422,,-0.01025641025641022,-0.18565400843881852,-0.46537396121883656,0.10356561258501164,-0.007462686567164201,-0.20359281437125742,-0.21301775147928992,0.10083834547032554,-0.01377410468319562,-0.06770833333333337,-0.06036745406824151,0.025894778466523848,0.025726141078838083,0.009391588403429907,-0.0991253644314869,0.021016827509849637,0.007745266781411297,0.09337068160597584,0.11736641221374033,0.05330830228963804
1991-05,88.56902313232422,-9.190986633300781,97.760009765625,339.3580322265625,95.45738983154295,79.06768798828125,,0.0,-0.005154639175257603,-0.41515151515151516,0.007845005852559556,-0.015037593984962405,-0.03676470588235292,-0.3761904761904762,0.004280832087850901,-0.0027932960893854997,-0.019230769230769273,-0.06544502617801051,0.006353106077352647,-0.06715210355987056,-0.058391180073499416,-0.10827532869296208,0.04652132944701244,-0.012809564474807855,0.08646616541353369,0.08646616541353369,0.0555971089383426
1991-06,87.73383331298828,-0.8351898193359375,88.56902313232422,148.61831665039062,99.7988510131836,69.48858642578125,,-0.05699481865284983,-0.06666666666666665,-0.35,0.03038114032326458,-0.08396946564885499,-0.10447761194029859,-0.4312796208530806,0.04215501037624973,0.028011204481792618,0.011019283746556363,-0.02652519893899208,0.02166220777770732,-0.03772766695576757,-0.07925311203319507,-0.10704225352112673,0.047466745465868335,0.02249134948096887,0.01721170395869187,0.09040590405904059,0.017729930292525883
1991-07,115.18467712402344,27.450843811035156,87.73383331298828,97.760009765625,144.65106201171875,84.731201171875,,0.0714285714285714,0.010362694300518172,-0.17721518987341767,0.06434673947917201,-0.008333333333333304,-0.10526315789473695,-0.28742514970059885,0.04186759795996495,0.0027247956403269047,0.027932960893854775,-0.04166666666666663,0.016425432839934126,0.0076611086074809265,-0.09546925566343045,-0.08697427521437318,0.03768942188332795,-0.016920473773265665,-0.0076857386848846465,0.08496732026143805,0.0216654329658879
1991-08,113.49502563476562,-1.6896514892578125,115.18467712402344,88.56902313232422,133.4146728515625,87.34529113769531,,0.01538461538461533,0.02590673575129543,0.020618556701031077,0.0643846185055684,0.10084033613445387,0.0,-0.03676470588235292,0.09291068960019147,-0.03260869565217395,-0.0028011204481792618,-0.02197802197802201,0.030448399988798502,-0.0013416815742397503,-0.03165654813529917,-0.08819926500612496,0.02403168432983051,0.09380378657487087,0.09948096885813151,0.19454887218045092,0.05612280779109425
1991-09,117.94219207763672,4.447166442871094,113.49502563476562,87.73383331298828,154.14364624023438,74.79663848876953,,0.03535353535353525,0.12637362637362637,0.05128205128205132,0.028405078775919416,0.2442748091603053,0.3583333333333334,0.21641791044776104,0.12669070724363318,-0.0196629213483146,-0.049046321525885506,-0.038567493112947604,0.017875768287485858,0.041200179131213543,0.04776926543488047,-0.03526970954356845,0.022419223131552993,0.082612116443745,0.16412859560067683,0.18416523235800342,0.060953331636142215
1991-10,100.8318099975586,-17.110382080078125,117.94219207763672,115.18467712402344,122.6444320678711,77.95648193359375,,0.08292682926829276,0.1384615384615384,0.15025906735751282,0.03469852714197299,0.08588957055214741,0.4873949579831933,0.3308270676691729,0.08744794380340791,0.02865329512893977,-0.024456521739130488,0.0027932960893854997,0.032287978571672635,0.016774193548387162,0.057245080500894385,-0.043689320388349495,0.021348784568967962,0.06976744186046502,0.26678141135972444,0.2570452604611442,0.012027641862975736
1991-11,100.7423324584961,-0.0894775390625,100.8318099975586,113.49502563476562,120.3302230834961,77.58206176757812,,-0.04054054054054046,0.07575757575757569,0.10362694300518127,0.062272680549909906,0.02259887005649719,0.38167938931297707,0.38167938931297707,0.11418684874344368,0.0027855153203342198,0.011235955056179803,0.008403361344537785,0.024178265431891062,0.006768189509306355,0.0658307210031348,0.03209019947961833,0.01771209943252377,-0.0013586956521738358,0.1565696302124313,0.2716262975778547,0.04523090828674802
1991-12,103.96953582763672,3.227203369140625,100.7423324584961,117.94219207763672,135.23251342773438,58.74743270874024,,-0.13615023474178412,-0.102439024390244,0.01098901098901095,0.10983333207489258,0.06077348066298338,0.17791411042944794,0.6000000000000001,0.03186908542644322,0.005555555555555536,0.0372492836676217,-0.013623978201634857,0.014202820896634463,-0.06596638655462184,-0.04387096774193544,0.0018026137899955774,0.04515979455926817,0.07346938775510203,0.1468023255813955,0.33502538071066,0.042173992592749725
1992-01,102.95763397216795,-1.0119018554687642,103.96953582763672,100.8318099975586,126.1564712524414,69.45668029785156,,-0.010869565217391242,-0.18018018018018023,-0.06666666666666665,0.06546860132710225,-0.33333333333333326,-0.2768361581920904,0.07563025210084051,0.2173573153217316,-0.02209944751381221,-0.013927576601671321,-0.03804347826086951,0.015230089149052115,-0.037786774628879916,-0.09517766497461932,-0.04338103756708411,0.036673228002726425,0.06020278833967052,0.1365489130434785,0.43975903614457845,0.039927144145584834
1992-02,87.2034683227539,-15.754165649414048,102.95763397216795,100.7423324584961,101.0959701538086,62.86050415039063,,-0.005494505494505364,-0.1502347417840375,-0.08585858585858586,0.07393133865130411,-0.0546875,-0.33149171270718236,-0.07633587786259544,0.2026059061857169,0.0,-0.01666666666666672,-0.005617977528089901,0.014629017811148837,0.031323048153342636,-0.07310924369747895,-0.012091356918943141,0.05005911878148147,0.01673640167363999,0.15714285714285703,0.3383162863886704,0.029675919361130045
1992-03,85.29731750488281,-1.9061508178710938,87.2034683227539,103.96953582763672,107.12957000732422,53.69252014160156,,-0.027624309392265234,-0.04347826086956508,-0.14146341463414625,0.011542248047523185,0.05785123966942152,-0.33333333333333326,-0.21472392638036808,0.20138430860577552,-0.02824858757062143,-0.04972375690607733,-0.014326647564469885,0.014855864182140152,0.00951949229374427,0.001799370220422869,-0.04215053763440857,0.03533045320793227,-0.051146384479717755,0.02281368821292773,0.17296511627906996,0.05611897735066297
1992-04,85.85562133789062,0.5583038330078125,85.29731750488281,102.95763397216795,92.64119720458984,74.40125274658203,,0.07954545454545436,0.04395604395604402,-0.14414414414414412,0.05657867873828113,0.1484375,0.1484375,-0.1694915254237288,0.10176001515990232,-0.014534883720930258,-0.0423728813559322,-0.055710306406685284,0.014126282937566959,-0.005388414907947947,0.03553062178588129,-0.06302876480541453,0.018463352283904465,-0.05142503097893436,-0.08487746563060383,0.04008152173913038,0.03927283030515586
1992-05,78.96814727783203,-6.887474060058594,85.85562133789062,87.2034683227539,93.08229064941406,56.43539047241211,,0.047368421052631504,0.09944751381215444,-0.06572769953051649,0.054991862134994865,0.08163265306122458,0.31404958677685957,-0.12154696132596687,0.046965082345121895,-0.005899705014749235,-0.04802259887005644,-0.06388888888888888,0.011270200649359869,0.0009029345372459918,0.00498640072529466,-0.06848739495798317,0.007484114761132757,-0.08752449379490534,-0.1787184009406232,-0.04965986394557831,0.02092293676335807
1992-06,93.84909057617188,14.880943298339844,78.96814727783203,85.29731750488281,124.3361358642578,49.73001480102539,,0.0653266331658291,0.20454545454545436,0.15217391304347827,0.016124689909816903,-0.018867924528301883,0.21875,-0.1874999999999999,0.08421634713337735,0.011869436201780381,-0.008720930232558155,-0.058011049723756924,0.013462892219242403,0.03698691926026165,0.03233048944768746,0.03418803418803429,0.022866656865400348,0.0050107372942020945,-0.13011152416356875,-0.11026615969581754,0.04663856799705458
1992-07,75.19676971435547,-18.652320861816406,93.84909057617188,85.85562133789062,92.42886352539062,51.64294052124024,,-0.04245283018867918,0.06842105263157894,0.11538461538461542,0.05774479381705188,0.1217948717948718,0.19047619047619047,0.3671875,0.0724561846668874,0.035190615835777095,0.041297935103244754,-0.0028248587570621764,0.02060758059021586,0.09612875163114398,0.13769751693002252,0.1781206171107994,0.04807592351492393,-0.07478632478632474,-0.15153494448073146,-0.22355050806933652,0.05015409763766248
1992-08,81.64519500732422,6.44842529296875,75.19676971435547,78.96814727783203,87.55679321289062,70.1595230102539,,-0.024630541871921152,-0.005025125628140614,0.09392265193370153,0.057773032957432975,0.12571428571428567,0.23899371069182385,0.6280991735537191,0.08236645716305298,-0.028328611898016942,0.017804154302670572,-0.031073446327683607,0.03213111882700964,0.0007936507936507908,0.13757329724853395,0.14324569356300998,0.04812568695644201,-0.08545034642032334,-0.14960629921259838,-0.3015873015873016,0.049437671434005626
1992-09,74.6097183227539,-7.0354766845703125,81.64519500732422,93.84909057617188,92.68926239013672,45.73872375488281,,0.025252525252525304,-0.04245283018867918,0.15340909090909083,0.03509503645343467,0.18274111675126914,0.4935897435897436,0.8203125,0.034112231525455325,0.005830903790087438,0.011730205278592365,0.0029069767441860517,0.03178982409343536,-0.04282315622521804,0.050021748586341896,0.08396946564885499,0.0710619917198347,0.10690235690235683,-0.06339031339031342,-0.18525402726146223,0.10810801765419961
1992-10,68.18277740478516,-6.42694091796875,74.6097183227539,75.19676971435547,71.33625793457031,58.99306106567383,,0.0,0.0,0.06842105263157894,0.024942179837495693,0.03862660944205998,0.3828571428571428,0.6462585034013606,0.07257790530824199,-0.0028985507246376274,-0.025495750708215303,0.014749262536873253,0.017747130751440878,-0.06835128417564207,-0.10753968253968249,0.015349887133182749,0.0349645849469672,0.04486692015209126,0.05773672055427248,-0.10254735467015019,0.09817547882511612
1992-11,91.00899505615234,22.826217651367188,68.18277740478516,81.64519500732422,109.6229248046875,68.5569076538086,,-0.054187192118226646,-0.030303030303030387,-0.035175879396984855,0.04058860783773347,-0.07438016528925606,0.13705583756345185,0.408805031446541,0.12887388928089996,-0.026162790697674465,-0.023323615160349864,-0.005934718100890191,0.016537959994227722,-0.040462427745664775,-0.14432989690721654,-0.02661253946774922,0.015465265751457192,0.061135371179039444,0.2272727272727273,0.04366499642090216,0.032165392618492765
1992-12,83.42096710205078,-7.5880279541015625,91.00899505615234,74.6097183227539,97.29403686523438,60.88547134399414,,-0.05208333333333337,-0.10344827586206906,-0.14150943396226412,0.030695688140615154,-0.0357142857142857,-0.07296137339055786,0.3846153846153846,0.05743423785967091,0.0,-0.02898550724637683,-0.017595307917888547,0.01434176927089063,0.022706209453197346,-0.08574979287489648,-0.04001739886907352,0.04665392478041442,0.003429355281207025,0.11254752851711025,0.04202279202279202,0.029753763213095724
1993-01,128.91807556152344,45.497108459472656,83.42096710205078,68.18277740478516,144.89353942871094,114.82777404785156,,-0.04395604395604402,-0.1428571428571429,-0.1428571428571429,0.0054030153174780635,-0.12962962962962976,-0.22314049586776863,0.07428571428571429,0.047201068801355876,-0.017910447761193993,-0.043604651162790664,-0.06798866855524077,0.013375206665307815,0.02265518803806077,0.0035571365051134674,-0.10436507936507933,0.03645571000307137,0.0724538619275461,0.14192139737991272,0.20785219399538102,0.03701908296495066
1993-02,90.4680633544922,-38.450012207031236,128.91807556152344,91.00899505615234,105.26100158691406,64.63740539550781,,0.06321839080459779,-0.03645833333333326,-0.06565656565656564,0.06435176750753728,-0.10106382978723405,-0.2455357142857144,-0.14213197969543145,0.04814329246100592,0.0,-0.017910447761193993,-0.04081632653061229,0.010340601836233016,-0.019494904740806396,0.025486561631139937,-0.1225218080888184,0.024350109389443632,-0.04780114722753348,0.024691358024691246,0.25757575757575757,0.06034651899924415
1993-03,94.24144744873048,3.7733840942382812,90.4680633544922,83.42096710205078,99.9146728515625,80.28809356689453,,0.016216216216216273,0.03296703296703307,-0.07389162561576357,0.05372191479669152,0.289940828402367,0.0092592592592593,-0.06437768240343344,0.23442838881692007,0.003039513677811634,-0.014925373134328401,-0.04347826086956519,0.011320509902385159,-0.02711251694532313,-0.024467603081105627,-0.10811930405965198,0.026806351225902268,-0.026104417670682722,-0.005468215994531844,0.10646387832699622,0.06409075567468629
1993-04,112.72166442871094,18.480216979980455,94.24144744873048,128.91807556152344,144.0390167236328,72.71391296386719,,-0.005319148936170248,0.07471264367816088,-0.0788177339901478,0.03504846815958495,0.07798165137614665,0.2500000000000002,-0.028925619834710647,0.1957330749501414,0.036363636363636376,0.03951367781155013,-0.005813953488372103,0.020174446897682285,-0.09428704133766841,-0.13602126716880814,-0.1329479768786127,0.04115885574972445,0.07422680412371152,-0.003824091778202643,0.13755458515283836,0.06509982469408146
1993-05,110.72975158691406,-1.991912841796875,112.72166442871094,90.4680633544922,137.38629150390625,77.88386535644531,,-0.010695187165775333,0.0,-0.03645833333333326,0.014241356274836869,-0.07659574468085117,0.28402366863905315,-0.03125000000000011,0.18401536326485715,0.07309941520467844,0.11550151975683898,0.09552238805970159,0.035043792607232366,-0.07948717948717954,-0.18888386805241753,-0.16821130676552365,0.035295320545610936,-0.1036468330134358,-0.06224899598393585,-0.039094650205761416,0.08917979127614568
1993-06,104.19525146484376,-6.534500122070298,110.72975158691406,94.24144744873048,125.46405029296876,73.33211517333984,,-0.043243243243243246,-0.0585106382978724,-0.027472527472527486,0.02052037471425197,-0.09216589861751145,-0.09633027522935789,-0.08796296296296302,0.09406273601008527,0.013623978201634968,0.1272727272727272,0.11044776119402977,0.030010934415880777,0.03231197771587735,-0.1393404551788202,-0.1603987313094699,0.06921632645485135,-0.19842969307637404,-0.22817869415807557,-0.23239917976760094,0.13842229277078666
1993-07,123.31478881835938,19.11953735351561,104.19525146484376,112.72166442871094,131.75840759277344,107.0821533203125,,-0.05084745762711862,-0.10160427807486627,-0.0344827586206895,0.021328403808140904,0.045685279187817285,-0.12340425531914889,0.09574468085106402,0.07549616515017815,0.053763440860215006,0.14619883040935666,0.1914893617021276,0.030338050841235795,0.03993524015110639,-0.01179487179487182,-0.14621178555604786,0.06685666258712616,0.040071237756010625,-0.2527191298784389,-0.25557680050987897,0.1200842540575269
1993-08,97.2416763305664,-26.07311248779297,123.31478881835938,110.72975158691406,97.08562469482422,94.7355728149414,,-0.005952380952381042,-0.0972972972972973,-0.0972972972972973,0.024027763096129983,0.09708737864077666,0.041474654377880116,0.3372781065088757,0.09786208493205373,-0.03316326530612246,0.032697547683923744,0.15197568389057747,0.043505698597047095,0.01037882719252714,0.08467966573816166,-0.12019882512426572,0.015344699242270202,0.023972602739726012,-0.14632405424696648,-0.19946452476572962,0.13329456180553248
1993-09,89.16477966308594,-8.076896667480469,97.2416763305664,104.19525146484376,97.45659637451172,76.93018341064453,,-0.041916167664670656,-0.096045197740113,-0.14893617021276595,0.02376527510434385,0.004424778761062065,0.15228426395939088,0.041284403669724634,0.04642370468504651,-0.0633245382585752,-0.045698924731182755,0.07575757575757569,0.06079411907572898,-0.043656908063687716,0.004856988667026441,-0.13516024152345563,0.04238924681807457,-0.032608695652173836,0.030276046304541504,-0.20481099656357382,0.03817281340019989
1993-10,106.16590881347656,17.001129150390625,89.16477966308594,123.31478881835938,130.3068084716797,65.22377014160156,,0.03750000000000009,-0.011904761904761862,-0.1122994652406416,0.03976688541081416,-0.11013215859030834,-0.01941747572815533,-0.1404255319148936,0.10380236503572479,0.025352112676056304,-0.0714285714285714,0.06432748538011701,0.04508750800294206,-0.11600429645542432,-0.14582252205500779,-0.15589743589743588,0.06341227435704358,0.1054451166810717,0.09503424657534265,-0.18170185540627004,0.06939989067640161
1993-11,83.48017883300781,-22.68572998046875,106.16590881347656,97.2416763305664,105.1309585571289,51.35593795776367,,-0.08433734939759052,-0.08982035928143717,-0.17837837837837844,0.06184769472178006,0.1188118811881187,0.0,0.041474654377880116,0.11447203038810395,0.027472527472527375,-0.01319261213720313,0.019073569482288777,0.05182044597336372,-0.009720534629404587,-0.16281458654340009,-0.0919220055710307,0.05428637041478255,0.0664581704456606,0.1404682274247493,-0.02640970735189141,0.07117242096363836
1993-12,79.55179595947266,-3.9283828735351562,83.48017883300781,89.16477966308594,97.06568145751952,50.134674072265625,,-0.10526315789473684,-0.15000000000000002,-0.23163841807909602,0.07709685296383949,0.03539823008849563,0.03083700440528636,0.18781725888324874,0.11586795974214184,0.02406417112299475,0.07887323943661961,0.029569892473118253,0.0017210387056819927,0.05766871165644161,-0.07411385606874332,-0.06961683756071235,0.087559372513254,0.030058651026392935,0.21434745030250646,0.251113089937667,0.03770063260879622
1994-01,83.48997497558594,3.9381790161132812,79.55179595947266,106.16590881347656,93.09183502197266,65.27042388916016,,0.05147058823529416,-0.13855421686746994,-0.14880952380952384,0.085095194303507,0.0,0.15841584158415833,0.13592233009708732,0.061001550519402814,0.010443864229765065,0.06318681318681318,-0.012755102040816313,0.009010225900855623,0.04698375870069604,0.09659781287970848,-0.06331084587441616,0.036218907623659355,0.08683274021352294,0.1939014855355745,0.30736301369863006,0.028761505843190687
1994-02,117.2420654296875,33.75209045410156,83.48997497558594,83.48017883300781,148.14723205566406,76.48810577392578,,-0.034965034965035,-0.09210526315789469,-0.17365269461077837,0.07850521237622982,0.15811965811965822,0.1991150442477878,0.1991150442477878,0.08298133311703666,-0.012919896640826822,0.021390374331550888,0.0079155672823219,0.018704720216400943,0.0337950138504155,0.14478527607361968,-0.04160246533127887,0.011958711311046881,-0.05566470203012441,0.05718475073313778,0.20568561872909696,0.071737149265289
1994-03,93.47403717041016,-23.768028259277344,117.2420654296875,79.55179595947266,98.56234741210938,79.4195327758789,,0.014492753623188248,0.02941176470588247,-0.125,0.043367710843181584,-0.18450184501845024,-0.05555555555555547,-0.026431718061673992,0.17147995583143577,0.005235602094240788,0.0026109660574411553,0.08169014084507031,0.012265218103847533,0.0262593783494105,0.11078886310904879,0.0284640171858217,0.01048990573578998,-0.07420249653259359,-0.04982206405693945,0.15384615384615374,0.08811121603299167
1994-04,95.35697174072266,1.8829345703125,93.47403717041016,83.48997497558594,116.44586181640624,68.70893859863281,,0.08571428571428563,0.06293706293706292,-0.08433734939759052,0.06066585795028211,-0.07692307692307687,-0.12820512820512808,0.00990099009900991,0.1752178515705067,-0.01822916666666663,-0.025839793281653756,0.03571428571428581,0.012304510389346995,-0.017232375979112313,0.042659279778393344,0.14337788578371802,0.027544246252745062,-0.02621722846441943,-0.14865749836280284,0.016419077404222104,0.024198448559061128
1994-05,104.46678924560548,9.109817504882827,95.35697174072266,117.2420654296875,122.97669982910156,73.90620422363281,,0.06578947368421062,0.17391304347826075,0.06578947368421062,0.03674429265626584,-0.05882352941176472,-0.29151291512915134,-0.1504424778761061,0.06794093510636832,0.010610079575596787,-0.002617801047120394,0.018716577540107027,0.015336136546419157,0.14293304994686507,0.152733118971061,0.31963190184049073,0.08282234199442907,-0.0361538461538462,-0.13106796116504849,-0.08137829912023464,0.02532792305712045
1994-06,120.35224151611328,15.885452270507798,104.46678924560548,93.47403717041016,148.2960662841797,79.9498519897461,,0.0370370370370372,0.19999999999999996,0.23529411764705888,0.024471668266147308,-0.01041666666666663,-0.14027149321266974,-0.18803418803418803,0.034384881818737646,0.013123359580052396,0.005208333333333259,0.007832898172323688,0.017421249487594284,0.09902370990237097,0.23446475195822458,0.37122969837587005,0.08276117377699484,-0.04070231444533112,-0.099625468164794,-0.14448398576512456,0.007407683519819694
1994-07,99.6402359008789,-20.712005615234375,120.35224151611328,95.35697174072266,115.40325927734376,75.47087860107422,,0.04761904761904767,0.1578947368421053,0.23076923076923084,0.014542156789239768,0.03157894736842115,-0.03921568627450989,-0.16239316239316237,0.045239112441557275,-0.002590673575129543,0.021220159151193574,-0.0051679586563307955,0.00844104355840642,0.03976311336717431,0.3060573857598299,0.3617728531855955,0.05177496862820209,-0.005823627287853572,-0.08076923076923082,-0.21741977734119178,0.018961072218657296
1994-08,98.2270278930664,-1.4132080078125,99.6402359008789,104.46678924560548,122.92201232910156,66.64015197753906,,-0.045454545454545525,0.0370370370370372,0.21739130434782616,0.05095673631875071,-0.15306122448979598,-0.13541666666666663,-0.38745387453874536,0.09678420544229008,-0.012987012987012991,-0.002624671916010457,-0.005235602094240788,0.013145127530510527,-0.0211554109031733,0.1185495118549511,0.28938906752411575,0.06009146636389383,0.07280334728033466,0.02314445331205106,-0.11095700416088772,0.05814100559753701
1994-09,98.8984832763672,0.6714553833007955,98.2270278930664,120.35224151611328,131.31796264648438,51.33683013916016,,-0.0535714285714286,-0.0535714285714286,0.13571428571428568,0.05622586888437449,-0.10240963855421681,-0.21578947368421053,-0.32579185520361986,0.0954031073735458,0.03157894736842115,0.015544041450777257,0.02083333333333326,0.02331584472340383,0.04156275976724855,0.06006768189509315,0.30861618798955615,0.03570218074265299,0.10842433697347897,0.18219633943427604,0.0644194756554306,0.05845746797790162
1994-10,94.85363006591795,-4.044853210449247,98.8984832763672,99.6402359008789,118.89933776855467,64.50569152832031,,0.03144654088050314,-0.06818181818181834,0.07894736842105265,0.046917864402899655,0.01342281879194629,-0.22959183673469385,-0.2598039215686274,0.08534213300990072,-0.005102040816326481,0.01298701298701288,0.034482758620689724,0.023783020913894098,0.016759776536312776,0.03661513425549234,0.3538788522848033,0.03158670170596474,0.10767065446868407,0.3171548117154812,0.21076923076923082,0.020351707768652992
1994-11,86.5298080444336,-8.32382202148436,94.85363006591795,98.2270278930664,100.79308319091795,70.68946075439453,,0.04878048780487809,0.023809523809523725,0.06172839506172845,0.05477900393339443,0.04635761589403975,-0.04819277108433728,-0.17708333333333326,0.07813829090260352,-0.01538461538461533,0.010526315789473717,0.007874015748031482,0.02468738699694148,0.09968602825745676,0.1645885286783042,0.302649930264993,0.042564197673744274,-0.031766200762388785,0.18876755070202833,0.21628092577813263,0.08072235492179454
1994-12,96.04750061035156,9.517692565917969,86.5298080444336,98.8984832763672,107.74173736572266,81.61609649658203,,-0.06976744186046513,0.0062893081761006275,-0.04761904761904767,0.06402909188564883,0.08860759493670889,0.15436241610738244,-0.09473684210526312,0.03768844242204819,-0.01302083333333337,-0.03316326530612246,-0.01813471502590669,0.005385568373995691,0.06531049250535337,0.19114126097366313,0.26269035532994933,0.04166455868774874,0.032152230971128626,0.10696692470091507,0.30865224625623977,0.06979879989364628
1995-01,80.15467834472656,-15.892822265625,96.04750061035156,94.85363006591795,84.89913940429688,70.47705841064453,,0.03750000000000009,0.012195121951219745,-0.05681818181818177,0.06543083513189504,-0.12209302325581395,0.0,-0.22959183673469385,0.11147154275554795,0.0,-0.028205128205128216,-0.01558441558441559,0.008284684230685964,0.008040201005025116,0.18092621664050235,0.2241659886086249,0.04629708666060835,-0.027336300063572905,-0.027954256670902233,0.2803347280334727,0.03569331230576286
1995-02,76.87532806396484,-3.2793502807617188,80.15467834472656,86.5298080444336,72.59407043457031,77.14599609375,,0.030120481927710774,-0.005813953488371992,0.017857142857142794,0.05991432590093389,0.04635761589403975,0.0,-0.04819277108433728,0.11147154275554795,-0.00527704485488123,-0.01822916666666663,-0.007894736842105288,0.006549243761610877,-0.04353605849119313,0.02712348322626701,0.19617622610141305,0.05444809224695508,-0.021568627450980427,-0.017716535433070946,0.16770670826833078,0.032807727752367975
1995-03,82.24444580078125,5.369117736816406,76.87532806396484,96.04750061035156,79.15904235839844,79.87528991699219,,-0.005847953216374324,0.0625,0.0691823899371069,0.02319206280081765,-0.025316455696202556,-0.10465116279069764,0.033557046979865834,0.08453647575350513,0.013262599469495928,0.0079155672823219,-0.025510204081632626,0.009552156464757329,0.015983321751216195,-0.02043551088777218,0.16679968076616114,0.0323155286079058,-0.044088176352705344,-0.09027336300063582,0.0070372976776917895,0.011697731185359564
1995-04,99.19087982177734,16.946434020996094,82.24444580078125,80.15467834472656,93.92303466796876,99.14794158935548,,0.09999999999999987,0.12650602409638534,0.14024390243902451,0.053821718932083706,0.051948051948051965,0.07284768211920545,0.07284768211920545,0.0430856311220389,0.023560209424083878,0.0316622691292876,0.002564102564102555,0.014613614752466595,-0.0068399452804377425,-0.03489531405782653,0.13971742543171106,0.030027939398764407,-0.016771488469601747,-0.08039215686274515,-0.10609911054637877,0.014585061204572296
1995-05,87.842529296875,-11.348350524902344,99.19087982177734,76.87532806396484,96.40919494628906,79.34961700439453,,-0.016042780748663166,0.07602339181286522,0.06976744186046502,0.06425684227171333,0.012345679012345512,0.03797468354430378,0.03797468354430378,0.03863631382187162,-0.01534526854219953,0.021220159151193574,0.0026041666666667407,0.020158071579132197,-0.045110192837465535,-0.03648366921473245,-0.010349750178443973,0.030870511524948272,0.01847903340440671,-0.04275217100868389,-0.05971128608923881,0.0313673303137816
1995-06,104.60775756835938,16.765228271484375,87.842529296875,82.24444580078125,121.57904815673828,85.1209487915039,,-0.05434782608695654,0.0235294117647058,0.08749999999999991,0.08037044946166497,-0.012195121951219412,0.051948051948051965,-0.05813953488372081,0.03236496462726443,0.007792207792207684,0.015706806282722585,0.0237467018469657,0.01956872037365239,0.08005769924269734,0.024281805745554053,0.003350083752093891,0.0641389295196199,0.07117934403349602,0.07267645003494061,-0.024157660521296975,0.04426298485713999
1995-07,107.64541625976562,3.03765869140625,104.60775756835938,99.19087982177734,115.32476806640624,100.19744873046876,,-0.08620689655172409,-0.14973262032085555,-0.04216867469879526,0.035131372531478196,-0.11111111111111116,-0.11111111111111116,-0.04635761589403975,0.06535569708780903,-0.005154639175257714,-0.012787723785166238,0.01846965699208436,0.011596066749971105,0.027045075125208706,0.059228650137741035,0.02226653373213683,0.06282743856307098,0.12964169381107493,0.2324093816631132,0.1333333333333333,0.05560621390727055
1995-08,106.93478393554688,-0.71063232421875,107.64541625976562,87.842529296875,118.4973373413086,100.7674560546875,,0.012578616352201255,-0.12499999999999989,-0.05847953216374269,0.05041945165002037,0.08333333333333348,-0.04878048780487798,-0.012658227848101222,0.09722714012030595,-0.005181347150259086,-0.0025974025974025983,0.018567639257294433,0.0074825874263766195,-0.012678803641092307,0.09520375045077523,0.055246699096594964,0.046526665879502264,-0.028258362168396833,0.17585484996510803,0.12558450233800933,0.07983120884563286
1995-09,71.20516967773438,-35.7296142578125,106.93478393554688,104.60775756835938,72.98401641845703,68.81755065917969,,0.04347826086956519,-0.0344827586206895,-0.0117647058823529,0.06773921272839384,0.0512820512820511,0.012345679012345512,0.06493506493506485,0.10424927325765215,-0.0026041666666666297,-0.012886597938144284,0.002617801047120505,0.0014802861535376083,-0.03984194929206453,-0.026377295492487463,-0.002735978112175075,0.033639503219906414,0.10148367952522253,0.20912052117263835,0.29699510831586307,0.0842202458138496
1995-10,67.74150085449219,-3.4636688232421875,71.20516967773438,107.64541625976562,64.2778091430664,69.12648010253906,,-0.04166666666666663,0.012578616352201255,-0.1390374331550801,0.04310258585871353,0.0792682926829269,0.22916666666666674,0.09259259259259256,0.017450114347134768,0.0,-0.007772020725388629,-0.020460358056266004,0.0025906852878598337,-0.034979423868312765,-0.08517555266579979,-0.030991735537190035,0.014484464652811063,0.04525862068965525,0.11880046136101496,0.3788201847903341,0.06506279196853224
1995-11,76.33349609375,8.591995239257812,67.74150085449219,106.93478393554688,78.8126220703125,69.86588287353516,,0.04968944099378869,0.04968944099378869,-0.08152173913043481,0.05104601820996806,0.15254237288135597,0.3076923076923077,0.24390243902439024,0.05229081064436428,0.005221932114882533,0.0026041666666667407,0.0,0.003985349862912543,0.05792466240227445,-0.019756338491932812,0.07356653443923555,0.05509555904889394,0.02216494845360839,0.17685459940652826,0.38381018841591064,0.040796315269110706
1995-12,65.67205810546875,-10.66143798828125,76.33349609375,71.20516967773438,68.98201751708984,55.363800048828125,,0.06508875739644981,0.0714285714285714,0.034482758620689724,0.05770586036015423,0.32843137254901955,0.652439024390244,0.6728395061728394,0.1280548524405159,0.0051948051948051965,0.010443864229765065,-0.002577319587628857,0.0030070836340860578,-0.01713134027544505,0.003429355281207025,-0.023038397328881466,0.04930031587401934,0.03530005042864337,0.1061422413793105,0.3374592833876222,0.011583189851994316
1996-01,75.63492584228516,9.962867736816406,65.67205810546875,67.74150085449219,73.66007995605469,79.68246459960938,,-0.005555555555555647,0.11180124223602461,0.12578616352201255,0.03714782977480458,0.08118081180811809,0.6553672316384183,1.0347222222222223,0.12725450377726702,0.03100775193798455,0.04177545691906004,0.033678756476683835,0.014895287058807199,-0.10594668489405334,-0.07036247334754797,-0.14954486345903772,0.08203189160563673,-0.04042864101315158,0.015463917525773141,0.13610149942329874,0.04046670041263237
1996-02,80.4209213256836,4.7859954833984375,75.63492584228516,76.33349609375,85.9759750366211,69.15779113769531,,0.005586592178770999,0.06508875739644981,0.11801242236024834,0.037980859377205425,0.5017064846416384,1.1568627450980395,1.8205128205128207,0.211344484104934,0.015037593984962516,0.051948051948051965,0.0546875,0.01302711694747066,-0.029816513761467878,-0.14746388982196845,-0.1643068817912413,0.04803623983127964,0.035532994923857864,0.02874432677760952,0.21068249258160243,0.043789380571190265
1996-03,82.14761352539062,1.7266921997070312,80.4209213256836,65.67205810546875,77.89100646972656,84.08819580078125,,0.11111111111111116,0.11111111111111116,0.19047619047619047,0.06438255801994104,-0.3295454545454546,0.08856088560885622,0.7987804878048783,0.41563559636359615,-0.022222222222222254,0.023255813953488413,0.03394255874673635,0.02731534976874745,0.009062253743104876,-0.12474367737525627,-0.12174211248285327,0.058501306945225456,0.007352941176470562,0.00097418412079886,0.10721982758620685,0.03840001119786299
1996-04,84.82862091064453,2.6810073852539062,82.14761352539062,75.63492584228516,71.23197174072266,98.6463623046875,,0.050000000000000044,0.17318435754189943,0.3043478260869563,0.05298198245855397,-0.24406779661016953,-0.23890784982935154,0.25988700564971756,0.45725002186715,-0.007575757575757569,-0.015037593984962405,0.02610966057441244,0.018771327866554718,0.013666536509176153,-0.007645259938837912,-0.07746979388770436,0.023887003590878586,0.2043795620437956,0.25634517766497456,0.27577319587628857,0.10655418651855807
1996-05,65.53082275390625,-19.29779815673828,84.82862091064453,80.4209213256836,59.1929931640625,68.71073913574219,,-0.09047619047619038,0.061111111111111116,0.13017751479289963,0.10336470073900722,0.004484304932735439,-0.49090909090909085,0.0980392156862746,0.17352255252298596,-0.0025445292620864812,-0.032098765432098775,0.018181818181818077,0.010222881078067878,0.023882896764252592,0.047281323877068626,-0.10715485387974466,0.00758534657757666,-0.13777777777777778,0.04607843137254908,0.07614725163893099,0.17173334956085715
1996-06,69.08858489990234,3.5577621459960938,65.53082275390625,82.14761352539062,72.52593231201172,61.67017364501953,,-0.041884816753926746,-0.08499999999999996,0.016666666666666607,0.07134131720214483,0.1116071428571428,-0.1559322033898305,-0.08118081180811798,0.18246374623992662,-0.017857142857142905,-0.02777777777777779,-0.0051679586563307955,0.007804873229380342,-0.18246802106847249,-0.15150331901600933,-0.2573479152426521,0.11629978502663524,-0.15370196813495784,-0.12116788321167882,-0.12031173891865565,0.20229829760672102
1996-07,80.64431762695312,11.555732727050781,69.08858489990234,84.82862091064453,74.90693664550781,85.2721939086914,,0.0710382513661203,-0.06666666666666665,0.09497206703910632,0.08286500652416011,-0.004016064257028162,0.11210762331838575,-0.15358361774744034,0.06444155582736401,-0.0051948051948051965,-0.025445292620865145,-0.040100250626566414,0.008183671677047123,-0.08605614358030378,-0.23497688751926038,-0.24082568807339455,0.10324932929813116,0.002768549280177224,-0.26828282828282835,-0.08071065989847714,0.08611027107549693
1996-08,81.6876449584961,1.0433273315429688,80.64431762695312,65.53082275390625,81.7337417602539,85.69389343261719,,0.05102040816326525,0.07853403141361248,0.1444444444444446,0.06025461832514424,-0.18145161290322587,-0.09375000000000022,-0.5386363636363637,0.14761184136927008,0.010443864229765065,-0.012755102040816313,-0.0444444444444444,0.0141765638677559,0.01158106747230625,-0.24416854778028596,-0.20843183609141058,0.09702518905455462,-0.03368304803975697,-0.17994376757263353,-0.1421568627450981,0.08187010336314562
1996-09,88.19697570800781,6.509330749511719,81.6876449584961,69.08858489990234,87.04828643798828,92.83900451660156,,0.09708737864077666,0.23497267759562845,0.13000000000000012,0.023099194961589683,-0.09359605911330038,-0.26104417670682734,-0.37627118644067803,0.08871917092109793,-0.01033591731266148,-0.0051948051948051965,-0.03282828282828287,0.01082280259552675,-0.03384768541562966,-0.10676484123331798,-0.24209293244826235,0.048857820382236836,-0.03028571428571436,-0.060354374307862724,-0.1742092457420925,0.020136389794326835
1996-10,55.58683013916016,-32.61014556884765,88.19697570800781,80.64431762695312,56.87975692749024,49.54435729980469,,0.07079646017699104,0.23469387755102034,0.15238095238095228,0.02311013628942524,0.2880434782608696,-0.04435483870967738,0.06278026905829592,0.2495973342025403,-0.005221932114882533,-0.005221932114882533,-0.03053435114503822,0.010827198319249554,0.010303967027305516,-0.012588116817724093,-0.2446070878274268,0.02586751820314899,-0.0665880966411313,-0.1253451131971286,-0.36,0.02005054889013445
1996-11,57.34461212158203,1.757781982421868,55.58683013916016,81.6876449584961,58.0576171875,51.038421630859375,,-0.06611570247933873,0.09708737864077666,0.18324607329842935,0.08762742946132947,0.2784810126582278,0.4926108374384237,0.3526785714285712,0.21763177026560515,-0.007874015748031482,-0.023255813953488413,-0.0357142857142857,0.0025575819150894597,0.1376848546659868,0.11050273768043795,-0.1606471030850264,0.08906801825563002,-0.0012626262626264095,-0.09600000000000009,-0.2586691658856608,0.032730260420716965
1996-12,74.98263549804688,17.638023376464844,57.34461212158203,88.19697570800781,80.17862701416016,66.17648315429688,,0.05752212389380529,0.05752212389380529,0.30601092896174853,0.07550657851832962,0.26072607260726066,1.0760869565217388,0.5341365461847387,0.013861934065744427,-0.023809523809523836,-0.036553524804177506,-0.04155844155844157,0.010053793063498542,0.01658449125952477,0.16846986089644522,0.04371836171191901,0.07179906398812712,0.0025284450063212116,-0.06540954625810247,-0.12181616832779629,0.038856328594029564
1997-01,54.06243515014648,-20.920200347900398,74.98263549804688,55.58683013916016,53.25782775878906,55.227325439453125,,-0.0167364016736401,-0.02892561983471076,0.19897959183673453,0.06223471174752649,-0.1335078534031413,0.3966244725738397,0.33467741935483875,0.2329057220108317,-0.03794037940379402,-0.06824146981627299,-0.07310704960835512,0.015042205736331022,0.07363315696649031,0.24171341152473236,0.22608257804632426,0.060583920108543125,-0.029003783102143688,-0.02777777777777779,-0.14964108227498618,0.017215426287902427
1997-02,50.559940338134766,-3.5024948120117116,54.06243515014648,57.34461212158203,54.50136566162109,43.509159088134766,,-0.11489361702127654,-0.07964601769911506,0.009708737864077666,0.08648348133174508,-0.32930513595166155,-0.26732673267326723,0.09359605911330071,0.30052559273836194,-0.022535211267605604,-0.08201058201058198,-0.10335917312661502,0.008550089254747905,-0.011909650924024628,0.07844016136261756,0.19761075161772035,0.0435584633558068,-0.06753246753246755,-0.09228824273072056,-0.1794285714285715,0.03508863158532391
1997-03,58.48006057739258,7.9201202392578125,50.559940338134766,74.98263549804688,56.36629867553711,59.907318115234375,,-0.07692307692307698,-0.19665271966527198,-0.15044247787610632,0.04949585288643282,-0.1486486486486488,-0.5052356020942408,0.02717391304347827,0.10893620911548463,0.014409221902017322,-0.046070460704607075,-0.08093994778067881,0.026903194061940174,0.006234413965087171,0.06746031746031744,0.2472952086553324,0.04507284775905007,0.07103064066852371,-0.030264817150062906,-0.09369475545079542,0.07152048706184425
1997-04,62.844486236572266,4.3644256591796875,58.48006057739258,54.06243515014648,62.37605667114258,61.28048324584961,,-0.08854166666666663,-0.25531914893617025,-0.27685950413223137,0.019455842440728142,0.07407407407407396,-0.3867069486404835,-0.14345991561181448,0.20205484597944903,-0.022727272727272707,-0.030985915492957705,-0.09711286089238846,0.021385537415039863,-0.012391573729863659,-0.018069815195071892,0.21927587965323814,0.010617334551756313,0.031209362808842567,0.029870129870129825,0.0012626262626262985,0.07133888395521017
1997-05,53.57601547241211,-9.268470764160156,62.844486236572266,50.559940338134766,53.54428482055664,49.572898864746094,,0.09142857142857141,-0.08173076923076916,-0.15486725663716816,0.10071954107851792,0.10344827586206917,0.009009009009008917,-0.26072607260726066,0.13785325186314806,0.0,-0.008645533141210415,-0.08994708994709,0.018722864073964094,0.05144291091593467,0.04488778054862852,0.12684894666069035,0.03282676002938736,-0.03720050441361922,0.06337047353760439,-0.03476611883691527,0.05474124719923222
1997-06,39.04562377929688,-14.530391693115227,53.57601547241211,58.48006057739258,36.68563461303711,38.63948059082031,,-0.07853403141361259,-0.08333333333333326,-0.2635983263598325,0.10114076471952738,-0.017857142857142905,0.16402116402116418,-0.4240837696335078,0.0632840119195196,-0.008720930232558155,-0.03125,-0.07588075880758804,0.0114656093007185,0.039379474940334225,0.07930607187112759,0.1521164021164021,0.03391314739631243,-0.1381794368041912,-0.14434330299089737,-0.1702395964691047,0.08521465069114098
1997-07,47.69842529296875,8.652801513671868,39.04562377929688,62.844486236572266,47.428409576416016,43.43375015258789,,0.04545454545454519,0.05142857142857138,-0.21702127659574477,0.08791479267159899,-0.00454545454545463,0.07881773399014791,-0.33836858006042303,0.06652675083964799,-0.04985337243401755,-0.05813953488372092,-0.08732394366197183,0.026624835425539894,-0.062380405663987726,0.024675867837724796,0.006160164271047153,0.06252512453059235,-0.028875379939209744,-0.19419924337957128,-0.17012987012987013,0.06084602059214333
1997-08,48.582298278808594,0.8838729858398438,47.69842529296875,53.57601547241211,46.30862808227539,49.42500305175781,,0.016304347826086918,-0.020942408376963484,-0.10096153846153855,0.06482954495236239,0.12785388127853903,0.1026785714285714,0.11261261261261257,0.08055897190569075,0.0,-0.05813953488372092,-0.06628242074927959,0.026624835425539894,-0.08122448979591834,-0.10461416070007956,-0.06442227763923525,0.06487871905522426,0.10250391236306733,-0.07727570399476091,-0.018802228412256206,0.12051028300478397
1997-09,42.6890869140625,-5.893211364746094,48.582298278808594,39.04562377929688,41.63934326171875,41.08793258666992,,-0.010695187165775333,0.051136363636363535,-0.03645833333333326,0.028081730077544435,0.14979757085020218,0.2909090909090908,0.5026455026455026,0.08349938036390463,-0.0030864197530864335,-0.05278592375366564,-0.08238636363636365,0.02793454430449169,-0.06397156819191474,-0.19364714887102952,-0.12969847170590665,0.010450634819915091,0.01632363378282453,0.08814589665653494,-0.06892067620286102,0.06674642275490637
1997-10,49.74630737304688,7.057220458984382,42.6890869140625,47.69842529296875,58.68946075439453,34.460205078125,,0.07567567567567557,0.08152173913043481,0.137142857142857,0.04418494352977566,0.07042253521126773,0.3881278538812787,0.49753694581280805,0.04098837498974116,0.006191950464396356,0.0030864197530864335,-0.05523255813953487,0.004725011311072332,-0.02610346464167057,-0.16244897959183668,-0.14178168130489333,0.02819569702519937,0.0034916201117318746,0.12441314553990601,-0.09394703656998737,0.053844119158745776
1997-11,59.6933708190918,9.947063446044915,49.74630737304688,48.582298278808594,79.03630828857422,32.765533447265625,,-0.045226130653266305,0.016042780748663166,-0.005235602094240899,0.06227567580218609,-0.006578947368421018,0.22267206477732793,0.3482142857142856,0.07819126128957898,-0.058461538461538454,-0.05555555555555558,-0.11046511627906974,0.03495846477408083,-0.06578947368421051,-0.1483784984451355,-0.23747016706443913,0.022406388079427252,-0.0382741823242867,-0.019162526614620368,-0.0949574328749182,0.028548100788101435
1997-12,43.998268127441406,-15.69510269165039,59.6933708190918,42.6890869140625,48.36233139038086,35.839134216308594,,-0.10526315789473684,-0.08108108108108103,-0.03409090909090917,0.09215978235960212,-0.22847682119205293,-0.17957746478873238,0.05909090909090908,0.1551927403721138,-0.05555555555555558,-0.10526315789473684,-0.15249266862170086,0.03651774195882947,-0.08085550339071468,-0.16373991457047932,-0.3256792958285496,0.02828353558762456,-0.01808972503617945,-0.052374301675977675,0.03115501519756836,0.020886794183300094
1998-01,53.0963020324707,9.098033905029297,43.998268127441406,49.74630737304688,59.82126998901367,42.4878158569336,,-0.11176470588235299,-0.2412060301507537,-0.17934782608695643,0.03668354935513819,-0.09871244635193133,-0.3092105263157895,-0.041095890410958846,0.1114794757044548,0.0,-0.11076923076923073,-0.10802469135802473,0.032945955667391384,-0.041997729852440435,-0.17738791423001954,-0.31102040816326526,0.019591490031922572,-0.040530582166543816,-0.09394572025052195,0.018779342723004522,0.012356480924390572
1998-02,77.59761810302734,24.50131607055664,53.0963020324707,59.6933708190918,101.84082794189452,45.36801910400391,,-0.06622516556291391,-0.2578947368421053,-0.2459893048128342,0.02463089084882553,0.05714285714285716,-0.26490066225165554,-0.10121457489878538,0.143008315176215,0.02768166089965396,-0.02941176470588236,-0.08333333333333337,0.04238932315741266,-0.013625592417061627,-0.13145539906103287,-0.2603287427809863,0.03375096461962003,-0.022273425499231836,-0.07887120115774238,-0.09652235628105044,0.011933281107088203
1998-03,57.24806213378906,-20.34955596923828,77.59761810302734,43.998268127441406,65.50199890136719,44.5167121887207,,-0.07092198581560283,-0.22941176470588243,-0.2918918918918919,0.0250467484098661,0.0045045045045044585,-0.04291845493562241,-0.21478873239436613,0.07928367921587225,-0.0033670033670033517,0.02422145328719716,-0.08359133126934981,0.017037363912787713,0.04984984984984986,-0.007945516458569779,-0.1703844328429046,0.047028515907550854,0.0204241948153967,-0.04274134119380979,-0.09287709497206698,0.031283369881949144
1998-04,50.99658203125,-6.2514801025390625,57.24806213378906,53.0963020324707,58.76738357543945,38.00284957885742,,0.022900763358778775,-0.11258278145695355,-0.3266331658291457,0.05286492156001551,0.08520179372197312,0.15238095238095228,-0.20394736842105265,0.04096777712926332,0.04054054054054057,0.0657439446366781,-0.05230769230769228,0.02257300286609146,0.030320366132723153,0.06694312796208535,-0.12231968810916183,0.032510971937939524,-0.0892994611239416,-0.09139784946236551,-0.17675713291579676,0.055309518326100246
1998-05,94.4734878540039,43.476905822753906,50.99658203125,77.59761810302734,129.79888916015625,43.8027572631836,,0.07462686567164178,0.021276595744680993,-0.2421052631578947,0.07378207335612944,-0.11570247933884292,-0.03603603603603611,-0.2913907284768211,0.1010975588114911,-0.02922077922077926,0.006734006734006703,-0.022875816993464082,0.03526786042260813,-0.03775680177679064,0.04084084084084094,-0.09598330725091286,0.04599062754893509,-0.05071851225697377,-0.11783189316575016,-0.18740955137481907,0.05566125980391712
1998-06,76.30907440185547,-18.164413452148438,94.4734878540039,57.24806213378906,94.95468139648438,48.77885437011719,,-0.15972222222222232,-0.07633587786259544,-0.28823529411764703,0.12311663813885682,0.014018691588784993,-0.026905829596412634,-0.06866952789699576,0.10186358782724537,-0.02341137123745818,-0.013513513513513487,0.01038062283737018,0.03870882323196016,-0.04154645124062317,-0.049771167048054954,-0.057321225879682136,0.04044276134862852,-0.045414069456812034,-0.17474980754426483,-0.21002210759027262,0.023953268150968078
1998-07,54.04841613769531,-22.260658264160156,76.30907440185547,50.99658203125,64.22628021240234,38.29932403564453,,-0.008264462809917328,-0.10447761194029848,-0.20529801324503305,0.11883456302798959,0.0,-0.10330578512396693,0.033333333333333215,0.07119359712063496,0.003424657534246478,-0.04870129870129869,0.01384083044982698,0.017414774389767063,-0.006020469596628497,-0.08328706274292064,-0.021919431279620816,0.01950919268395331,-0.09701492537313439,-0.1817413355874894,-0.25652841781874036,0.02838468868991228
1998-08,97.02085876464844,42.972442626953125,54.04841613769531,94.4734878540039,83.93855285644531,123.8387451171875,,-0.008333333333333304,-0.17361111111111116,-0.15602836879432624,0.08742430374172944,-0.14746543778801835,-0.13551401869158874,-0.16666666666666674,0.08946107449281833,-0.030716723549488067,-0.050167224080267525,-0.043771043771043794,0.017977645910702212,-0.018170805572380377,-0.06462781304096943,-0.026426426426426453,0.018056147828834187,-0.040289256198347,-0.1727515583259127,-0.27022780832678706,0.031375982283583764
1998-09,62.51344299316406,-34.507415771484375,97.02085876464844,76.30907440185547,68.4769515991211,55.129615783691406,,0.12605042016806722,0.1074380165289257,0.022900763358778775,0.07756662269479891,0.08648648648648627,-0.07373271889400923,-0.09865470852017943,0.1182930475264238,0.01760563380281699,-0.010273972602739767,-0.023648648648648685,0.024838760739076503,0.016656384947563163,-0.007826610475617057,-0.05720823798627006,0.01767674364739585,0.03659849300322926,-0.10167910447761197,-0.2586605080831409,0.06705976574522794
1998-10,54.40364837646485,-8.109794616699212,62.51344299316406,54.04841613769531,57.89592742919922,48.27804183959961,,-0.059701492537313494,0.050000000000000044,-0.059701492537313494,0.0959178937588793,-0.05970149253731338,-0.12903225806451613,-0.21900826446280997,0.11818554492038862,0.02422145328719716,0.010238907849829282,-0.038961038961038974,0.02999172819760139,-0.03762135922330101,-0.03937007874015752,-0.11937812326485286,0.027499487113755192,0.11734164070612674,0.11157024793388426,-0.09044801352493659,0.0788233061316737
1998-11,67.96592712402344,13.562278747558587,54.40364837646485,97.02085876464844,88.07134246826172,38.60226440429688,,-0.13492063492063489,-0.08403361344537819,-0.24305555555555558,0.13433018030751695,0.11111111111111116,0.1351351351351351,-0.01869158878504673,0.09233475592837914,-0.006756756756756799,0.035211267605633756,-0.01672240802675584,0.01631433234283365,-0.007566204287515754,-0.028994447871684148,-0.09174841315637627,0.027191051468400295,0.07156133828996292,0.24111948331539268,0.026714158504007157,0.040492164964001556
1998-12,75.95989227294922,7.993965148925781,67.96592712402344,62.51344299316406,86.2803955078125,64.999755859375,,-0.1009174311926605,-0.26865671641791045,-0.1900826446280991,0.03766716263070934,-0.17142857142857149,-0.13432835820895517,-0.1981566820276498,0.1422957939952032,-0.006802721088435382,0.01038062283737018,0.0,0.017898561422345693,-0.06353240152477768,-0.10558252427184467,-0.11258278145695366,0.028008658436761417,-0.09713790112749354,0.0809968847352025,-0.028917910447761264,0.11295776742843865
1999-01,63.98722457885742,-11.972667694091797,75.95989227294922,54.40364837646485,69.46121215820312,53.77272033691406,,0.1326530612244896,-0.11904761904761907,-0.07500000000000007,0.14566346811544725,0.06896551724137945,-0.015873015873015817,-0.1428571428571428,0.1524216963775789,-0.017123287671232834,-0.030405405405405372,-0.020477815699658675,0.005971894876706995,-0.02917232021709637,-0.09773013871374525,-0.13325257419745606,0.028224264579238025,-0.008645533141210304,-0.040892193308550095,0.06611570247933884,0.08438352405991822
1999-02,58.316383361816406,-5.670841217041016,63.98722457885742,67.96592712402344,67.28399658203125,44.1739501953125,,-0.08108108108108114,-0.06422018348623859,-0.1428571428571429,0.12950607405371448,-0.048387096774193616,-0.15714285714285714,-0.043243243243243246,0.12020826258960476,0.0,-0.023809523809523836,0.010563380281690238,0.008621659637882,-0.013976240391334716,-0.10355781448538759,-0.12954966070326956,0.025388150568802365,-0.0794573643410853,-0.176062445793582,0.022604951560817987,0.046829150484776066
1999-03,83.39727783203125,25.080894470214844,58.316383361816406,75.95989227294922,89.73835754394531,75.18807983398438,,0.22549019607843146,0.2755102040816326,-0.06716417910447758,0.1572084418716128,0.011299435028248705,0.028735632183908066,-0.1094527363184078,0.05867920576135899,-0.0034843205574912606,-0.020547945205479423,-0.01038062283737029,0.009049575444452111,-0.023387668320340227,-0.06512890094979651,-0.16383495145631066,0.007669832845857601,0.054736842105263195,-0.03746397694524484,0.04049844236760136,0.06713137117315762
1999-04,106.19801330566406,22.800735473632812,83.39727783203125,63.98722457885742,112.34139251708984,103.2333755493164,,0.22399999999999998,0.3783783783783785,0.2142857142857144,0.1765703989429183,0.2011173184357542,0.15591397849462352,0.13756613756613767,0.13028543289585823,-0.010489510489510523,-0.013937282229965153,-0.04391891891891897,0.005342331046161442,0.06386066763425258,0.024458420684835724,-0.07566204287515765,0.04788777045254194,-0.004990019960079861,-0.03391472868217049,-0.07342007434944231,0.06723189778061324
1999-05,85.44113159179688,-20.756881713867188,106.19801330566406,58.316383361816406,89.3775634765625,80.67141723632812,,-0.013071895424836666,0.48039215686274517,0.3853211009174311,0.13730572686957285,0.04651162790697683,0.27118644067796605,0.0714285714285714,0.10097330252143699,-0.02473498233215543,-0.0383275261324042,-0.061224489795918324,0.010828948701393946,0.03069577080491137,0.07087172218284898,-0.04002541296060991,0.044040134907758016,-0.031093279839518595,0.01684210526315777,-0.16218560277536864,0.04399903040894224
1999-06,79.4105453491211,-6.030586242675781,85.44113159179688,83.39727783203125,75.96134948730469,83.76152038574219,,0.04635761589403975,0.264,0.6122448979591837,0.12335029188370722,0.022222222222222143,0.2849162011173183,0.32183908045976994,0.09703637653104391,-0.05434782608695654,-0.0874125874125874,-0.10616438356164382,0.02237336895474587,-0.058901389808074134,0.03193033381712618,-0.035278154681139706,0.06350601588180851,-0.038302277432712084,-0.0728542914171656,-0.1075888568683957,0.017526438697746
1999-07,62.14287185668945,-17.26767349243164,79.4105453491211,106.19801330566406,66.83728790283203,54.25792694091797,,0.20253164556962022,0.24183006535947715,0.7117117117117118,0.11136058642240976,0.004347826086956719,0.07441860465116279,0.24193548387096775,0.021163078893979108,-0.019157088122605415,-0.09540636042402828,-0.10801393728222997,0.018913934270509424,0.1533052039381153,0.11869031377899053,0.146051712089448,0.10653040466811581,-0.08180839612486557,-0.1444332998996991,-0.17344961240310086,0.027437125182832766
1999-08,62.858642578125,0.7157707214355469,62.14287185668945,85.44113159179688,65.2621078491211,57.959991455078125,,0.06315789473684208,0.3377483443708609,0.9803921568627452,0.08572982691329611,0.20779220779220786,0.24,0.576271186440678,0.11265384298007522,0.00390625,-0.0688405797101449,-0.1045296167247387,0.0293366749552452,0.004878048780487809,0.0906684315023163,0.1679659815733523,0.10888072648868187,0.08792497069167649,-0.039337474120082816,-0.023157894736842155,0.08816227116666792
1999-09,69.58151245117188,6.722869873046875,62.858642578125,79.4105453491211,75.54266357421875,62.21402740478516,,0.10891089108910879,0.41772151898734156,0.7919999999999998,0.07104367760505735,-0.08960573476702505,0.10434782608695659,0.4189944134078212,0.15202106448506805,0.03112840466926059,0.015325670498084198,-0.07342657342657344,0.025171392676064164,0.061893203883495174,0.23066104078762306,0.26995645863570394,0.07487489794494145,0.10021551724137923,0.09903121636167911,0.01896207584830334,0.10172936185662054
1999-10,72.35348510742188,2.77197265625,69.58151245117188,62.14287185668945,79.38410949707031,60.16195297241211,,-0.017857142857142794,0.1578947368421053,0.43790849673202614,0.06419619332193471,0.07086614173228356,0.17748917748917759,0.26511627906976765,0.14885423907989126,0.17358490566037732,0.21484375,0.09893992932862195,0.09112788318820815,-0.014857142857142902,0.051219512195122,0.17598908594815832,0.03985561738994512,-0.033300685602350555,0.15709261430246202,-0.010030090270812475,0.0737939628291909
1999-11,57.9638671875,-14.389617919921875,72.35348510742188,62.858642578125,60.38698196411133,52.49796676635742,,0.11818181818181817,0.21782178217821802,0.6291390728476822,0.07600732798039524,-0.13235294117647067,-0.15412186379928317,0.04888888888888876,0.1071420727051207,-0.05787781350482313,0.1400778210116731,0.061594202898550776,0.11675540809146932,0.002320185614849146,0.04854368932038833,0.14361350099271997,0.04027948370216802,-0.018237082066869248,0.044181034482758674,0.0031055900621119736,0.07312604056941988
1999-12,86.0849380493164,28.121070861816406,57.9638671875,69.58151245117188,95.51082611083984,86.46973419189453,,0.04065040650406493,0.14285714285714302,0.620253164556962,0.06824081385011874,0.0,-0.07086614173228356,0.026086956521739202,0.10314819980684543,-0.03412969283276446,0.06792452830188678,0.08429118773946365,0.12733441406127563,0.02141203703703698,0.008571428571428674,0.2412095639943741,0.01814300973909771,-0.049535603715170407,-0.09794319294809006,-0.008611410118407048,0.015652913333589917
2000-01,64.45780944824219,-21.62712860107422,86.0849380493164,72.35348510742188,65.57360076904297,64.25041198730469,,-0.007812500000000111,0.15454545454545454,0.33684210526315783,0.06355357492917327,0.025423728813559254,-0.11029411764705888,0.04761904761904767,0.08471240032996988,0.0035335689045936647,-0.08681672025723475,0.109375,0.030967327969940443,0.04475920679886691,0.06960556844547572,0.12439024390243913,0.02125503722913748,0.07057546145494031,-0.0010131712259372483,0.1559202813599061,0.06230828371958402
2000-02,63.54172134399414,-0.9160881042480469,64.45780944824219,57.9638671875,57.65135955810547,68.08216857910156,,0.09055118110236227,0.1260162601626016,0.3712871287128714,0.04918359206811939,0.0950413223140496,0.1228813559322035,-0.05017921146953408,0.049203367531751516,0.05633802816901401,0.023890784982935065,0.16731517509727634,0.045444546328758995,-0.02331887201735361,0.04224537037037046,0.09283980582524265,0.03459424175598062,0.015212981744421983,0.03302373581011331,0.07866379310344818,0.060116624787455546
2000-03,50.10198593139648,-13.439735412597663,63.54172134399414,86.0849380493164,55.03073501586914,40.81640625,,-0.0072202166064981865,0.07421875,0.2276785714285714,0.05662009473907303,0.05283018867924527,0.18220338983050866,0.09842519685039375,0.035070175291606304,-0.046666666666666634,0.010600706713780994,0.0792452830188679,0.05150783391519145,-0.03442531926707382,-0.014730878186968832,-0.006285714285714339,0.0428722271291994,-0.028971028971028878,0.055374592833876246,-0.04799216454456412,0.049877741727027275
2000-04,48.6827392578125,-1.4192466735839773,50.10198593139648,64.45780944824219,53.30490493774414,40.91702651977539,,-0.18181818181818177,-0.1141732283464566,0.022727272727272707,0.13797872150187238,0.08602150537634401,0.2520661157024793,0.11397058823529393,0.02222911155973831,-0.020979020979020935,-0.014084507042253502,-0.09967845659163987,0.05361552696145258,-0.0345025876940771,-0.08947939262472882,-0.026102088167053394,0.006434731764136773,-0.020576131687242816,-0.03448275862068961,-0.03546099290780147,0.02346473149051908
2000-05,79.48287963867188,30.800140380859375,48.6827392578125,63.54172134399414,77.26969909667969,83.22781372070312,,0.21333333333333337,-0.014440433212996373,0.10975609756097549,0.19802063771808406,0.1815181518151816,0.35094339622641524,0.5169491525423731,0.06681050920479886,-0.017857142857142905,-0.08333333333333337,-0.061433447098976135,0.01580922687395718,0.06372840976771887,-0.008328706274292053,0.03356481481481488,0.056691400518045436,0.09558823529411753,0.04195804195804209,0.07636738906088736,0.06961758012032603
2000-06,64.71781921386719,-14.765060424804688,79.48287963867188,50.10198593139648,73.57466888427734,53.17440032958984,,0.08791208791208782,0.08000000000000007,0.16015625,0.20191979725389253,0.1955307262569832,0.5340501792114696,0.8135593220338986,0.059593387750425476,0.040000000000000036,0.0,0.010600706713780994,0.034340539944696345,-0.018477043673012283,0.00805060379528455,-0.0067988668555241105,0.052700226911128585,-0.047938638542665335,0.021604938271604812,0.07817589576547235,0.07620458259509179
2000-07,51.90402221679688,-12.813796997070305,64.71781921386719,48.6827392578125,57.31697463989258,41.059078216552734,,-0.04040404040404033,0.2666666666666666,0.1220472440944882,0.1268714391422783,-0.07476635514018692,0.306930693069307,0.6363636363636365,0.1521723874205782,-0.013986013986013957,0.0071428571428571175,-0.007042253521126751,0.03234430481663132,0.0262407301768397,0.07147111375818938,-0.02440347071583515,0.04115568408411964,-0.08157099697885195,-0.04201680672268904,-0.07505070993914797,0.09408904703071434
2000-08,46.49225616455078,-5.411766052246101,51.90402221679688,79.48287963867188,49.192291259765625,41.58592224121094,,0.03157894736842093,0.07692307692307687,0.06137184115523464,0.06431692628202405,0.11363636363636376,0.23184357541899447,0.6641509433962265,0.13860181773895894,-0.028368794326241176,-0.0036363636363636598,-0.08666666666666667,0.036045448427499883,0.03168426903835475,0.03919372900335949,0.030538589672404193,0.027524137002368405,-0.003289473684210509,-0.12847555129434318,-0.0919080919080918,0.03926975160321033
2000-09,52.68999862670898,6.197742462158196,46.49225616455078,64.71781921386719,64.44499206542969,35.192142486572266,,0.10884353741496611,0.09764309764309775,0.18545454545454554,0.07463936281497335,0.1473922902494329,0.18224299065420535,0.8136200716845876,0.11971459862610286,0.0,-0.04195804195804198,-0.04195804195804198,0.0141848595872318,0.056034482758620774,0.11808328579577876,0.12708453133985054,0.015865227787333493,0.0770077007700769,-0.014098690835850913,0.007201646090535085,0.07929148387901638
2000-10,76.45652770996094,23.76652908325196,52.68999862670898,51.90402221679688,82.38760375976562,77.61014556884766,,-0.05214723926380371,0.08421052631578951,0.3733333333333333,0.0805169975622832,-0.007905138339920903,0.2676767676767675,0.6567656765676568,0.08167934317665956,-0.014598540145985384,-0.04255319148936165,-0.0357142857142857,0.014186412314297356,-0.03112244897959182,0.05558643690939413,0.13103037522334726,0.04497026329777626,0.06537282941777312,0.14364035087719285,0.09558823529411753,0.0433926228829964
2000-11,45.06056213378906,-31.395965576171875,76.45652770996094,46.49225616455078,44.357688903808594,47.206809997558594,,0.05177993527508096,0.1054421768707483,0.19047619047619047,0.08162428404223873,0.10557768924302802,0.25850340136054406,0.5502793296089385,0.0803576425944365,-0.014814814814814836,-0.029197080291970767,-0.032727272727272716,0.008491592774853826,-0.05476566614007372,-0.03286637931034486,0.0050391937290032995,0.0583552417863925,-0.010546500479386323,0.13531353135313529,-0.010546500479386323,0.04754796357337495
2000-12,45.39509963989258,0.3345375061035156,45.06056213378906,52.68999862670898,46.16897964477539,43.98335266113281,,-0.22769230769230764,-0.23006134969325154,-0.15488215488215484,0.14125724951686972,0.6126126126126126,0.7687747035573123,1.0911214953271027,0.33040506577023787,0.018796992481203034,-0.010948905109489093,-0.05244755244755239,0.019343655134999457,0.03119777158774384,-0.05561224489795913,0.05590416428978884,0.04440819037678256,0.01744186046511631,0.07252298263534218,0.05740181268882183,0.038393729490491156
2001-01,46.89955520629883,1.50445556640625,45.39509963989258,76.45652770996094,53.70235824584961,38.34331893920898,,0.019920318725099584,-0.17152103559870546,-0.10175438596491226,0.1529878984959603,-0.08715083798882672,0.6274900398406376,1.0631313131313131,0.36145483478183743,-0.022140221402214055,-0.01851851851851849,-0.06028368794326244,0.021829913161806623,-0.03403565640194495,-0.05845181674565558,-0.00611450806003333,0.04486061014782925,0.05142857142857138,0.05848513902205177,0.21052631578947367,0.03103587818549617
2001-02,55.08771133422852,8.188156127929695,46.89955520629883,45.06056213378906,63.68989181518555,45.42667388916016,,0.07031249999999978,-0.15692307692307694,-0.0680272108843537,0.1595087511197521,-0.31089351285189715,0.01441441441441449,0.27664399092970515,0.48176640866762127,-0.01132075471698113,-0.015037593984962405,-0.04379562043795615,0.021213183935874062,-0.01230425055928408,-0.016155988857938675,-0.04849137931034486,0.03321666263103708,-0.03351449275362317,0.0339147286821706,0.17381738173817385,0.042753110234084735
2001-03,61.70895385742188,6.621242523193359,55.08771133422852,45.39509963989258,66.72218322753906,56.86698913574219,,-0.10948905109489049,-0.02788844621513953,-0.25153374233128845,0.09274944268204333,-0.08348134991119005,-0.42346368715083793,0.01976284584980248,0.13025010655850072,0.003816793893129722,-0.029520295202952074,-0.04014598540145986,0.013038231477205547,-0.01528878822197055,-0.06050783360345757,-0.11275510204081629,0.011779972633780432,-0.029990627928772273,-0.014285714285714235,0.05720122574055142,0.04805695891327827
2001-04,50.5687370300293,-11.140216827392585,61.70895385742188,46.89955520629883,52.7736701965332,47.17219924926758,,0.049180327868852514,0.0,-0.17152103559870546,0.09827778512618268,0.0019379844961240345,-0.3671970624235006,0.029880478087649376,0.16169740271927924,-0.011406844106463865,-0.018867924528301883,-0.03703703703703709,0.008764625331878518,-0.043128234617596295,-0.06935123042505598,-0.12374934175882046,0.017000295261661014,-0.023188405797101463,-0.0842391304347827,-0.030680728667305868,0.005249062155376023
2001-05,60.376861572265625,9.808124542236328,50.5687370300293,55.08771133422852,61.344993591308594,56.86418914794922,,0.11328125,0.04014598540145986,-0.12307692307692308,0.11468181132210367,-0.1856866537717602,-0.25222024866785075,-0.24144144144144142,0.09393738314516989,0.04615384615384621,0.03816793893129766,0.022556390977443552,0.029825655095663307,0.01081730769230771,-0.047565118912797244,-0.06295264623955432,0.02697741201638263,0.014836795252225476,-0.03842549203373957,-0.005813953488372214,0.02415810426412687
2001-06,72.06433868408203,11.687477111816406,60.376861572265625,61.70895385742188,79.31310272216797,64.2144775390625,,-0.028070175438596467,0.13524590163934436,0.10358565737051784,0.07077757878598834,-0.11876484560570066,-0.28100775193798455,-0.5854748603351956,0.09508829799013085,-0.007352941176470562,0.026615969581748944,-0.0036900369003689537,0.03212642599330817,-0.04399524375743158,-0.07533064979873494,-0.13128038897893035,0.03139875007169457,-0.050682261208576884,-0.05893719806763276,-0.07238095238095232,0.0329002906768887
2001-07,61.072940826416016,-10.991397857666016,72.06433868408203,50.5687370300293,65.49278259277344,52.618770599365234,,-0.1155234657039711,-0.04296875,-0.04296875,0.11545554799729782,-0.16442048517520214,-0.4003868471953578,-0.620563035495716,0.03419360505390062,-0.007407407407407418,0.03076923076923066,0.01132075471698113,0.03090789311280399,-0.0516169154228856,-0.08353365384615385,-0.1470917225950783,0.03406008879271054,0.10882956878850103,0.06824925816023741,-0.021739130434782705,0.0801783555015235
2001-08,64.10773468017578,3.0347938537597656,61.072940826416016,60.376861572265625,55.23207473754883,74.89220428466797,113.6588233498966,0.048979591836734615,-0.09824561403508769,-0.062043795620437936,0.08230633891714471,-0.048387096774193505,-0.2992874109263658,-0.4760213143872113,0.058453987857845086,0.014925373134328401,0.0,0.03816793893129766,0.012878142605635587,-0.040000000000000036,-0.12960760998810938,-0.17100792751981875,0.005902041674986211,-0.019444444444444375,0.032163742690058506,-0.007497656982193068,0.08453209210717161
2001-09,498.64788818359375,434.54015350341797,64.10773468017578,72.06433868408203,260.16961669921875,841.177490234375,113.30375051498412,-0.0077821011673151474,-0.07942238267148016,0.04508196721311486,0.08355771195721291,-0.27118644067796616,-0.42048517520215634,-0.5833333333333334,0.11143179088736271,0.040441176470588314,0.04814814814814805,0.07604562737642584,0.023941930741378382,-0.025956284153005438,-0.11318407960199006,-0.1799884991374353,0.012849427198013227,0.01605288007554284,0.1047227926078027,0.03961352657004835,0.06623417608191952
2001-10,512.5297241210938,13.8818359375,498.64788818359375,61.072940826416016,261.347412109375,854.074951171875,114.21000007961108,-0.196078431372549,-0.16326530612244894,-0.19921875,0.12827758475319992,0.13953488372093026,-0.20967741935483863,-0.5261121856866537,0.20560732181885974,0.0,0.05597014925373145,0.08846153846153837,0.02045039419921218,-0.03436185133239833,-0.0970491803278688,-0.17247596153846156,0.0070671568398743825,0.06877323420074366,0.06481481481481488,0.13748763600395653,0.0443881639867911
2001-11,306.785888671875,-205.74383544921875,512.5297241210938,64.10773468017578,149.79522705078125,509.7461242675781,116.00772718949752,-0.07804878048780495,-0.264591439688716,-0.33684210526315794,0.09515243268869668,-0.03673469387755113,-0.20000000000000007,-0.43942992874109266,0.2060463507241743,-0.02473498233215543,0.014705882352941124,0.014705882352941124,0.03290197507135882,0.03703703703703698,-0.024590163934426257,-0.15101070154577878,0.03902267147558833,0.012173913043478368,0.09915014164305958,0.13450292397660824,0.03161741418845454
2001-12,236.0997467041016,-70.68614196777341,306.785888671875,498.64788818359375,126.19801330566406,381.9725036621094,116.20500106811524,-0.015873015873015706,-0.2705882352941176,-0.32851985559566776,0.09153397909043379,0.021186440677966267,0.12093023255813962,-0.3504043126684636,0.08984447282725017,0.0,-0.02473498233215543,0.022222222222222143,0.014280748707871256,0.03081232492997188,0.032258064516129004,-0.08457711442786064,0.03954790671385236,0.015463917525773141,0.0985130111524164,0.21355236139630396,0.031770506577928286
2002-01,172.47720336914062,-63.622543334960966,236.0997467041016,512.5297241210938,106.9162368774414,262.2870178222656,117.76363684914328,0.048387096774193505,-0.04878048780487809,-0.20408163265306123,0.06322080201151745,-0.06639004149377603,-0.08163265306122458,-0.27419354838709675,0.044541998346158414,0.021739130434782705,-0.0035335689045936647,0.052238805970149294,0.023253144233654155,0.021739130434782705,0.09222948438634715,-0.013770491803278717,0.00769302547305764,0.029610829103214886,0.058260869565217366,0.12685185185185177,0.009264675550604309
2002-02,146.1857147216797,-26.291488647460938,172.47720336914062,306.785888671875,95.78031158447266,212.90550231933597,118.96650123596191,0.0410256410256411,0.07407407407407418,-0.21011673151750965,0.0351686656581325,0.026666666666666616,-0.021186440677966045,-0.2169491525423729,0.05221625551512118,0.049645390070921946,0.07246376811594213,0.08823529411764697,0.024886455065069184,0.03856382978723394,0.09383753501400571,0.06693989071038242,0.008420997508213974,-0.06820049301561215,-0.02577319587628868,0.07082152974504252,0.05286290985976579
2002-03,151.9763641357422,5.7906494140625,146.1857147216797,236.0997467041016,99.12334442138672,219.9688415527344,117.93600044250488,0.16748768472906406,0.27419354838709653,-0.07058823529411773,0.07098331914327975,0.31168831168831157,0.2572614107883815,0.40930232558139523,0.1969941328269201,-0.006756756756756799,0.0652173913043479,0.03886925795053009,0.028201587072609138,0.027528809218950068,0.09035326086956519,0.12552594670406725,0.008547539291775453,0.02821869488536155,-0.013536379018612599,0.08364312267657992,0.056073839069267585
2002-04,157.49655151367188,5.5201873779296875,151.9763641357422,172.47720336914062,100.74444580078124,225.64035034179688,116.88272718949752,0.08438818565400852,0.31794871794871793,0.25365853658536586,0.06426311217800715,0.12871287128712883,0.52,0.39591836734693864,0.14441305215612849,0.030612244897959107,0.07446808510638303,0.07067137809187285,0.028693509912569692,-0.009345794392523366,0.05718085106382986,0.15468409586056642,0.025089307681066444,-0.030874785591766707,-0.07148726376335257,-0.017391304347826098,0.048617396860716575
2002-05,163.3223114013672,5.8257598876953125,157.49655151367188,146.1857147216797,142.246826171875,209.4087829589844,113.37217380689538,-0.011673151750972832,0.25123152709359586,0.34391534391534395,0.0896585305653115,0.02046783625731008,0.5108225108225108,0.4788135593220342,0.1471996177015368,0.03630363036303641,0.060810810810810745,0.1376811594202898,0.023391704698064952,0.0037735849056603765,0.02176696542893719,0.11764705882352944,0.018691197513123602,-0.018584070796460073,-0.022045855379188684,-0.04725085910652915,0.031181190859629324
2002-06,149.33042907714844,-13.99188232421875,163.3223114013672,151.9763641357422,127.7907485961914,189.1234893798828,109.6504997253418,-0.051181102362204633,0.016877637130801704,0.29569892473118276,0.06972289265221795,-0.07736389684813749,0.06270627062706291,0.3360995850622406,0.10308222444251201,0.022292993630573354,0.09183673469387754,0.16304347826086962,0.00704627267675591,0.032581453634085156,0.026791277258567003,0.11956521739130443,0.021447243571643782,0.04057709648331831,-0.010291595197255532,-0.02368866328257191,0.03820226179202249
2002-07,122.7783432006836,-26.552085876464844,149.33042907714844,157.49655151367188,94.34967803955078,168.41973876953125,105.9573918218198,0.0705394190871369,0.0038910505836575737,0.32307692307692304,0.062096256338057466,-0.07453416149068326,-0.1286549707602339,0.32444444444444454,0.05568428111642567,-0.024922118380062308,0.03300330033003296,0.10992907801418439,0.032078437859355255,-0.03580097087378642,-0.0006289308176100628,0.056515957446808596,0.03433218787908664,0.07019064124783347,0.09292035398230092,0.014790468364831444,0.045199475007963556
2002-08,127.06451416015624,4.286170959472642,122.7783432006836,163.3223114013672,101.69573974609376,157.46444702148438,107.3899997364391,0.03100775193798455,0.047244094488189115,0.31034482758620685,0.06209353941255187,0.03691275167785224,-0.11461318051575942,0.33766233766233755,0.06517613859805997,-0.009584664536741228,-0.01273885350318471,0.04729729729729737,0.024085574461369854,-0.06859660163624925,-0.07268170426065168,-0.052496798975672165,0.05162155274522668,0.05344129554655863,0.17312894499549136,0.1472663139329804,0.014849187589895816
2002-09,174.90333557128906,47.83882141113283,127.06451416015624,149.33042907714844,174.5314483642578,188.7191925048828,107.3029998779297,0.06390977443609014,0.17427385892116187,0.19409282700421948,0.021170923378761825,0.15533980582524265,0.10869565217391286,0.17821782178217815,0.1149546450115489,0.029032258064516148,-0.006230529595015577,0.08503401360544216,0.027801615477974502,-0.0006756756756757243,-0.10254854368932043,-0.07850467289719631,0.033967121218426884,0.16679477325134529,0.31542461005199307,0.30188679245283034,0.061185387429437806
2002-10,172.03192138671875,-2.8714141845703125,174.90333557128906,122.7783432006836,167.02581787109375,197.3990631103516,107.5304353133492,-0.028268551236749095,0.06589147286821695,0.07003891050583655,0.04671378619918121,0.15406162464986006,0.3825503355704698,0.20467836257309946,0.06800791539685817,-0.006269592476489061,0.012779552715654896,0.0462046204620461,0.021402792129282883,0.0033806626098715764,-0.06607929515418498,-0.06666666666666665,0.04043602484580703,0.03293807641633739,0.2696356275303644,0.38761061946902675,0.07209601028033238
2002-11,159.12759399414062,-12.904327392578125,172.03192138671875,127.06451416015624,155.0137481689453,179.06283569335938,105.67523847307476,-0.12,-0.09022556390977454,-0.047244094488189003,0.09195497770574705,-0.01941747572815533,0.3074433656957929,0.15759312320916896,0.10052921587861575,0.006309148264984188,0.029032258064516148,0.015923566878981,0.01789220076468321,0.0660377358490567,0.06891891891891899,-0.00877192982456143,0.03740107392499069,0.020408163265306145,0.2298232129131439,0.4427412082957618,0.08114149533824276
2002-12,175.8117218017578,16.684127807617188,159.12759399414062,174.90333557128906,182.9995574951172,175.19842529296875,104.23285747709728,0.1776859504132231,0.007067137809187329,0.18257261410788383,0.15245154449612144,0.1732673267326732,0.32773109243697496,0.4720496894409938,0.10613771742397354,0.040752351097178785,0.040752351097178785,0.03426791277258556,0.024343452635928728,0.008849557522123908,0.07910750507099396,-0.03155339805825241,0.0347042393635488,-0.08625000000000005,-0.036890645586297954,0.2668977469670708,0.06549651399696498
2003-01,206.43460083007807,30.622879028320256,175.8117218017578,172.03192138671875,245.8175506591797,176.95985412597656,100.82762037004744,0.09473684210526323,0.13454545454545452,0.20930232558139528,0.15362800905642737,0.14135021097046407,0.3131067961165048,0.8154362416107384,0.10327341095717066,0.07530120481927716,0.12618296529968465,0.14057507987220452,0.03449604175950618,0.032581453634085156,0.11051212938005395,0.037130270610446825,0.028731554816582853,-0.059507523939808404,-0.12308673469387765,0.11336032388663964,0.05549420522064187
2003-02,239.6109313964844,33.176330566406335,206.43460083007807,159.12759399414062,296.7597961425781,213.080322265625,99.85894735235917,0.044871794871794934,0.3471074380165291,0.2255639097744362,0.06709033389997941,0.4362292051756007,0.9232673267326732,1.5145631067961163,0.16182360407567423,0.0056022408963585235,0.12539184952978055,0.15806451612903216,0.03484991418585615,0.02184466019417486,0.06447534766118834,0.13783783783783776,0.01188384281210815,0.02400000000000002,-0.11999999999999988,0.08224442736356652,0.05750902694416411
2003-03,358.711181640625,119.1002502441406,239.6109313964844,175.8117218017578,362.41107177734375,429.1441955566406,99.7509522210984,-0.07055214723926384,0.06315789473684208,0.07067137809187285,0.08478370455320246,-0.23423423423423417,0.2552742616033754,0.6666666666666667,0.3360403051937914,-0.05013927576601673,0.027108433734939652,0.06896551724137923,0.06284952455563976,-0.014845605700712583,0.03947368421052633,0.1217038539553752,0.02486892405511764,-0.08096590909090917,-0.11491108071135425,-0.14756258234519104,0.05545540388325803
2003-04,255.77517700195312,-102.93600463867188,358.711181640625,206.43460083007807,212.6054534912109,331.6032409667969,99.4047619047619,-0.17491749174917492,-0.19871794871794868,-0.09090909090909094,0.10994100089023846,-0.11092436974789921,-0.022181146025878062,0.28398058252427183,0.35686215378314484,-0.038123167155425186,-0.08123249299719892,0.034700315457413256,0.029335458792101386,-0.04339963833634719,-0.03701456310679607,0.06940700808625344,0.032706591797205684,-0.02782071097372496,-0.0850909090909091,-0.19770408163265318,0.052484347253916375
2003-05,162.1218719482422,-93.65330505371094,255.77517700195312,239.6109313964844,153.3962860107422,186.8463592529297,94.43571472167967,0.03200000000000003,-0.20858895705521474,0.06611570247933884,0.10346006993829884,0.10396975425330801,-0.24839124839124838,0.4455445544554455,0.17115623712404138,0.08536585365853666,-0.00835654596100277,0.11598746081504707,0.07500618333188462,0.03843730308758664,-0.02137767220902609,0.041719342604298326,0.04153650228077193,0.027027027027026973,-0.08238636363636376,-0.19250000000000012,0.053998704765464034
2003-06,145.7697296142578,-16.352142333984375,162.1218719482422,358.711181640625,127.83353424072266,176.91827392578125,93.5414294288272,0.06589147286821695,-0.09240924092409242,-0.03508771929824561,0.13035364575201275,-0.011986301369863117,-0.03025210084033625,0.21729957805907163,0.10755931134363905,0.0,0.04398826979472137,0.07228915662650603,0.06323269606040115,0.023665048543689338,0.016877637130801704,0.05701754385964919,0.04361417336954313,-0.02244582043343646,-0.02395672333848542,-0.13611491108071128,0.030234435246270324
2003-07,134.89891052246094,-10.870819091796875,145.7697296142578,255.77517700195312,108.3927993774414,167.4486541748047,95.6369569197945,0.032727272727272716,0.1359999999999999,-0.08974358974358976,0.019360720672647058,-0.1317157712305026,-0.05293005671077511,-0.0739371534195934,0.1178477971165731,-0.014044943820224698,0.07012195121951215,-0.01680672268907568,0.05380070642833514,0.013633669235328938,0.07750472589792068,0.03762135922330101,0.01247710120857917,0.0213776722090262,0.025437201907790197,-0.06181818181818177,0.02708005524702001
2003-08,138.23092651367188,3.3320159912109375,134.89891052246094,162.1218719482422,109.64905548095705,180.0001220703125,97.22857266380672,0.04929577464788748,0.15503875968992253,-0.0858895705521473,0.01658210192899921,-0.007984031936127733,-0.148972602739726,-0.36036036036036034,0.07030968096279659,0.02564102564102555,0.011235955056179803,0.0027855153203342198,0.020123364591590243,0.029239766081871288,0.06796116504854366,0.0451306413301662,0.007908395383413497,0.11782945736434103,0.11609907120743035,0.02414772727272707,0.07176419595717012
2003-09,118.19628143310548,-20.034645080566392,138.23092651367188,145.7697296142578,99.72046661376952,143.5571746826172,95.81909040971236,-0.09060402684563751,-0.014545454545454528,-0.10561056105610556,0.07643851469009166,-0.07243460764587517,-0.20103986135181962,-0.22521008403361342,0.06188386485193693,0.05277777777777781,0.06460674157303381,0.11143695014662747,0.0336071808060299,0.017045454545454586,0.061055127445168944,0.078963230861965,0.008204589890555487,-0.040221914008321646,0.09580364212193193,0.06955177743431218,0.07966355489868505
2003-10,108.3173828125,-9.878898620605483,118.19628143310548,134.89891052246094,93.02832794189452,129.9432830810547,92.07608728823456,0.09225092250922518,0.04225352112676073,0.18400000000000016,0.0956147057110695,0.006507592190889255,-0.0738522954091817,-0.12287334593572785,0.04202331653226277,0.0,0.07977207977207978,0.1554878048780488,0.026392421069996282,0.07318435754189934,0.12339181286549716,0.21045998739760563,0.02952796635417634,0.03179190751445082,0.10697674418604652,0.1351351351351353,0.07912931027466523
2003-11,118.0866928100586,9.769309997558594,108.3173828125,138.23092651367188,93.3315887451172,153.246337890625,91.93789472078022,-0.027027027027027084,-0.03355704697986572,0.11627906976744184,0.09283066721642319,-0.023706896551723977,-0.08853118712273633,-0.22431506849315064,0.03983126090882314,0.029023746701847042,0.08333333333333326,0.09550561797752799,0.02643269973640575,0.06975533576262372,0.16761363636363646,0.24696601941747565,0.03146867807290055,0.12675070028011204,0.11581137309292666,0.24535603715170295,0.08374864848276618
2003-12,129.46507263183594,11.378379821777344,118.0866928100586,118.19628143310548,107.44403839111328,164.98052978515625,88.40454448353161,0.03819444444444442,0.10332103321033204,0.08727272727272717,0.05972600272249503,0.3532008830022073,0.3297180043383947,0.06239168110918558,0.20943122479381834,0.04358974358974366,0.07387862796833766,0.1432584269662922,0.02219088357926491,0.07104622871046229,0.22960893854748599,0.3046828689982217,0.0017318674826820178,-0.013051584835301444,0.14739884393063596,0.257323832145685,0.07138252593495308
2004-01,113.46759033203124,-15.997482299804702,129.46507263183594,108.3173828125,106.71729278564452,126.08518981933594,86.44142841157459,0.04347826086956519,0.054054054054053946,0.09859154929577474,0.03926990934184382,-0.006525285481239762,0.3125,0.21556886227544902,0.21282136419190992,0.017199017199017286,0.09234828496042224,0.17948717948717952,0.013219070394595567,0.101317582916856,0.2618427902134306,0.4175438596491228,0.017861488998758692,-0.018261964735516445,0.09173669467787104,0.2085271317829458,0.0822602577161159
2004-02,115.0759735107422,1.608383178710966,113.46759033203124,118.0866928100586,104.11482238769533,129.24427795410156,86.34749870300293,-0.009615384615384692,0.07291666666666652,0.03691275167785224,0.029247887848601065,-0.1165845648604269,0.18763796909492259,0.08249496981891347,0.245701149194417,-0.021739130434782594,0.03846153846153855,0.125,0.03286465061910322,0.13861386138613851,0.34306569343065685,0.5681818181818181,0.03384462601000453,0.010262989095574104,-0.021131137352392804,0.09223300970873805,0.015189856304722218
2004-03,138.53207397460938,23.456100463867173,115.0759735107422,129.46507263183594,109.12393951416016,183.70297241210935,88.45782570216967,0.09385113268608403,0.13043478260869557,0.247232472324723,0.05173922046897009,0.003717472118959231,-0.11908646003262635,0.17136659436008683,0.06669650061049205,0.004938271604938205,0.0,0.07387862796833766,0.019908913427839906,0.0902173913043478,0.36710586097228526,0.6810055865921787,0.02535233374487925,-0.006349206349206327,-0.014483627204030292,0.1307803468208093,0.014326850322221432
2004-04,149.6313934326172,11.099319458007812,138.53207397460938,113.46759033203124,121.14622497558594,205.3251953125,89.83619072323754,-0.011834319526627168,0.07051282051282048,0.1283783783783783,0.060387165694984105,0.05925925925925912,-0.06075533661740562,0.23275862068965525,0.08988744879121814,-0.009828009828009798,-0.02657004830917875,0.0633245382585752,0.01336414133078468,-0.019940179461615193,0.21658415841584167,0.5351379489849037,0.08125709464675177,0.004472843450479269,0.008338678640153807,0.10084033613445365,0.00843215656434603
2004-05,121.0911865234375,-28.540206909179688,149.6313934326172,115.0759735107422,91.96539306640624,159.94842529296875,90.54899940490722,0.13473053892215558,0.22653721682847894,0.3159722222222221,0.07563266313321114,0.10839160839160833,0.17843866171003708,0.39955849889624706,0.0523697633092902,-0.04714640198511166,-0.051851851851851816,-0.01538461538461533,0.02684374130509881,-0.0729060698541879,-0.009420289855072483,0.3304136253041363,0.08321592347869936,-0.05661577608142476,-0.05841269841269836,-0.07830950901180855,0.032597710121071766
2004-06,137.23391723632812,16.142730712890625,121.0911865234375,138.53207397460938,106.79373931884766,178.03662109375,89.15500016645952,-0.07124010554089699,0.04142011834319548,0.17725752508361214,0.10601431626955722,-0.01104100946372244,0.16111111111111098,0.022838499184339334,0.060028140236564435,0.02083333333333326,-0.03685503685503688,-0.03685503685503688,0.03404414969715751,-0.017190929041697167,-0.10701229644400134,0.2208087233075875,0.0314036113600147,-0.07484828051247483,-0.12332268370607036,-0.1360201511335014,0.04154532537058824
2004-07,131.0198516845703,-6.2140655517578125,137.23391723632812,149.6313934326172,121.2677764892578,159.81219482421875,88.33636370572177,0.09090909090909083,0.14970059880239517,0.23076923076923084,0.10850237139947967,-0.054226475279106845,0.036713286713286664,-0.026272577996716007,0.08423555840835564,0.015306122448979664,-0.012406947890818865,-0.03864734299516903,0.037753834865518046,0.04503163379233355,-0.047812817904374416,0.15841584158415833,0.05899876578201342,-0.04081632653061218,-0.1628498727735369,-0.15586914688903153,0.01703046640465487
2004-08,140.36582946777344,9.345977783203125,131.0198516845703,121.0911865234375,127.44524383544922,176.45431518554688,88.87590928511186,0.11979166666666674,0.1345646437994723,0.3915857605177995,0.10297224794779371,-0.08937605396290038,-0.1482649842271293,0.003717472118959231,0.03923615793293299,0.007537688442211143,0.04427083333333326,-0.00987654320987652,0.006679231494573213,0.013532763532763559,0.04096561814191668,0.031159420289855078,0.03111208617958115,-0.018996960486322156,-0.12946729602157803,-0.18031746031746032,0.028147316553749822
2004-09,153.87161254882812,13.505783081054688,140.36582946777344,137.23391723632812,130.20606994628906,189.355224609375,88.65545515580611,0.009302325581395321,0.23295454545454541,0.2840236686390534,0.05730294033046232,-0.04814814814814827,-0.1802232854864434,-0.04814814814814827,0.022256756128681065,0.009975062344139696,0.03316326530612246,-0.004914004914004955,0.003973024882396893,0.017217146872803957,0.07740975065128386,-0.03788634097706878,0.01722110715963744,0.07048799380325321,0.007288629737609353,-0.11693290734824291,0.05898063736482484
2004-10,119.86279296875,-34.008819580078125,153.87161254882812,131.0198516845703,100.50788116455078,148.24447631835938,86.87809426443917,0.14746543778801846,0.296875,0.49101796407185616,0.07310127412951882,0.24708171206225682,0.08094435075885342,0.12062937062937062,0.1835139590041971,0.03703703703703698,0.055276381909547645,0.042183622828784184,0.016373264963225918,0.040414507772020825,0.07264957264957261,0.021363173957273718,0.0145734942425724,0.02315484804630974,0.07446808510638303,-0.10050890585241723,0.0447674708801438
2004-11,122.70738983154295,2.8445968627929545,119.86279296875,140.36582946777344,98.92665100097656,151.67926025390625,83.598182331432,-0.13453815261044166,0.0023255813953488857,0.1372031662269131,0.1410113197221526,-0.0499219968798752,0.12777777777777777,-0.039432176656151396,0.17096540586941414,0.0452380952380953,0.09476309226932678,0.14322916666666674,0.018453045452248556,0.03685258964143423,0.09732958538299363,0.1422823701536211,0.012492367177452147,-0.004243281471004168,0.09062742060418305,-0.050573162508428804,0.03780618929137669
2004-12,109.89522552490234,-12.81216430664061,122.70738983154295,153.87161254882812,81.60477447509766,145.225341796875,81.56913027556047,-0.08120649651972156,-0.0875576036866359,0.125,0.14981162843108722,0.08045977011494254,0.2801556420233464,0.04944178628389162,0.1488698983611572,0.006833712984054774,0.09135802469135812,0.12755102040816335,0.020225374804031093,0.0070445084854307005,0.08635578583765113,0.1704503163379234,0.018324691063148223,-0.009232954545454586,0.00940665701881338,0.01676384839650158,0.017438100504166637
2005-01,100.88758850097656,-9.007637023925781,109.89522552490234,119.86279296875,78.19856262207031,128.5348663330078,83.11190468924386,0.11868686868686851,-0.11044176706827313,0.15364583333333326,0.13349440338207527,-0.06534954407294824,-0.040561622464898583,0.03709949409780777,0.08010177950689633,-0.040723981900452455,0.00952380952380949,0.0653266331658291,0.04306218299354262,0.007949125596184325,0.052456839309428904,0.12891737891737898,0.016954597548231712,0.021505376344086002,0.007779349363507659,0.0828267477203648,0.01649613693436227
2005-02,108.97796630859376,8.090377807617202,100.88758850097656,122.70738983154295,104.7703628540039,108.79598236083984,83.72349967956544,0.02934537246049662,0.058004640371229765,0.0604651162790697,0.10013405692420656,-0.001626016260162677,0.008210180623973606,0.13703703703703685,0.07309710485109219,-0.002358490566037763,-0.036446469248291535,0.05486284289276799,0.02522611700257419,0.026498422712933678,0.04194684598142806,0.14335910049191858,0.010979902355467213,-0.006315789473684275,0.005681818181818121,0.09682416731216104,0.016967479214616762
2005-03,90.41048431396484,-18.56748199462892,108.97796630859376,109.89522552490234,87.22633361816406,87.87673950195312,82.83636335893111,0.16447368421052633,0.34090909090909083,0.22350230414746552,0.06872408124786329,0.1351791530944626,0.059270516717325084,0.35603112840466933,0.10245983013415043,0.026004728132387633,-0.018099547511312264,0.07160493827160486,0.0334890625003466,0.038414259373079185,0.07440381558028619,0.16718480138169256,0.015352458884930212,0.07485875706214684,0.09103942652329744,0.10130246020260492,0.041251075757294024
2005-04,87.03240203857422,-3.378082275390625,90.41048431396484,100.88758850097656,72.53263092041016,102.85391235351562,84.26714288620721,-0.02259887005649719,0.17155756207674955,0.04216867469879526,0.09656949615610683,0.02582496413199431,0.16260162601626016,0.11544461778471149,0.07237350957622256,-0.011520737327188946,0.011792452830188704,0.021428571428571352,0.019564336169865023,0.004439183190293017,0.07066246056782344,0.12682602921646757,0.017238053898543982,-0.13206307490144542,-0.07298245614035093,-0.06577086280056588,0.104257958401999
2005-05,98.20596313476562,11.173561096191406,87.03240203857422,108.97796630859376,89.93269348144531,104.9098892211914,85.62809499104817,-0.061657032755298546,0.06798245614035081,0.12993039443155463,0.12086961417775256,-0.09510489510489517,0.05374592833876224,0.06239737274220025,0.11519050333670257,-0.01631701631701632,-0.0023640661938534313,-0.038724373576309756,0.023174320929809745,-0.04272245138479669,-0.001536570374923163,0.04034582132564846,0.04074655693026431,0.007570022710068125,-0.06002824858757061,-0.05468750000000011,0.10554763558259701
2005-06,81.12405395507812,-17.0819091796875,98.20596313476562,90.41048431396484,69.88249969482422,93.4175262451172,88.44227253306995,0.11498973305954818,0.02259887005649719,0.3712121212121211,0.09279030449861676,0.11128284389489962,0.03156384505021537,0.09270516717325239,0.10370067412033586,0.021327014218009532,-0.00691244239631339,-0.02488687782805432,0.020490046805890193,0.08464142813173292,0.0429121041728322,0.12050874403815581,0.06439225843083689,-0.015026296018031515,-0.13863337713534818,-0.06021505376344094,0.0749506539665192
2005-07,165.90191650390625,84.77786254882812,81.12405395507812,87.03240203857422,118.1835708618164,237.5650177001953,89.69666617257255,0.0607734806629836,0.10982658959537583,0.3002257336343117,0.09049190802924272,0.06119610570236422,0.06713286713286704,0.24065040650406488,0.10765266911504946,-0.016241299303944357,-0.011655011655011704,0.0,0.02171196655023817,0.02553916004540291,0.06482027106658816,0.14006309148264995,0.06373680712311773,-0.0015255530129670847,-0.009084027252081683,-0.08140350877192981,0.011369499985224664
2005-08,116.2276611328125,-49.67425537109375,165.90191650390625,98.20596313476562,92.68307495117188,143.29122924804688,87.94086987039317,0.1128472222222221,0.3162217659137576,0.4057017543859647,0.03070197316295923,0.2621231979030145,0.4884080370942814,0.5684039087947885,0.10458902915719645,0.03301886792452824,0.03791469194312791,0.03546099290780136,0.02573791528515754,0.050913115661317176,0.1689750692520775,0.16717885679164102,0.029649381046515592,0.006875477463712754,-0.009767092411720357,-0.06920903954802249,0.011049397090675334
2005-09,103.8076629638672,-12.419998168945298,116.2276611328125,81.12405395507812,78.45670318603516,130.27203369140625,88.08000001453217,-0.01716068642745705,0.16022099447513827,0.18644067796610164,0.0654312174112664,0.3374870197300104,0.7913769123783032,0.8479196556671451,0.14282160853947104,0.041095890410958846,0.058004640371229765,0.05069124423963123,0.031035881631928157,0.01579778830963674,0.09477866061293994,0.141757916543356,0.01812833032350413,-0.027314112291350723,-0.02212051868802445,-0.1576872536136662,0.0178164490960103
2005-10,87.06182861328125,-16.74583435058595,103.8076629638672,165.90191650390625,73.18765258789062,105.56188201904295,89.72190420968192,-0.0714285714285714,0.015625,0.12716763005780352,0.09469655729362378,0.04968944099378869,0.7719528178243775,0.8909090909090907,0.1492398813104652,0.030701754385964897,0.10849056603773577,0.09557109557109555,0.005456576629828331,0.05235873509590472,0.12340896513558386,0.19622863877430752,0.02070377928653644,0.05538221528861165,0.03361344537815136,0.024224072672218044,0.04155421009004482
2005-11,83.48009490966797,-3.5817337036132812,87.06182861328125,116.2276611328125,70.60446166992188,96.0295867919922,91.49190557570684,-0.05128205128205132,-0.1341653666146645,0.13963039014373702,0.027432198708964965,-0.22855029585798814,0.08307372793354095,0.6120556414219476,0.28303210657916683,0.014893617021276562,0.08904109589041087,0.13033175355450233,0.013194028961584192,0.0514778325123153,0.12401263823064768,0.3139427516158817,0.020858828560808607,-0.022172949002217335,0.003793626707132125,-0.006010518407212451,0.04633198618549154
2005-12,95.35025024414062,11.870155334472656,83.48009490966797,103.8076629638672,69.64460754394531,130.6789093017578,90.91619037446522,0.021621621621621623,-0.09999999999999998,0.04419889502762442,0.048954343054759084,0.230105465004794,-0.0038819875776398005,0.7844228094575798,0.23106002101037998,0.0691823899371069,0.11842105263157898,0.18329466357308588,0.02792229510644204,0.07214804403841657,0.18636599274235355,0.2988081725312146,0.011687959490559684,0.04006046863189705,0.07332293291731684,0.04958047292143397,0.041074237057658114
2006-01,94.51001739501952,-0.840232849121108,95.35025024414062,87.06182861328125,89.32347106933594,100.19158172607422,89.03099975585937,0.12169312169312163,0.08717948717948731,0.10416666666666674,0.08684244461014541,-0.3250194855806703,-0.3594674556213018,0.13499344692005244,0.29660161898324244,0.07843137254901955,0.17021276595744683,0.2971698113207548,0.03432652259688191,0.03430194450513446,0.1660098522167488,0.3099059214167128,0.0189499165488582,0.04796511627906974,0.06577974870657788,0.10160427807486627,0.03841620735716065
2006-02,95.85819244384766,1.3481750488281392,94.51001739501952,83.48009490966797,89.40576171875,102.79864501953124,90.3526322214227,-0.05817610062893086,0.07927927927927936,-0.06552262090483618,0.09012483817986079,-0.13510392609699773,-0.2818791946308724,-0.2222222222222222,0.2821375343827464,0.009090909090909038,0.16352201257861632,0.26712328767123283,0.037648881396021495,0.05238698774820438,0.1670180370110097,0.3117430226434965,0.01892923393718384,0.03467406380027738,0.12773998488284177,0.1320182094081941,0.006685168751673768
2006-03,92.79762268066406,-3.0605697631835938,95.85819244384766,95.35025024414062,88.04222869873047,97.03602600097656,89.96695642885955,0.04006677796327218,0.09876543209876543,-0.011111111111111183,0.09006244160167053,-0.07877169559412545,-0.4621979734996102,-0.4642857142857143,0.12902145428873665,0.003603603603603567,0.09215686274509793,0.22149122807017552,0.041708123508187395,0.024287434765154492,0.11492243827834825,0.32270606531881807,0.014241629543250584,-0.043565683646112574,0.0370639534883721,0.11310452418096717,0.04945704784863442
2006-04,89.01580047607422,-3.7818222045898438,92.79762268066406,94.51001739501952,85.9110107421875,92.8307113647461,88.409473619963,0.130016051364366,0.10691823899371067,0.20341880341880358,0.09412652924949416,0.02753623188405796,-0.18129330254041576,-0.4755917159763313,0.08258986683833008,0.09694793536804314,0.11090909090909085,0.30000000000000004,0.05238023141784497,0.2518126592200667,0.34938741022391206,0.5733990147783252,0.12404831792700018,-0.01331464611072164,-0.023578363384188505,0.04065040650406493,0.039453558418653306
2006-05,85.20877838134766,-3.8070220947265625,89.01580047607422,95.85819244384766,84.03312683105469,82.27742767333984,84.85727240822531,-0.0028409090909091717,0.1719532554257095,0.2648648648648648,0.0678023024868857,-0.12552891396332855,-0.1722296395193591,-0.4055608820709492,0.07843952212545038,0.10474631751227492,0.21621621621621623,0.4150943396226414,0.05627881130797032,0.25954915466499684,0.6150140505820956,0.8847505270555165,0.13365107430373793,0.07173295454545459,0.011394101876675666,0.14058956916099774,0.059780146673972495
2006-06,102.57276916503906,17.363990783691406,85.20877838134766,92.79762268066406,90.38453674316406,115.67947387695312,85.76590902155095,-0.01851851851851849,0.10593900481540941,0.21516754850088193,0.08160808561765676,-0.001612903225806428,-0.10289855072463772,-0.5175370226032736,0.08127503580234711,-0.11703703703703705,0.07001795332136451,0.16862745098039222,0.12585589612358014,-0.10539398458861549,0.4105428179502253,0.5726458378850776,0.2085025717791485,-0.07157057654075549,-0.01822004204625083,0.01816860465116288,0.0720679654093016
2006-07,137.13482666015625,34.56205749511719,102.57276916503906,89.01580047607422,134.39634704589844,142.0860595703125,85.8930004119873,0.07256894049346885,0.04971590909090917,0.16194968553459121,0.04869866192714084,0.009693053311793154,-0.11847672778561347,-0.27829099307159355,0.07501997823256393,0.06375838926174504,0.03764320785597386,0.15272727272727282,0.1180076641493925,0.07140872464573489,0.20726361928616166,0.6290663286861005,0.18250091976422136,0.02712348322626701,0.022017045454545414,-0.0020804438280165316,0.07333305801438898
2006-08,147.08111572265625,9.9462890625,137.13482666015625,85.20877838134766,141.55645751953125,159.18817138671875,85.04521743110989,-0.004059539918809363,0.04843304843304841,0.22871452420701166,0.04895220672877834,0.1200000000000001,0.12903225806451601,-0.06542056074766356,0.0671877287554735,-0.001577287066246047,-0.06222222222222218,0.14054054054054044,0.09154843038442553,-0.0020746887966804906,-0.04349987571464087,0.5447611401043757,0.08881993669469382,0.03127171646977067,-0.01656726308813783,-0.005361930294906059,0.05821549407732453
2006-09,111.72425842285156,-35.35685729980469,147.08111572265625,102.57276916503906,110.28041076660156,114.77066802978516,85.60449981689453,-0.1467391304347826,-0.08853410740203205,0.008025682182985605,0.11129946056650634,-0.3057142857142857,-0.21486268174474954,-0.29565217391304344,0.22093817576432695,-0.05529225908372826,0.003355704697986628,0.07360861759425497,0.05961977537075063,-0.012214137214137222,0.05612670186162827,0.4897119341563787,0.04563515364824664,0.1246630727762803,0.1912919343326196,0.16958654519971983,0.0551560283822133
2006-10,113.1352996826172,1.4110412597656392,111.72425842285156,137.13482666015625,125.2918930053711,99.27391815185548,86.34272592717952,-0.07006369426751591,-0.20974289580514216,-0.17045454545454553,0.0714062747622533,0.22633744855967075,-0.0464,-0.15937940761636105,0.2815490939934899,-0.02006688963210701,-0.0757097791798107,-0.04091653027823239,0.027288551552148824,-0.013417521704814472,-0.02748962655601661,0.17407639323731994,0.006230521738780249,0.18514080287597356,0.37456567060458656,0.4048295454545454,0.07751902672060636
2006-11,88.77892303466797,-24.356376647949233,113.1352996826172,147.08111572265625,87.27577209472656,86.71051025390625,84.84454553777522,0.001712328767123239,-0.20516304347826075,-0.16666666666666674,0.07423920318053547,0.25,0.06428571428571428,0.2016129032258065,0.31423381200191514,0.07167235494880542,-0.00789889415481837,-0.0696296296296296,0.06554505939391371,-0.06279999999999997,-0.08666839916839919,-0.12639821029082776,0.02886464622624287,-0.02477249747219412,0.29986522911051217,0.2783300198807157,0.10805256371828041
2006-12,90.60655975341795,1.8276367187499858,88.77892303466797,111.72425842285156,95.78137969970705,78.7696533203125,83.35550041198731,0.06495726495726495,-0.0079617834394905,-0.09579100145137898,0.06755538328702879,-0.1167785234899329,0.3539094650205761,0.06300484652665594,0.2052701358006345,0.0031847133757962887,0.05351170568561869,0.057046979865771785,0.04769221300335922,-0.050362782757149005,-0.12194159431728491,-0.07265907196443455,0.02568483939845126,-0.01607050285121825,0.13720790892750157,0.3547466095645968,0.11876118047429268
2007-01,97.9200439453125,7.3134841918945455,90.60655975341795,113.1352996826172,95.61344909667967,97.65373992919922,84.78047579810733,-0.1284109149277689,-0.0702054794520548,-0.26522327469553464,0.09859279342783828,0.0,0.10402684563758391,0.05279999999999996,0.1873782755292726,0.0015873015873015817,0.07679180887372006,-0.004731861198738141,0.04001046420904573,-0.15056179775280898,-0.244,-0.2647821576763485,0.054614802821901655,-0.07270811380400422,-0.1102123356926189,0.22307157748436413,0.03049963660420979
2007-02,96.16935729980467,-1.7506866455078267,97.9200439453125,88.77892303466797,98.1557388305664,90.95567321777344,84.40631585372121,0.0644567219152854,-0.011965811965812034,-0.21467391304347827,0.11149695726551771,0.21124620060790278,0.06979865771812066,0.13857142857142857,0.1662640472457512,0.0538827258320127,0.05891719745222934,0.05055292259083721,0.029742370417658263,0.0010582010582009804,-0.19248826291079812,-0.2624740124740125,0.07710661906530196,0.0028409090909091717,-0.08501814411612241,0.18935309973045822,0.03931309225618553
2007-03,87.33650207519531,-8.83285522460936,96.16935729980467,90.60655975341795,86.1521224975586,83.9186019897461,83.48409063165838,0.07439446366782021,-0.0032102728731941976,-0.011146496815286566,0.114328988479056,-0.1066499372647427,0.0820668693009119,0.46502057613168724,0.16179056465288277,-0.015037593984962405,0.039682539682539764,0.09531772575250841,0.03596574535442781,0.13671599718111338,-0.03340823970037454,-0.15127598000526177,0.14371278831432796,-0.04532577903682722,-0.11222339304531093,0.009586578789694489,0.0382480434420562
2007-04,76.6133804321289,-10.723121643066406,87.33650207519531,97.9200439453125,69.22551727294922,83.41928100585938,82.14999961853027,0.08534621578099855,0.24125230202578285,0.15410958904109595,0.010448847938523206,0.0660112359550562,0.1534954407294833,0.27348993288590595,0.15914512777634493,0.03664122137404591,0.0760697305863709,0.15870307167235498,0.03586544278401063,0.20365778053316808,0.3696649029982364,0.03546666666666676,0.10322372919272059,0.04035608308605343,-0.003977272727272663,-0.11375126390293222,0.04295113429221037
2007-05,92.5995864868164,15.9862060546875,76.6133804321289,96.16935729980467,82.30323028564453,103.89258575439452,82.10999991677024,0.0014836795252224366,0.16782006920415227,0.15384615384615374,0.045586636027620385,0.0026350461133071157,-0.04516938519447922,0.021476510067114152,0.08734188549261994,-0.0176730486008837,0.003007518796992459,0.06210191082802541,0.030625929920174735,-0.010945145506051968,0.3532417195207893,0.09275857163181112,0.10980242201535438,0.03137478608100408,0.02436260623229458,-0.06272680145152931,0.047090377435544034
2007-06,97.9723129272461,5.3727264404296875,92.5995864868164,87.33650207519531,87.08059692382812,109.30941009521484,82.46619015648251,0.05629629629629629,0.14814814814814814,0.14446227929374,0.0425856896281128,-0.04073587385019717,0.02528089887640439,0.10942249240121571,0.053685074879822686,-0.016491754122938573,0.0015267175572519776,0.041269841269841345,0.03102297123293331,-0.02694961593542511,0.15840049597024186,0.11970037453183524,0.12877003419814112,0.1338495575221239,0.21661721068249262,0.08008429926238136,0.05674911488286396
2007-07,112.34625244140624,14.373939514160142,97.9723129272461,76.6133804321289,103.2634048461914,127.13468170166016,80.77857099260602,0.08274894810659195,0.1454005934718101,0.4217311233885821,0.0414491849994093,-0.1479452054794521,-0.18050065876152832,-0.054711246200607966,0.07751267601346597,0.013719512195121908,-0.020618556701030966,0.0538827258320127,0.01779329903135556,0.06676478458656687,0.02665464846767973,0.4061728395061728,0.050128776123634304,0.10048780487804865,0.28693667997718175,0.28181818181818175,0.05226645624208545
2007-08,83.17320251464844,-29.1730499267578,112.34625244140624,92.5995864868164,73.12574005126953,100.14825439453124,80.93478260869566,-0.08290155440414515,0.04888888888888876,0.2249134948096887,0.08899051766853117,-0.003215434083601254,-0.18528252299605785,-0.22208281053952317,0.07510917711013071,0.0,-0.0029985007496251548,0.0,0.015126817144090296,-0.05756929637526653,-0.0217419606822028,0.32381959126145166,0.0647802919928302,0.1254432624113475,0.4043141592920354,0.43852691218130313,0.01735149944370998
2007-09,94.4888687133789,11.315666198730469,83.17320251464844,97.9723129272461,94.93997955322266,92.24872589111328,79.30210515072471,0.08898305084745761,0.0813464235624124,0.24154589371980673,0.09748783731107417,-0.016129032258064613,-0.1643835616438356,-0.1432584269662922,0.08009262478409802,0.07218045112781946,0.08689024390243905,0.0885496183206107,0.038331718634355486,0.01796646260314083,0.023414503612523507,0.18552386856788594,0.06264435436316387,0.2721543914927136,0.575609756097561,0.9169139465875371,0.09275087350617968
2007-10,101.47301483154295,6.984146118164048,94.4888687133789,112.34625244140624,103.61026763916016,97.4951629638672,77.84782575524372,0.07522697795071354,0.07383419689119175,0.22997032640949544,0.09551455369797625,0.11475409836065587,0.09324758842443726,-0.10408432147562585,0.07212716257125924,0.058906030855540026,0.13533834586466176,0.11192930780559651,0.03841906694540839,0.04693423976990463,0.004389815627743543,0.031161473087818692,0.053953331786635125,0.007739938080495445,0.44281914893617036,0.856816885339418,0.13247215501640672
2007-11,89.79544830322266,-11.677566528320298,101.47301483154295,83.17320251464844,95.7384796142578,81.56842803955078,75.66904740106492,0.11580217129071158,0.3064971751412431,0.37037037037037046,0.020635087745021957,0.050000000000000044,0.15161290322580645,-0.06176084099868606,0.06544276894412732,0.06754966887417213,0.21203007518797,0.20839580209895048,0.0067375422824043005,-0.12999500499500505,-0.07279744476976313,-0.09295664627001687,0.09489967128575114,-0.05468509984639025,0.21189444663253232,0.7018805309734513,0.17351077854716476
2007-12,94.96749114990234,5.1720428466796875,89.79544830322266,94.4888687133789,98.5313720703125,84.13076782226562,76.76400032043458,-0.010810810810810811,0.1867704280155642,0.2833099579242637,0.06465252591893503,0.0014005602240896309,0.1721311475409837,-0.020547945205479423,0.05686830313556592,-0.003722084367245637,0.12622720897615713,0.22408536585365857,0.038894421418033204,-0.05439931103774942,-0.13871094260687666,-0.11854428686111851,0.08877608078497994,0.12219694507637313,0.06904024767801853,0.6843902439024392,0.08970744081613871
2008-01,81.49982452392578,-13.467666625976562,94.96749114990234,101.47301483154295,76.40237426757812,83.74764251708984,75.90428597586495,0.004371584699453646,0.1085645355850422,0.19041450777202074,0.06913528765898358,0.11888111888111874,0.17647058823529416,0.2861736334405145,0.059031341600902565,0.1083437110834371,0.17880794701986757,0.33834586466165417,0.05671942524372532,0.07179720704310877,-0.11825674325674329,-0.11438605292863413,0.10194799896666801,-0.004344048653344923,0.05622119815668203,0.5239361702127661,0.09113552394226233
2008-02,80.75146484375,-0.7483596801757812,81.49982452392578,89.79544830322266,72.52851104736328,86.75279235839844,75.67050018310547,0.03155603917301408,0.024864864864864833,0.3389830508474576,0.021464892561293445,0.06875000000000009,0.19747899159663884,0.37903225806451624,0.058950201838457644,0.035955056179775235,0.14392059553349879,0.38646616541353374,0.056823022550640985,0.11712222064863331,0.13219463183579738,0.04977375565610864,0.08888152588897591,0.13059918557300754,0.2632434189145272,0.5309176841276093,0.07560081260909864
2008-03,77.63613891601562,-3.115325927734375,80.75146484375,94.96749114990234,72.02967834472656,83.48439025878906,72.45350036621093,0.08966244725738393,0.12896174863387966,0.33981841763942944,0.0435696386286143,0.09941520467836251,0.3146853146853146,0.5409836065573772,0.02527319289282464,0.049891540130151846,0.20547945205479445,0.35764375876577836,0.038407896828674896,0.06985294117647056,0.28096539162112943,0.10328147470257543,0.02674734195491411,0.07949575508103934,0.21517520996235162,0.29907120743034055,0.06813020593165212
2008-04,71.9048080444336,-5.731330871582031,77.63613891601562,81.49982452392578,69.45796966552734,69.99274444580078,72.11681851473722,0.06679574056147142,0.1991294885745376,0.3293124246079613,0.029271936189041513,0.07765957446808525,0.2662500000000001,0.48970588235294144,0.015774677709408984,-0.05991735537190079,0.022471910112359605,0.20529801324503305,0.059782576075048686,0.029150373266974672,0.22999575131001282,0.08454045954045952,0.04402675275327196,-0.2292659675881793,-0.059336823734729593,-0.006451612903225823,0.19469989319181952
2008-05,72.57379913330078,0.6689910888671875,71.9048080444336,80.75146484375,70.67774963378906,74.78978729248047,72.91238076346261,0.12431941923774947,0.3069620253164558,0.33945945945945954,0.028962520580963595,0.1085883514313919,0.31345029239766076,0.5728291316526612,0.015885230622838864,-0.023076923076923106,-0.03579175704989157,0.10297766749379655,0.055886205223746,-0.03477259643062747,0.06275354969574032,0.20324386392995542,0.052740478143708504,-0.21119356833642544,-0.34370980190378186,-0.17094572635684102,0.17328237828723467
2008-06,87.54842376708984,14.974624633789062,72.57379913330078,77.63613891601562,88.88606262207031,80.34490203857422,73.17952364966983,0.0734463276836157,0.287512100677638,0.45355191256830607,0.03146764306870425,0.12911843276936774,0.3489361702127658,0.7734265734265733,0.02590394944746541,0.0,-0.08161157024793386,0.1070983810709838,0.030220995199645075,-0.014553262555171198,-0.021092546510250054,0.25394656952034,0.03267255551019962,-0.0015680125441003279,-0.39299332697807443,-0.26238053866203304,0.12656740232461874
2008-07,89.73957061767578,2.1911468505859375,87.54842376708984,71.9048080444336,84.3224868774414,88.16068267822266,72.53727236661044,0.006766917293233199,0.21506352087114333,0.45701849836779096,0.05895309707400153,-0.12066246056782326,0.100691016781836,0.39375000000000004,0.13866501224075267,0.057367829021372385,0.03296703296703307,0.05617977528089879,0.041422558921196555,0.018520760198523112,-0.031203223949337944,0.19161591842515224,0.026903823471397928,-0.036513545347467535,-0.24118738404452678,-0.28621291448516584,0.11230700062446045
2008-08,88.55410766601562,-1.1854629516601562,89.73957061767578,72.57379913330078,75.76971435546875,105.06571197509766,76.0614278884161,-0.1501120238984317,-0.08151735270379346,0.20042194092827015,0.11477186249360757,-0.2600896860986547,-0.2653606411398042,-0.03508771929824572,0.19719423828987145,-0.10744680851063826,-0.05624296962879638,-0.09002169197396959,0.0836657528607687,-0.09258378892322316,-0.08922819992842657,-0.032074036511156145,0.057048042417383635,0.04074979625101882,0.0011760094080752737,-0.34293799845639306,0.03869024674491838
2008-09,88.54255676269531,-0.0115509033203125,88.55410766601562,87.54842376708984,82.01426696777344,94.46100616455078,78.26428513299851,-0.12917398945518455,-0.25488721804511283,-0.04065827686350443,0.08517563579974688,-0.06787878787878787,-0.39353312302839116,-0.1819148936170213,0.09930684494388864,-0.010727056019070313,-0.06636670416197976,-0.1425619834710744,0.08282057779270946,-0.08434839554682383,-0.15373441471976756,-0.17158431093731485,0.061905984825608655,-0.12372748629600627,-0.12131919905771482,-0.46663489037178263,0.08228879219431366
2008-10,64.15979766845703,-24.38275909423828,88.54255676269531,89.73957061767578,53.11738967895508,75.28266143798828,83.11173944887908,-0.26538849646821394,-0.4563106796116505,-0.3393829401088929,0.07335014012174912,-0.1248374512353706,-0.39641255605381165,-0.33563672260612043,0.09872730605171177,-0.027710843373493943,-0.14148936170212767,-0.11318681318681323,0.05164136535001509,-0.2953797739951366,-0.4145471832659853,-0.4328151986183074,0.11953261476486,-0.16934763181411971,-0.24246128769356157,-0.4251700680272108,0.11051010770568599
2008-11,79.08097076416016,14.921173095703125,64.15979766845703,88.55410766601562,68.30364990234375,95.14356231689452,86.43210561651932,-0.26923076923076916,-0.5325131810193322,-0.5706214689265536,0.07977578636600995,-0.008915304606240793,-0.19151515151515153,-0.4060552092609083,0.057963962611991805,-0.057001239157372985,-0.09296781883194283,-0.1439820022497188,0.023408247631956012,-0.24543239951278928,-0.5131630648330059,-0.5566026482166289,0.11028526589499746,-0.015599784830554131,-0.283476898981989,-0.2826342610740886,0.07896328044664995
2008-12,92.3664321899414,13.28546142578125,79.08097076416016,88.54255676269531,83.84313201904297,109.21497344970705,83.10499988902698,-0.21804511278195493,-0.5802219979818365,-0.687218045112782,0.028507690380383102,-0.13193403298350825,-0.24707412223667102,-0.5433753943217665,0.0690674948669462,0.07227332457293034,-0.016867469879518038,-0.08211473565804273,0.0677823403166039,-0.17352703793381763,-0.5605778858532399,-0.6281321873865149,0.06125521818195252,-0.02021857923497261,-0.19883824843610365,-0.2960345504515115,0.08746352386088946
2009-01,85.36947631835938,-6.996955871582031,92.3664321899414,64.15979766845703,86.31317138671875,89.7125473022461,84.12249946594238,0.0793269230769229,-0.3832417582417582,-0.6646751306945482,0.18821200989124554,-0.0949913644214162,-0.2213967310549777,-0.5300448430493274,0.06312349848426042,0.052696078431372584,0.06443618339529111,-0.08617021276595749,0.06967625477917333,0.04850260416666674,-0.34612261469752337,-0.6171856429759923,0.1532238718254619,0.08812046848856658,0.04948897256589557,-0.20497147514262437,0.06125979305653409
2009-02,67.45267486572266,-17.91680145263672,85.36947631835938,79.08097076416016,64.77291107177734,64.58635711669922,86.55263198049445,-0.03786191536748318,-0.18796992481203012,-0.6203866432337434,0.14979393412134856,-0.13740458015267187,-0.3223388305847077,-0.45212121212121215,0.023070791474232997,0.09778812572759032,0.23915900131406054,0.12395709177592362,0.022611082731754596,0.029183483390251563,-0.10815173527037936,-0.5658153241650294,0.12299183296349311,-0.05996924654023572,0.002185792349726823,-0.28191072826938135,0.07664640512353793
2009-03,72.64462280273438,5.191947937011719,67.45267486572266,92.3664321899414,69.17710876464844,74.83297729492188,86.45818224820223,0.08333333333333326,0.125,-0.5277497477295661,0.06884470868888486,-0.1261061946902654,-0.3177892918825561,-0.4863459037711313,0.02196461944955655,-0.020148462354188768,0.13235294117647056,0.11325301204819271,0.05951002528985494,0.13122171945701355,0.220703125,-0.4635960520669432,0.05420252466691893,0.0016357688113413094,0.024539877300613355,-0.1791778373547811,0.07439236619891396
2009-04,85.6884994506836,13.043876647949219,72.64462280273438,85.36947631835938,84.48536682128906,83.98128509521484,85.25142887660435,0.08547008547008539,0.13140311804008897,-0.30219780219780223,0.0705970212402108,-0.11392405063291144,-0.33206106870229013,-0.47994056463595847,0.01174303633662798,-0.03679653679653683,0.03608847497089629,0.10285006195786872,0.07337032617453114,0.17520000000000002,0.36820863085998146,-0.10535931790499387,0.07490740272939089,-0.0059880239520957446,-0.06406970784213228,-0.01775147928994092,0.03358390617711182
2009-05,89.68086242675781,3.9923629760742188,85.6884994506836,67.45267486572266,86.63702392578125,92.64315032958984,82.16100006103515,0.13976377952755903,0.3402777777777777,0.08834586466165395,0.03198115638356373,0.08857142857142852,-0.15707964601769897,-0.4287856071964018,0.12058144250624382,0.043820224719101075,-0.014846235418875975,0.22076215505913277,0.042560180031315266,0.036759700476514556,0.3782805429864253,0.22921711057304273,0.07073763581190035,0.10898138006571756,0.10414394765539803,0.10655737704918034,0.06428992447225153
2009-06,81.10958862304688,-8.571273803710938,89.68086242675781,72.64462280273438,80.80081939697266,74.5913314819336,80.09318161010742,0.18480138169257332,0.4658119658119657,0.6490384615384615,0.04973747284898332,-0.002624671916010568,-0.03797468354430389,-0.34369602763385154,0.1014139204326167,0.01829924650161474,0.023809523809523725,0.15931372549019618,0.04120260490083052,0.09739549135478232,0.3370666666666666,0.6321614583333333,0.06939735493651669,-0.00395061728395063,0.09798584648884057,0.12493028443948684,0.06579735419139612
2009-07,83.43962097167969,2.3300323486328125,81.10958862304688,85.6884994506836,82.10675048828125,80.12088012695312,79.48909065940164,-0.05393586005830886,0.2775590551181104,0.44543429844098004,0.12684860174192455,-0.10789473684210515,-0.03142857142857136,-0.3530534351145038,0.09831706317314864,-0.012684989429175508,0.04943820224719109,0.08731082654249134,0.02829659117083134,0.040287195851615554,0.18357159065123674,0.6193728655696988,0.034035520108487274,-0.1294000991571641,-0.03833515881708649,-0.09994874423372635,0.11924550177688917
2009-08,73.37187957763672,-10.067741394042969,83.43962097167969,89.68086242675781,64.70917510986328,78.04385375976562,78.44857134137835,0.11710323574730341,0.2521588946459412,0.6782407407407407,0.12303988639004264,-0.07079646017699126,-0.17322834645669294,-0.30309734513274333,0.053393915720435565,0.016059957173447437,0.02152852529601712,0.006362672322375307,0.017278644083076923,0.18194018404907975,0.34931057124097187,0.8597285067873304,0.07126795860614275,-0.07915717539863332,-0.20148148148148148,-0.11832061068702304,0.06313735063800784
2009-09,92.8399887084961,19.468109130859375,73.37187957763672,81.10958862304688,97.492919921875,77.7846450805664,77.0076192220052,-0.06620689655172407,-0.01311953352769668,0.44658119658119677,0.10247565176999464,-0.060317460317460325,-0.2210526315789474,-0.25063291139240507,0.024998962682080576,0.050579557428872546,0.05391120507399583,0.07900432900432897,0.03167616781887262,0.005028386050283773,0.23573992820103706,0.6522666666666668,0.093636297275722,-0.020408163265306034,-0.21467526028755568,-0.13772455089820346,0.05455126015028183
2009-10,90.57640075683594,-2.2635879516601562,92.8399887084961,83.43962097167969,88.22991180419922,90.4251480102539,76.01181827891956,0.08124076809453462,0.12788906009244982,0.4409448818897639,0.09715068622100106,0.3581081081081079,0.18584070796460161,0.14857142857142835,0.24465925094783797,0.04613841524573714,0.11670235546038543,0.17191011235955056,0.01877959968375176,0.01484828921885084,0.20552147239263796,0.4268209666439755,0.09942661958060926,0.10858585858585856,0.0,-0.03833515881708649,0.09603675590599221
2009-11,82.10176086425781,-8.474639892578125,90.57640075683594,73.37187957763672,74.31538391113281,85.0097885131836,75.33699989318848,0.051912568306010876,0.06206896551724128,0.3298791018998273,0.07805250913193938,-0.08208955223880587,0.17142857142857149,-0.03149606299212604,0.24810211623233822,0.08053691275167796,0.18756585879873544,0.21313240043057058,0.01871017331335206,0.06170483460559795,0.08288726682887271,0.4611512365944408,0.030288023388416248,0.1657175398633257,0.2659245516388373,0.010864197530864095,0.09534696642968125
2009-12,92.94691467285156,10.84515380859375,82.10176086425781,92.8399887084961,89.34334564208984,95.87136840820312,76.78999987515536,-0.029870129870129825,0.1033973412112259,0.08892128279883393,0.05758209309371479,0.4552845528455285,0.8141891891891893,0.41315789473684217,0.2863529786824559,0.00709849157054121,0.13841524573721165,0.19978858350951367,0.03674364792452689,0.04583582983822643,0.1268560361523563,0.39250099720781817,0.0238313128450946,0.008793356130923469,0.30366161616161613,0.02379771938522568,0.07942267937213031
2010-01,91.58102416992188,-1.3658905029296875,92.94691467285156,90.57640075683594,84.97299194335938,100.41094207763672,77.840526380037,0.022757697456492698,0.04371584699453557,0.1771956856702619,0.041448973498231734,0.08193668528864051,0.44527363184079616,0.7138643067846606,0.2753979440802813,-0.0149779735682819,0.07190795781399806,0.19700214132762306,0.0500061088390187,0.05786307648238331,0.17461832061068705,0.4160276073619631,0.008278879550031457,-0.037288135593220306,0.13211845102505704,0.13211845102505704,0.10642681960481246
2010-02,80.72535705566406,-10.855667114257812,91.58102416992188,82.10176086425781,78.84627532958984,80.71173858642578,80.15578942549855,-0.027486910994764524,-0.03506493506493513,0.024827586206896513,0.029720611870521177,-0.08089500860585197,0.4471544715447153,0.6952380952380952,0.2748912854396623,-0.020572450805008913,-0.028393966282165062,0.15384615384615374,0.014630729877721215,-0.07284050907121586,0.025763930497303855,0.11078669910786698,0.07224051881891397,-0.035211267605633756,-0.06301905227161686,0.1861471861471864,0.026026346171896426
2010-03,74.116943359375,-6.6084136962890625,80.72535705566406,92.94691467285156,73.49691009521484,70.03934478759766,80.67130445397419,0.06729475100942128,0.0615796519410976,0.17134416543574593,0.04741946377784896,-0.196629213483146,-0.2011173184357542,0.44932432432432434,0.13994494552838901,0.016438356164383494,-0.01938325991189427,0.11634904714142436,0.01995028730766202,0.08980724299065423,0.06889143511887719,0.20448676565526136,0.08617631954434536,-0.009384775808133572,-0.07990314769975781,0.1994949494949494,0.015545195112425981
2010-04,88.76158142089844,14.644638061523438,74.116943359375,91.58102416992188,92.05691528320312,81.26840209960938,81.23285747709728,0.07187894073139978,0.11256544502617793,0.16120218579234957,0.056092409969247664,-0.06526806526806528,-0.30981067125645434,-0.0024875621890546595,0.07175694948580093,0.032345013477088846,0.027728085867620766,0.1016299137104506,0.027151057700197417,0.037786412970655325,0.04860546980774427,0.23171119592875322,0.08306500856478559,-0.011578947368421022,-0.055331991951710235,0.0694760820045559,0.01431961723881294
2010-05,88.95870971679688,0.1971282958984375,88.76158142089844,80.72535705566406,87.49411010742188,85.85739135742188,85.3615005493164,-0.10235294117647065,0.026917900403768513,-0.00909090909090915,0.09929594061236376,0.03740648379052369,-0.22097378277153557,0.12737127371273727,0.11731050100988548,0.048738033072236675,0.10045662100456632,0.06921029281277735,0.016150448738154827,-0.11710781149128469,-0.0014602803738317238,0.02426602756141394,0.10763536229549839,0.013312034078807322,-0.00782064650677794,-0.0703468490473863,0.013781149717919924
2010-06,96.45369720458984,7.494987487792969,88.95870971679688,74.116943359375,110.69171905517578,70.9886245727539,86.5750004161488,-0.019659239842726106,-0.05674653215636827,0.0013386880856760541,0.08715334705396581,0.1514423076923077,0.1165501165501166,-0.10800744878957169,0.10840481070657264,0.023236514522821494,0.1078167115902966,0.08634361233480181,0.012922998187811733,-0.04957589938578533,-0.12917057483585692,-0.06917788599255226,0.07765839034360134,-0.040462427745664775,-0.03894736842105262,-0.11573849878934628,0.026911921585735507
2010-07,79.38137817382812,-17.07231903076172,96.45369720458984,88.76158142089844,75.18537902832031,84.04823303222656,83.07047562372117,-0.0013368983957218195,-0.12117647058823522,-0.022251308900523625,0.053817898719443126,-0.03340292275574119,0.15461346633416473,-0.20309810671256456,0.09326119272218304,-0.032441200324412,0.03829416884247161,0.06708407871198574,0.041513859761537694,0.03631327896599479,-0.13040671400903814,-0.08813972380178714,0.0768933689248401,0.2174151150054766,0.18370607028753994,0.11820925553319928,0.1360456954137329
2010-08,80.99386596679688,1.61248779296875,79.38137817382812,88.95870971679688,71.95153045654297,85.98257446289062,82.14909120039506,0.02677376171352064,0.005242463958060384,0.032301480484522305,0.02338782105213626,-0.06911447084233269,0.03605769230769207,-0.19288389513108617,0.11838381536603133,0.019279128248113953,0.009128630705394158,0.11050228310502286,0.031066222880558624,0.08151447661469935,0.06522374963439592,0.06366822429906538,0.06658927079088339,0.1767881241565452,0.37467157120336325,0.36392075078206476,0.1386537544524856
2010-09,71.16854858398438,-9.8253173828125,80.99386596679688,96.45369720458984,68.94754028320312,69.29395294189453,81.08333297002883,0.014341590612777066,0.04010695187165769,-0.018915510718789386,0.014086536761776151,-0.09512761020881666,-0.1858037578288101,-0.09090909090909094,0.030989070997211182,0.04523026315789469,0.03081914030819144,0.14195867026055708,0.03954177122621748,0.05834706205381668,0.1861824896137867,0.032962615570146125,0.022602967959519098,0.05619266055045857,0.5131434830230013,0.4542105263157896,0.08385155340273148
2010-10,65.99193572998047,-5.176612854003906,71.16854858398438,79.38137817382812,62.0961799621582,76.16891479492188,77.45999944777716,0.06555269922879181,0.1097724230254351,-0.024705882352941133,0.02671124144991134,-0.12051282051282042,-0.25917926565874727,-0.1446384039900248,0.025699814106749017,0.0558615263571991,0.12489522212908644,0.1679721496953872,0.018818240316823293,0.07562589181476187,0.23118040089086866,0.07062621045836015,0.012041334963987193,-0.03184943901556281,0.2033288349077822,0.4243876464323748,0.10474119684946939
2010-11,94.70516967773438,28.713233947753906,65.99193572998047,80.99386596679688,98.68914794921876,83.2665023803711,78.37571461995442,0.033775633293124274,0.1173402868318123,0.1231979030144168,0.025852277720614273,0.0874635568513118,-0.1345707656612528,-0.10336538461538469,0.11345932952095385,0.02086438152011927,0.1266447368421053,0.13692946058091282,0.017942129620656656,0.02146647370959953,0.16282262493135646,0.23866627668909035,0.02766459326772866,0.04112149532710285,0.06460244648318025,0.46347871781397787,0.04708734539134817
2010-12,97.20389556884766,2.4987258911132812,94.70516967773438,71.16854858398438,100.3976821899414,91.7621078491211,80.04909133911133,0.0711785297549592,0.17994858611825193,0.2272727272727273,0.020167666169406167,0.13672922252010733,0.08717948717948731,-0.1148225469728601,0.13653738685738057,0.01532846715328473,0.09441384736428016,0.12814274128142733,0.021978684306439,0.07992916174734366,0.18653521857569078,0.4074472995845515,0.03258232290215325,0.10807899461400372,0.11690191820484985,0.6900328587075577,0.06998574915369217
2011-01,79.42161560058594,-17.78227996826172,97.20389556884766,65.99193572998047,76.59356689453125,78.8069839477539,79.146000289917,0.0490196078431373,0.16164053075995155,0.2891566265060239,0.018807681250446663,0.0589622641509433,0.30903790087463556,-0.030237580993520474,0.039342786957231264,-0.022286125089863384,0.013412816691505292,0.13998323554065384,0.02347860770358665,0.044714113917131204,0.15243608297153877,0.41885671863400153,0.02943478175419235,0.03823720025923505,0.19775700934579432,0.4412955465587043,0.039516878477193915
2011-02,90.01448822021484,10.592872619628906,79.42161560058594,94.70516967773438,90.18933868408205,85.48683166503906,77.78263172350432,0.07995846313603328,0.21353558926487737,0.35593220338983045,0.01594426656254558,-0.0935412026726058,0.09115281501340489,-0.0556844547563804,0.11713914512637337,0.011029411764705843,0.0036496350364962904,0.13075657894736836,0.020588283167701057,0.032649644202595196,0.1650531286894923,0.35475013728720484,0.02456624989167495,0.05742821473158566,0.21651705565529622,0.2951070336391437,0.03608248138609916
2011-03,136.8883056640625,46.873817443847656,90.01448822021484,97.20389556884766,126.96572875976562,157.47984313964844,76.28956604003906,0.10000000000000009,0.24618736383442275,0.4704370179948587,0.02568357565699648,-0.02457002457002455,-0.06367924528301883,0.017948717948718107,0.07636750406316216,0.034909090909091,0.02300503235082685,0.11959087332808815,0.028727039542082198,-0.03698824483177954,0.038919864436427254,0.23271500843170312,0.044102650040922564,-0.10537190082644621,-0.0178224238496435,0.0969960188201231,0.08897166831527895
2011-04,91.01776885986328,-45.87053680419922,136.8883056640625,79.42161560058594,72.92317962646484,111.94474029541016,74.72449989318848,0.07604895104895104,0.2782969885773623,0.4849215922798551,0.012849125978604346,0.06801007556675054,-0.055679287305122505,0.23615160349854225,0.08106264434678825,0.04075895994378076,0.08897058823529402,0.10357675111773479,0.015749635332783073,-0.0010522992739134818,-0.006592716617831784,0.1448383984563435,0.034824916287038724,0.03893104585945206,-0.01716604244694131,0.1771962616822429,0.08913413422498523
2011-05,105.34491729736328,14.3271484375,91.01776885986328,90.01448822021484,95.5066375732422,123.82610321044922,74.94142841157459,-0.06986190089358246,0.10096153846153855,0.336056009334889,0.09193901496429828,0.01650943396226401,0.05896805896805879,0.1554959785522787,0.04638770120824951,0.02160702228224176,0.10036363636363643,0.10437956204379573,0.0098146379935623,-0.05614663436216161,-0.09201459262261857,0.05785123966942152,0.02796969142766215,-0.020006351222610186,-0.08913813459268005,0.10807899461400372,0.07255369765009337
2011-06,84.391845703125,-20.95307159423828,105.34491729736328,136.8883056640625,71.39112854003906,98.27275848388672,74.6936361139471,-0.006113537117903967,-0.005244755244755317,0.23965141612200447,0.07314882667142934,0.05568445475638062,0.1460957178841309,0.07311320754716966,0.02689150816476602,0.010575016523463265,0.07449051300070275,0.09920920201294026,0.015272918885259371,0.011941964285714368,-0.045880248342628605,-0.008746036952006153,0.03614852212309815,-0.08554763447828917,-0.06895414054767413,-0.08554763447828917,0.06226852929615344
2011-07,78.92475891113281,-5.4670867919921875,84.391845703125,91.01776885986328,59.01904678344727,102.11175537109376,74.75699958801269,0.023725834797891032,-0.05361494719740045,0.20976116303219117,0.04780673988791158,-0.03076923076923066,0.04009433962264142,-0.017817371937639215,0.04329009535288986,0.02877697841726623,0.0621201890614449,0.15661764705882364,0.009169013385887432,0.06429910665049077,0.016538502054145088,0.009836751778987018,0.06039385199190931,-0.05598866052445084,-0.15401714830104796,-0.1685393258426966,0.032823059309724775
2011-08,86.95156860351562,8.026809692382812,78.92475891113281,105.34491729736328,63.504676818847656,112.49906158447266,74.23652184527853,-0.05493562231759663,-0.0384279475982533,0.05865384615384617,0.03971063869860531,-0.08163265306122458,-0.0603248259860788,-0.004914004914005066,0.0694229975915845,0.11824539097266373,0.16259087904824843,0.27927272727272734,0.05763219267619657,-0.06725388601036264,0.0045758928571428825,-0.08785974868261048,0.0662312148697659,0.042042042042042205,-0.10045366169799097,-0.18063754427390788,0.06678682148129578
2011-09,83.35044860839844,-3.6011199951171875,86.95156860351562,84.391845703125,70.606689453125,95.26744079589844,76.990476335798,0.0072661217075387086,-0.025483304042179133,-0.030594405594405627,0.04148815885349497,-0.03703703703703698,-0.1428571428571428,-0.017632241813602123,0.027734281107327115,0.007390562819783897,0.15892740353172008,0.24525650035137025,0.058808684934137254,-0.07788023552938561,-0.08459247821771254,-0.12659160265179414,0.07919814236545078,-0.036383285302593715,-0.05209071580439406,-0.11745298581326302,0.05187311659614491
2011-10,76.33993530273438,-7.0105133056640625,83.35044860839844,78.92475891113281,64.18510437011719,92.34331512451172,77.15428524925595,-0.012623985572587926,-0.06008583690987124,-0.11047928513403737,0.03176724710406701,-0.08461538461538465,-0.19047619047619058,-0.15801886792452835,0.026650093228064935,-0.05981941309255079,0.059122695486331756,0.12491559756921,0.08991945306191583,-0.10915662650602409,-0.23378238341968915,-0.22111029179395347,0.021782912254297362,-0.0523364485981308,-0.04842342342342332,-0.19498253413782152,0.050517876182206906
2011-11,83.15767669677734,6.817741394042969,76.33993530273438,86.95156860351562,95.57453155517578,70.11003875732422,77.89142899286179,0.009132420091324311,0.0036330608537693543,-0.03493449781659386,0.012058472987109393,-0.09243697478991586,-0.19999999999999996,-0.24825986078886297,0.029983410785987274,0.043817527010804325,-0.011370096645821448,0.14937210839391946,0.05257489885280653,0.025290776305112228,-0.15776024886123763,-0.15390625000000002,0.07035454787258771,-0.0011834319526627946,-0.08789625360230557,-0.17952041477640968,0.026173027486716037
2011-12,85.34132385253906,2.1836471557617188,83.15767669677734,83.35044860839844,88.89408111572266,77.47647857666016,79.61142803373791,-0.0235294117647058,-0.02705139765554554,-0.05184534270650254,0.016628613732740667,-0.024691358024691357,-0.18974358974358974,-0.3054945054945054,0.03706196349044259,-0.05692926969522716,-0.0744920993227991,0.07259646827992161,0.05901819681161909,-0.002110539506661402,-0.08855421686746989,-0.1656556744237344,0.07104669939876576,-0.033570300157977906,-0.0852336448598131,-0.13288447909284196,0.025876980347269877
2012-01,79.63497161865234,-5.706352233886719,85.34132385253906,76.33993530273438,93.6095962524414,62.06843185424805,80.2680004119873,0.030583873957367835,0.015525114155251263,-0.0454935622317596,0.02724948875605268,-0.15189873417721522,-0.24929971988795507,-0.39229024943310653,0.06364862654703535,0.008536585365853666,-0.007202881152461038,0.05149396058486966,0.05112148939659884,0.0627891606080635,0.08736813632675133,-0.16683937823834194,0.03258049520937744,0.03759705762157761,0.0015779092702170594,-0.046921921921921794,0.035631513245743644
2012-02,92.4458236694336,12.81085205078125,79.63497161865234,83.15767669677734,104.2074966430664,78.59986114501953,78.93149948120117,0.07643884892086339,0.08325791855203613,0.08719346049046339,0.05004094917338457,-0.059701492537313494,-0.22222222222222232,-0.37777777777777777,0.06571118300589883,0.05501813784764198,0.0034502587694076325,-0.007959067652074991,0.056241347416832385,0.04987562189054717,0.11344149848304963,-0.06221530941006559,0.03435426109913842,0.03623473808586075,0.03909952606635092,-0.05223342939481268,0.0407009256489018
2012-03,88.75997924804688,-3.6858444213867188,92.4458236694336,85.34132385253906,87.85648345947266,85.85698699951172,79.53681807084517,0.04344193817878028,0.15755329008341046,0.12623985572587926,0.023653064152965357,-0.13888888888888895,-0.31329113924050633,-0.44358974358974357,0.04990028587322025,-0.03954154727793702,0.02195121951219514,-0.05417607223476295,0.047282088946167804,0.0035540812699916824,0.11976206212822205,0.020602409638554198,0.031148138606392532,-0.012542759407069615,0.06170821413976313,-0.028785046728971975,0.028563092234141982
2012-04,96.01668548583984,7.256706237792969,88.75997924804688,79.63497161865234,101.92078399658205,86.38436889648438,79.40150032043456,-0.03522818254603688,0.08363309352517989,0.10045662100456632,0.05736914084826447,-0.10138248847926268,-0.2723880597014926,-0.45378151260504196,0.03961203359953037,-0.01610978520286399,-0.0030229746070132846,-0.010204081632653073,0.04924388788210216,-0.02148506669814665,0.030970149253731316,0.12104408980254266,0.03620541380393405,-0.02001539645881456,0.002756990941315429,0.00433925049309658,0.030548219267452565
2012-05,78.17115783691406,-17.84552764892578,96.01668548583984,92.4458236694336,80.6348876953125,69.74354553222656,80.92545491998845,-0.08298755186721996,-0.07685881370091896,0.0,0.06384141968725619,0.2512820512820513,-0.031746031746031744,-0.24691358024691368,0.21525657954737876,-0.03638568829593691,-0.08939828080229228,-0.08625646923519259,0.01271560174285164,-0.04017372421281218,-0.057457647198199235,0.04946576968737637,0.02194062374915768,-0.0129615082482325,-0.044849866970733565,-0.007503949447077329,0.004198670305120525
2012-06,77.82243347167969,-0.348724365234375,78.17115783691406,88.75997924804688,70.23216247558594,82.17473602294922,82.22047714960007,-0.1348416289592761,-0.23458767013610893,-0.11399443929564423,0.04982074764484776,0.008196721311475308,0.13364055299539168,-0.22151898734177222,0.1804948560995232,0.006293266205160464,-0.04594272076372319,-0.025000000000000022,0.021348310299791527,-0.06699346405228757,-0.12371620823987728,-0.018770654329147374,0.022874944788639474,-0.007162753680859613,-0.03964588144726722,0.0196158561503883,0.006436527529108971
2012-07,82.80802154541016,4.985588073730469,77.82243347167969,96.01668548583984,79.33626556396484,91.00080108642578,83.06761896042596,0.07845188284518834,-0.1443983402489627,-0.07284172661870514,0.11123972504551619,0.19918699186991873,0.512820512820513,0.10074626865671643,0.12798545250017296,-0.0031269543464665928,-0.033353547604608846,-0.03627569528415964,0.02242163054013464,0.021689343931025284,-0.08505247918928704,-0.05671641791044779,0.045480724996110944,0.2945891783567134,0.26865671641791056,0.2721543914927136,0.17591441047382228
2012-08,74.87835693359375,-7.929664611816406,82.80802154541016,78.17115783691406,70.9891586303711,78.11161804199219,82.16000034498131,0.09893307468477208,0.025339366515837014,-0.053467000835421885,0.12946313082683275,-0.03728813559322042,0.16393442622950816,0.12698412698412698,0.12547685149350304,0.02258469259723972,0.025802391441158035,-0.06590257879656158,0.013007945762031754,-0.00896624472573837,-0.0553041729512318,-0.10958417249141095,0.04503991513178277,0.03312693498452002,0.32789494627934723,0.2683390345876091,0.1638291753679126
2012-09,69.28050994873047,-5.597846984863281,74.87835693359375,77.82243347167969,68.40282440185547,65.87126159667969,79.8142109921104,0.0008826125330980705,0.1861924686192471,-0.0920736589271417,0.05172098871843809,0.0,0.15447154471544722,0.3087557603686635,0.12713926006215462,0.07055214723926384,0.091307066916823,0.04116945107398573,0.0373955779557623,0.07610431080361901,0.08958642058466926,-0.04521307991972612,0.043084709495194155,0.029667365897512843,0.37715430861723465,0.3225558121632024,0.15196383344080916
2012-10,81.66366577148438,12.383155822753906,69.28050994873047,82.80802154541016,74.20600891113281,88.03089904785156,79.70809500558036,-0.012345679012345734,0.08632395732298748,-0.0705394190871369,0.06078903663456645,0.16901408450704225,0.12542372881355912,0.7025641025641025,0.1099369302797965,0.0011461318051575464,0.09598494353826847,0.05942995755003033,0.035537969300711764,-0.0032146389713155754,0.06302742616033763,-0.027385691880805862,0.04754222014908847,-0.009895227008149154,0.053250773993807954,0.3362136684996073,0.02390283734277334
2012-11,81.38964080810547,-0.27402496337890625,81.66366577148438,74.87835693359375,75.65846252441406,89.04841613769531,80.68523842947823,-0.020535714285714213,-0.031774051191526875,-0.007239819004524861,0.01080747502663362,0.06626506024096401,0.24647887323943674,0.4508196721311475,0.08516080960759179,-0.014310246136233551,0.05644171779141094,0.08370044052863435,0.04519904203801285,-0.0435375837261226,0.025944651410324537,-0.03079436902966315,0.060870927096827294,0.0185185185185186,0.03835780641294573,0.37883008356545944,0.02039949546007436
2012-12,74.83155822753906,-6.558082580566406,81.38964080810547,69.28050994873047,66.24052429199219,82.9786148071289,79.75849990844726,0.0,-0.032627865961199265,0.14748953974895418,0.010337698238965834,-0.05649717514124297,0.176056338028169,0.3577235772357723,0.11290354043151433,-0.021486643437862996,-0.034383954154727836,0.05378361475922455,0.011566062514234919,0.03306964077292185,-0.015084075173095957,0.07315101710898553,0.03832135104547727,-0.061471861471861455,-0.05355064027939471,0.3034068136272545,0.04055027958897255
2013-01,90.6574935913086,15.825935363769531,74.83155822753906,81.66366577148438,84.139892578125,108.9493179321289,79.87333279564267,0.03008204193254338,0.008928571428571397,0.09602327837051416,0.025458469620890527,-0.0029940119760478723,0.003012048192771122,0.12881355932203387,0.06154940290676955,-0.00771513353115727,-0.04293073840870065,0.04893350062735258,0.006887799281036278,0.010168214913381934,-0.0018605805011163712,0.06104957805907163,0.03932229003028252,-0.04981549815498154,-0.09171075837742504,-0.04334365325077394,0.043212400865790666
2013-02,81.59033203125,-9.067161560058594,90.6574935913086,81.38964080810547,77.60531616210938,85.65817260742188,80.60526315789474,0.030973451327433565,0.06198723792160443,0.02824360105913515,0.017630837306045876,0.0,-0.05932203389830504,0.17253521126760574,0.03178962979582742,-0.02631578947368418,-0.05458768873403019,-0.0012269938650306678,0.009651938821105132,0.0017397787995525604,0.04538970302165746,0.07251197445449709,0.01621251621944828,-0.035598705501618144,-0.13997113997113997,-0.10698231944860648,0.01295767596822029
2013-03,75.89672088623047,-5.693611145019531,81.59033203125,74.83155822753906,81.89175415039062,69.39681243896484,82.6254997253418,-0.06266094420600854,-0.004557885141294404,-0.03703703703703709,0.05380436183606634,0.14414414414414423,0.14071856287425155,0.341549295774648,0.08409928198782907,-0.02149877149877155,-0.05459940652818995,-0.08710601719197708,0.009653813920633008,-0.05148244634660715,-0.040170725583730804,-0.054648862512364005,0.03342765277089025,-0.040604026845637686,-0.12084870848708495,-0.16792782305005838,0.007211352609930344
2013-04,95.10787200927734,19.211151123046875,75.89672088623047,90.6574935913086,99.5219497680664,87.4727554321289,82.52500048550692,-0.05769230769230771,-0.08938053097345122,-0.08124999999999993,0.052684128220722784,0.09448818897637801,0.2522522522522521,0.25602409638554224,0.07322484326910095,-0.06591337099811678,-0.11004784688995217,-0.14825414997137953,0.02437152974764486,-0.05388438399162965,-0.10103144028830624,-0.10270404366162245,0.03144418875875924,-0.02728226652675747,-0.09999999999999998,-0.18253968253968245,0.006729112088197923
2013-05,83.71731567382812,-11.390556335449219,95.10787200927734,81.59033203125,75.3292236328125,98.22759246826172,83.2136362249201,0.0009718172983479434,-0.11587982832618027,-0.061075660893345485,0.03539137193911119,-0.031175059952038398,0.21321321321321318,0.14124293785310726,0.09036388413869316,-0.04973118279569888,-0.1314496314496314,-0.17886178861788615,0.022478096417567064,0.0020735416090682524,-0.10073191911673485,-0.059914407988587715,0.03163674706174273,0.004314994606256617,-0.06275167785234892,-0.19393939393939386,0.02307081380336548
2013-06,82.97300720214844,-0.7443084716796875,83.71731567382812,75.89672088623047,78.82188415527344,86.63420104980469,81.85049972534179,0.000970873786407811,-0.055860805860805884,-0.06016408386508665,0.03386947598997839,-0.051980198019802026,0.005249343832020914,0.1467065868263473,0.0792433954035777,-0.050212164073550225,-0.1569365976145637,-0.20296735905044505,0.009207084743973262,-0.0343495654573045,-0.08448862150143865,-0.12126537785588754,0.02840053198172696,-0.03974221267454359,-0.06190975865687298,-0.17527675276752763,0.022710770875280915
2013-07,73.97581481933594,-8.9971923828125,82.97300720214844,95.10787200927734,71.55718994140625,72.67587280273438,82.7895462729714,0.04461687681862281,0.04664723032069973,-0.04690265486725664,0.02519875923568044,-0.05483028720626626,-0.13189448441246998,0.08708708708708701,0.012913472001743101,-0.04244229337304539,-0.135752688172043,-0.23086124401913877,0.00435373676106595,-0.013285714285714234,-0.045203207077688656,-0.1416677022492855,0.018285856538996958,-0.027218493661446685,-0.06184825602301347,-0.15566343042071207,0.022701842559697736
2013-08,90.95674896240234,16.980934143066406,73.97581481933594,83.71731567382812,80.73957824707031,106.97908782958984,81.48181776566939,0.03064066852367686,0.07766990291262132,-0.047210300429184504,0.0222882805480951,-0.0524861878453039,-0.150990099009901,0.03003003003003002,0.0015206268383219958,0.051321928460342114,-0.04384724186704381,-0.16953316953316955,0.05651146216094038,0.04140726798899674,-0.007725203476341536,-0.10767894802133726,0.03910265538743567,-0.03257953238788802,-0.09631220909416405,-0.15302013422818794,0.006283420817705792
2013-09,100.4593276977539,9.502578735351562,90.95674896240234,82.97300720214844,100.3842315673828,100.16348266601562,81.15949897766113,0.00540540540540535,0.08244422890397662,0.0219780219780219,0.019873317091608576,0.055393586005830775,-0.05483028720626626,-0.04986876640419946,0.06297200784722062,-0.002218934911242587,0.004467609828741725,-0.15317011927181423,0.047039472631224294,-0.004726817739468925,0.022714285714285687,-0.06369343447554277,0.02941918559430379,0.029318541996830483,-0.031319910514541305,-0.09129066107030415,0.034294189862103246
2013-10,72.95311737060547,-27.506210327148438,100.4593276977539,73.97581481933594,65.50166320800781,78.73002624511719,79.86652175239895,-0.018817204301075252,0.01671309192200554,0.06413994169096204,0.024730664197814303,0.013812154696132506,0.013812154696132506,-0.11990407673860914,0.05440975901998447,-0.023721275018532273,0.024105754276827263,-0.11491935483870963,0.038644656959352354,0.006146109791870469,0.04285507456203841,-0.004285319325407766,0.024117502968127764,0.10739030023094687,0.10272134917592957,0.03451995685005382,0.07014048413677518
2013-11,77.77902221679688,4.825904846191406,72.95311737060547,90.95674896240234,92.4988784790039,52.43838119506836,80.84400024414063,-0.012785388127853903,-0.026126126126126192,0.04951456310679614,0.012609669548338722,-0.013623978201634857,0.055393586005830775,-0.10396039603960394,0.034749534738560725,-0.031131359149582427,-0.056213017751479244,-0.09759547383309763,0.015017702067097533,-0.018325697625989124,-0.016960934241623815,-0.024555111049800016,0.012261181601341764,-0.04622871046228716,0.08716323296354989,-0.017543859649122973,0.07681296248491751
2013-12,70.37248992919922,-7.406532287597656,77.77902221679688,100.4593276977539,70.09461212158203,66.79072570800781,80.30666605631511,0.02405180388529149,-0.00806451612903214,0.07371483996120287,0.023206009942267684,0.17127071823204432,0.17127071823204432,0.10704960835509136,0.09977640785649917,-0.042319749216300995,-0.0941438102297999,-0.09009679821295602,0.009362982623069742,0.02036487059821801,0.007822321553289546,0.030714285714285694,0.019570396805195765,-0.02696793002915443,0.02771362586605086,-0.004474272930648726,0.08368782482923048
2014-01,77.91596984863281,7.543479919433594,70.37248992919922,72.95311737060547,70.48076629638672,83.1458969116211,80.8095241728283,-0.02981029810298097,-0.019178082191780743,-0.0027855153203342198,0.02753165543415342,0.10849056603773577,0.2806539509536785,0.298342541436464,0.09402070533809005,0.018003273322422242,-0.05542900531511008,-0.03265940902021769,0.032089092717649474,0.01053361053361046,0.012217131750659416,0.05559577240480662,0.020110003362425743,-0.07677902621722843,-0.14320472714633292,-0.055193560751245596,0.0251178713239449
2014-02,69.00352478027344,-8.912445068359375,77.91596984863281,77.77902221679688,73.27865600585938,59.08655548095703,80.4573685495477,0.013035381750465369,0.00647548566142464,-0.01981981981981984,0.028455344750889542,0.2702127659574467,0.649171270718232,0.7405247813411078,0.08153214730451062,0.045016077170418,0.018808777429467183,-0.038461538461538436,0.04471410141217356,-0.0194760663832122,0.011030971574034876,-0.006117058251077445,0.02075465667694948,0.049492900608519186,-0.05721574344023317,0.02496038034865289,0.06360293943619742
2014-03,119.83855438232422,50.83502960205078,69.00352478027344,70.37248992919922,151.67477416992188,74.0618896484375,79.87047685895648,-0.012867647058823484,-0.02981029810298097,-0.03763440860215039,0.021578432936627076,-0.18257956448911217,0.15094339622641506,0.3480662983425413,0.22945471061591968,0.027692307692307683,0.09328968903436996,-0.00963676797627877,0.01368504017581463,-0.0697999720240593,-0.0783090783090783,-0.0710993155468641,0.04059261154888243,0.10900657131812896,0.07453183520599249,0.1043110084680523,0.09487075836560385
2014-04,93.22154235839844,-26.61701202392578,119.83855438232422,77.91596984863281,113.13993072509766,60.90629959106445,79.85333360944476,0.003724394785847185,0.003724394785847185,-0.015525114155251152,0.013120957995547536,-0.05122950819672134,-0.014893617021276673,0.26158038147138973,0.2329516643042226,-0.02844311377245512,0.04340836012861726,-0.014426727410782103,0.038400415071408796,0.0036090225563909506,-0.08462487998902757,-0.07344162154657785,0.037537308764327426,-0.03415824329034489,0.12413793103448278,-0.036843934654153476,0.07192073764313876
2014-05,83.4288558959961,-9.792686462402344,93.22154235839844,69.00352478027344,91.6987533569336,76.15043640136719,79.9490472702753,0.017625231910946226,0.008272058823529438,0.014801110083256352,0.015266219752659526,-0.015118790496760348,-0.2361809045226131,0.2596685082872927,0.08812862952047075,-0.006933744221879867,-0.00846153846153841,0.010188087774294585,0.02832196436411702,0.03251423434222356,-0.03608896349139745,-0.025456088247772568,0.052745597885919406,0.0003608805485382227,0.07151140316969462,0.010204081632653184,0.0747123597263582
2014-06,98.76710510253906,15.338249206542969,83.4288558959961,119.83855438232422,95.32296752929688,107.18201446533205,80.442382085891,0.020054694621695512,0.04189944134078205,0.01084010840108407,0.008811112818199471,0.002192982456140413,-0.0635245901639343,0.0778301886792454,0.027256937719701738,-0.007757951900698168,-0.042664670658682624,0.04664484451718498,0.012187481407998956,-0.010158177332752816,0.0257142857142858,-0.05460845460845465,0.02177912524770026,-0.1464646464646464,-0.17532241199024046,-0.11385767790262169,0.0767702562707419
2014-07,138.7539520263672,39.986846923828125,98.76710510253906,93.22154235839844,162.71510314941406,118.54683685302734,80.54772637107156,-0.043789097408400424,-0.007421150278293154,-0.003724394785847407,0.03617930328145805,-0.12253829321663035,-0.13390928725701945,-0.14680851063829792,0.06757284733075583,0.02501954652071925,0.01001540832049308,0.053858520900321505,0.018690712980626807,0.04280897229145286,0.06577764459094992,-0.02441366067754769,0.028084501321651106,-0.07734573119188493,-0.21219776254059908,-0.11440162271805265,0.0734546088176903
2014-08,136.44558715820312,-2.3083648681640625,138.7539520263672,83.4288558959961,158.59349060058594,112.11448669433594,81.86380949474517,-0.047663551401869064,-0.07110300820419324,-0.06341911764705876,0.0380280642399746,-0.032418952618453845,-0.14912280701754377,-0.3500837520938024,0.06439121670229948,-0.012204424103737566,0.004654771140419012,-0.0038461538461538325,0.020329615125349188,-0.015605229860818248,0.016107966913365246,-0.020562316407889192,0.032268168870789773,0.009619789280806312,-0.20490620490620481,-0.14804793196752986,0.07821208056895217
2014-09,131.55665588378906,-4.8889312744140625,136.44558715820312,98.76710510253906,143.3953857421875,120.78192138671876,84.45904795328777,-0.045142296368989254,-0.1304736371760501,-0.09404096834264442,0.001966353143743176,0.010309278350515427,-0.1422319474835887,-0.19672131147540983,0.06781798500751329,-0.04478764478764474,-0.0328381548084441,-0.07410179640718562,0.034929295769094384,-0.01856612396458157,0.007476909544055221,0.033383458646616626,0.03461186778023189,-0.07985480943738654,-0.1428571428571428,-0.29313349599163463,0.05094932292731307
2014-10,83.66100311279297,-47.895652770996094,131.55665588378906,138.7539520263672,86.33345031738281,77.19393157958984,85.67043470299762,-0.10277492291880785,-0.18411214953271027,-0.19016697588126164,0.03257079376898357,-0.03826530612244894,-0.05985037406483784,-0.18574514038876888,0.026518458438580847,-0.01212611156022636,-0.06788710907704043,-0.05855161787365182,0.01883457881909632,-0.019644935972060518,-0.052860958807816716,0.009439616421935915,0.0020916482617896145,0.08530571992110447,0.008245533669262395,-0.2057019126669073,0.08267613961581936
2014-11,84.38005065917969,0.7190475463867188,83.66100311279297,136.44558715820312,88.46994018554688,76.33753204345703,87.72842085988898,-0.101947308132875,-0.23061825318940132,-0.2853236098450319,0.03303789226216923,0.08753315649867366,0.05670103092783507,-0.10087719298245612,0.06344061634158434,-0.038461538461538436,-0.0926640926640927,-0.08844065166795967,0.01732219233665968,-0.0035624165058631974,-0.04127392173664668,-0.025830793789000106,0.008990017660668622,0.07223989095865524,0.07078039927404722,-0.14862914862914856,0.09181640578986489
2014-12,86.5262222290039,2.1461715698242188,84.38005065917969,131.55665588378906,81.27322387695312,96.23736572265624,89.1568173495206,-0.2053571428571429,-0.3597122302158273,-0.44325290437890974,0.059466223902609354,-0.1634146341463414,-0.12499999999999989,-0.24945295404814005,0.12547403525051457,0.02212765957446816,-0.029102667744543287,-0.06098514464425331,0.030380713360257883,-0.039773573663041906,-0.06199068684516884,-0.05497727605922886,0.01814321448153182,0.1093220338983052,0.2909270216962525,0.10650887573964507,0.018808617477654322
2015-01,111.9856948852539,25.45947265625,86.5262222290039,83.66100311279297,83.50390625,153.33984375,92.9770004272461,-0.2279293739967897,-0.4490263459335624,-0.5504672897196261,0.0671746237499229,-0.13411078717201164,-0.2122015915119363,-0.25935162094763087,0.13721002565592852,0.04163197335553703,0.023731587561374834,-0.04576659038901598,0.04176609432284547,-0.095408004964319,-0.1344812230963337,-0.18023337550963026,0.04626382670466975,-0.11573720397249809,0.051794638800545245,0.06046724690792482,0.12066629886781383
2015-02,111.92469787597656,-0.06099700927734375,111.9856948852539,84.38005065917969,118.22520446777344,107.79053497314452,94.45789337158205,0.20374220374220364,-0.26147959183673475,-0.43179587831207067,0.24297192294388872,-0.04040404040404044,-0.30487804878048774,-0.26546391752577314,0.0642537625489297,-0.01918465227817745,0.0442553191489361,-0.05250965250965256,0.03105314616414934,-0.017492711370262426,-0.14658126024132279,-0.1818051985147101,0.04012983043940875,-0.05053995680345569,-0.06864406779661014,-0.0027223230490017736,0.1158002573835208
2015-03,104.23526763916016,-7.689430236816406,111.92469787597656,86.5262222290039,117.48873138427734,83.63285064697266,97.87818249789152,-0.03626943005181349,-0.1043338683788122,-0.42651593011305244,0.21628664217388952,-0.01754385964912286,-0.1836734693877552,-0.2857142857142857,0.061767562746842586,-0.03911980440097795,-0.01831806827643634,-0.04688763136620855,0.04206527042281686,0.0368301623319951,-0.07849829351535831,-0.13562281722933645,0.06646891563355924,-0.0045495905368516665,-0.16424751718869368,0.07889546351084809,0.05586961041757905
2015-04,102.19049072265624,-2.0447769165039205,104.23526763916016,111.9856948852539,110.18872833251952,95.08645629882812,97.59190477643696,0.06451612903225801,0.23492723492723488,-0.31958762886597936,0.12051778095333872,-0.07857142857142851,-0.13131313131313138,-0.31564986737400524,0.0308320762416743,0.016963528413910023,-0.04156674660271786,-0.01882160392798693,0.028429566408736603,0.01717171717171717,0.03618590293260171,-0.1031616446489535,0.027504701657271383,-0.04159049360146261,-0.09416846652267818,-0.04725124943207637,0.02438317446103007
2015-05,76.2623291015625,-25.928161621093736,102.19049072265624,111.92469787597656,77.66873168945312,72.86188507080078,95.1920009613037,0.08754208754208737,0.11571675302245232,-0.17602040816326547,0.06584984886605043,0.10077519379844957,-0.0035087719298246833,-0.30731707317073165,0.09118568375644272,0.0,-0.02281988590057049,0.020425531914893602,0.028761839916359947,0.04187355180403829,0.09879560132658405,-0.06226724266348871,0.013051633854866022,-0.042441583214115286,-0.086442220200182,-0.14915254237288134,0.021635449161135707
2015-06,85.90596771240234,9.643638610839844,76.2623291015625,104.23526763916016,81.06608581542969,88.7894287109375,95.17000024968928,-0.035603715170278605,0.11648745519713266,0.0,0.0654714526773687,-0.02464788732394363,-0.010714285714285676,-0.19241982507288635,0.09201803132573824,-0.014178482068390341,0.0025445292620864812,-0.01582014987510405,0.015591747105937241,-0.07339158061953932,-0.018013468013468037,-0.0950977350294756,0.06068764604329169,0.020916334661354563,-0.0630712979890311,-0.21695951107715816,0.03633651444144704
2015-07,106.80866241455078,20.902694702148438,85.90596771240234,102.19049072265624,120.8429718017578,86.16881561279297,96.96227299083364,-0.1027287319422151,-0.05892255892255893,0.16216216216216206,0.09650012206342352,0.02166064981949467,0.0968992248062015,-0.047138047138047146,0.063422578733967,-0.045685279187817285,-0.0592160133444537,-0.09832134292565953,0.023383941615837196,-0.06446082633293326,-0.09682224428997022,-0.06413994169096215,0.06412592962097954,0.011707317073170742,-0.010968049594658913,-0.10410367170626345,0.03423238029696641
2015-08,82.47853088378906,-24.33013153076172,106.80866241455078,76.2623291015625,85.33859252929688,74.0282974243164,96.37809499104816,-0.15921288014311263,-0.27244582043343646,-0.1882556131260794,0.061880870145647894,-0.024734982332155542,-0.028169014084507116,-0.03157894736842115,0.026761423980102755,-0.00886524822695034,-0.06755629691409504,-0.08883455582722088,0.019902359150520483,-0.06047278724573946,-0.18554408260524224,-0.10507942049223251,0.006615109600042458,-0.09402121504339445,-0.06424302788844627,-0.14513193812556868,0.06386700875072976
2015-09,98.7674560546875,16.288925170898438,82.47853088378906,85.90596771240234,115.88518524169922,79.34535217285156,95.75809515090216,0.004255319148936287,-0.2423756019261637,-0.15412186379928305,0.08302399087577061,-0.03985507246376807,-0.04332129963898923,-0.05357142857142849,0.032055566069901356,0.0062611806797854275,-0.048223350253807085,-0.04580152671755722,0.02671752927763058,0.017554125219426675,-0.1056060346305503,-0.12171717171717167,0.04624311805148864,0.03246407663650874,-0.0536585365853659,-0.11334552102376605,0.06783299907670803
2015-10,91.931884765625,-6.8355712890625,98.7674560546875,106.80866241455078,79.726318359375,108.51441955566406,95.71409086747605,0.019067796610169552,-0.13953488372093015,-0.1902356902356902,0.0989320148485253,-0.12452830188679254,-0.18021201413427568,-0.10077519379844968,0.05378487943379368,0.03022222222222215,0.027482269503546153,-0.03336113427856546,0.01970943390605947,-0.00019168104274491782,-0.04416345977643399,-0.13670969877523997,0.0409001313644953,0.0634020618556701,-0.005303760848601735,-0.01621363853123503,0.0834044124036721
2015-11,150.71588134765625,58.78399658203125,91.931884765625,82.47853088378906,113.04398345947266,213.99351501464844,99.0330005645752,-0.07692307692307698,-0.05531914893617029,-0.31269349845201233,0.05167783096428621,-0.10344827586206884,-0.24637681159420277,-0.2676056338028169,0.044079509216462365,-0.06298533218291635,-0.028622540250447193,-0.0942452043369475,0.048402581290721905,-0.07975460122699385,-0.06377998829724985,-0.23749007148530576,0.05182367565563684,-0.01405719825496854,0.08249068653539116,0.01294820717131473,0.03899000924133677
2015-12,148.23687744140625,-2.47900390625,150.71588134765625,98.7674560546875,115.224365234375,204.6312713623047,98.33409049294212,-0.1509009009009008,-0.20127118644067798,-0.3948635634028892,0.08522159778657395,-0.07692307692307698,-0.2754716981132076,-0.3068592057761733,0.023854458422562112,-0.009208103130755041,-0.04355555555555557,-0.08967851099830793,0.046787443330016804,-0.03354166666666669,-0.1107916427065363,-0.20469741128064456,0.03995438050668513,-0.05604719764011801,-0.010309278350515427,-0.06341463414634141,0.06059596056303953
2016-01,118.21114349365234,-30.025733947753906,148.23687744140625,91.931884765625,124.23914337158205,109.5290985107422,99.02300033569335,-0.18302387267904519,-0.35966735966735963,-0.4490161001788908,0.054408918718048586,0.18229166666666674,-0.02155172413793094,-0.19787985865724378,0.15787293637045308,0.020446096654274992,-0.052631578947368474,-0.02659574468085102,0.04229295695352145,-0.03599913774520369,-0.1426380368098159,-0.18050210738501005,0.02600068931549387,-0.0015625000000000222,-0.07077072224915182,-0.07569913211186119,0.028541956864070326
2016-02,103.74964904785156,-14.461494445800781,118.21114349365234,150.71588134765625,91.322021484375,117.58201599121094,97.09550018310549,0.07792207792207795,-0.2522522522522521,-0.2936170212765957,0.14229349369548658,-0.13656387665198244,-0.05769230769230771,-0.28985507246376807,0.1695180254877688,0.09289617486338808,0.1049723756906078,0.07334525939177095,0.05252565878073699,0.02839892665474064,-0.041874999999999996,-0.10298420128730257,0.03649152176321028,-0.017214397496087552,-0.07374631268436582,0.0026609898882383742,0.028052185117471633
2016-03,109.72029113769533,5.970642089843764,103.74964904785156,148.23687744140625,98.02693176269533,127.76814270019533,96.25954506613992,0.17771084337349397,0.037135278514588865,-0.1716101694915254,0.18627046742615413,-0.13265306122448983,-0.11458333333333337,-0.3584905660377359,0.18297282749485583,0.03750000000000009,0.15706319702602234,0.10666666666666669,0.037878282346940254,0.07719069362904984,0.06790256520801896,-0.05041211424190151,0.056773945241144146,0.006900212314224996,-0.011979166666666763,-0.02216494845360828,0.012234608025631522
2016-04,85.22145080566406,-24.498840332031264,109.72029113769533,118.21114349365234,80.82244110107422,93.12298583984376,94.403809320359,0.08184143222506379,0.37337662337662336,-0.1205821205821207,0.05651563654189999,0.11764705882352944,-0.16299559471365643,-0.18103448275862066,0.14565292323917145,-0.002409638554216831,0.13114754098360648,0.0716134598792062,0.04786215190561112,-0.01635042389987884,0.08966905187835428,-0.0657592024539877,0.04678511438498425,0.016341591987348636,0.005738132498696036,-0.06543868153174992,0.017304423743888336
2016-05,88.3324203491211,3.1109695434570312,85.22145080566406,103.74964904785156,84.46136474609375,93.63965606689452,94.52190471830822,0.1134751773049647,0.4186746987951806,0.06081081081081097,0.048849869697872174,0.010526315789473717,-0.020408163265306145,-0.07692307692307698,0.1255822026179982,0.015297906602254496,0.050833333333333286,0.1611418047882136,0.01999695541925924,-0.03652780627949925,0.020874103065883887,-0.021874999999999978,0.06067531712553425,-0.015041493775933668,0.0079617834394905,-0.0663716814159292,0.016101118948200547
2016-06,90.16812896728516,1.8357086181640625,88.3324203491211,109.72029113769533,80.51286315917969,100.8573760986328,94.67227207530628,0.02972399150743099,0.24040920716112524,0.2864721485411139,0.04229102067269367,0.33854166666666674,0.5117647058823529,0.33854166666666674,0.1672639390172655,0.011895321173671647,0.02489959839357425,0.18587360594795532,0.009396511904991654,-0.011288604898828547,-0.06297941057731127,0.0006466910972191542,0.013352690475622937,-0.015271195365982093,-0.014232999472851837,-0.02604166666666663,0.01818570482133794
2016-07,114.6104507446289,24.44232177734375,90.16812896728516,85.22145080566406,97.0980453491211,145.14874267578125,96.57250061035155,-0.07010309278350513,0.06619385342789608,0.4642857142857142,0.09190637367197663,0.08560311284046707,0.46842105263157907,0.2290748898678414,0.1718567755808175,0.04780564263322895,0.07648953301127204,0.2176684881602915,0.019823730210647334,0.04803963808703138,-0.0016416991586292173,0.0878801431127012,0.04341372737742728,-0.10962566844919786,-0.1364107883817428,-0.13145539906103276,0.05454201049382995
2016-08,98.73848724365234,-15.871963500976562,114.6104507446289,88.3324203491211,82.44046783447266,121.45369720458984,95.38000023883322,0.022172949002217335,-0.02123142250530785,0.3885542168674698,0.05558376994618988,0.0,0.453125,0.4234693877551021,0.17602853225595322,0.002243829468960401,0.0626486915146709,0.1166666666666667,0.02400896116824817,-0.02322713257965059,0.012140575079872207,0.03326810176125239,0.03816918796671904,-0.043243243243243135,-0.16113744075829384,-0.15445859872611456,0.04846274931925079
2016-09,104.54522705078124,5.806739807128892,98.73848724365234,90.16812896728516,95.48959350585938,121.15049743652344,95.46523757207962,0.002169197396963085,-0.04742268041237108,0.18158567774936074,0.04854259623233854,0.06451612903225823,0.15564202334630362,0.747058823529412,0.044599859340981825,-0.00970149253731345,0.03996865203761746,0.06586345381526115,0.030346993624224782,-0.0063131313131312705,0.01723395088323998,-0.04683084376261604,0.037236316461147764,-0.010671688637790444,-0.1572192513368984,-0.16921454928835,0.05043051765574195
2016-10,85.74778747558594,-18.7974395751953,104.54522705078124,114.6104507446289,79.64808654785156,100.30767822265624,97.7389991760254,0.07575757575757569,0.1019955654101996,0.17494089834515392,0.03804977383318807,-0.006734006734006703,0.057347670250896154,0.5526315789473686,0.0393367080445897,-0.045214770158251705,-0.05235602094240843,0.020128824476650653,0.024685360991862852,0.001905972045743276,-0.027543679342240446,-0.029140160065667997,0.012814770429590146,0.043147208121827374,-0.012612612612612595,-0.14730290456431538,0.04362852641888312
2016-11,82.91875457763672,-2.8290328979492188,85.74778747558594,98.73848724365234,81.22564697265625,83.97505950927734,99.7055004119873,-0.06639839034205242,0.006507592190889255,-0.014861995753715607,0.07109275890906076,-0.15254237288135597,-0.10394265232974909,0.3020833333333335,0.11064285994304167,-0.022888713496448276,-0.07611940298507458,-0.018239492466296636,0.017951548169415223,0.15218769816106525,0.14709595959595956,0.16102236421725236,0.08923252752241648,0.017639902676399144,0.05021971123666047,-0.11901000526592942,0.02692162229587522
2016-12,102.1804656982422,19.261711120605483,82.91875457763672,104.54522705078124,93.9366226196289,113.97946166992188,102.0133325485956,0.16594827586206895,0.17099567099567103,0.11546391752577323,0.11713784926261504,0.43199999999999994,0.20538720538720523,0.3929961089494165,0.3042579481287768,-0.06542810985460423,-0.12810851544837976,-0.09326018808777425,0.021278440380905678,0.03834158869932125,0.1986446421008048,0.2193020249892288,0.07839333305486147,-0.03646144650328764,0.02284263959390853,-0.13796791443850276,0.04065119208044976
2017-01,105.20123291015624,3.020767211914034,102.1804656982422,85.74778747558594,108.2770004272461,103.17117309570312,101.1219997406006,0.014787430683918634,0.1046277665995976,0.21729490022172948,0.1179164336488651,-0.08938547486033532,0.10508474576271176,0.1684587813620071,0.3208118329220263,0.030250648228176358,-0.059194948697711136,-0.10845175766641735,0.04793714070752817,0.016784452296819685,0.2164447262735152,0.18293936279547784,0.07275493770187798,0.07692307692307687,0.055961070559610526,0.0426426426426425,0.05671199297686555
2017-02,114.20635986328124,9.005126953125,105.20123291015624,82.91875457763672,125.66468048095705,97.15160369873048,100.69105329011616,0.010928961748633892,0.19612068965517238,0.20390455531453355,0.08840765110714609,-0.13496932515337423,0.1279999999999999,0.010752688172043001,0.3150065915891676,0.03523489932885915,-0.003231017770597755,-0.07910447761194028,0.0567337479300872,0.032319721980886174,0.08989176297926993,0.2502104377104377,0.011122931364283148,0.0426267281105992,0.08188882247459639,0.13622096672944117,0.05814812845690986
2017-03,96.63587951660156,-17.570480346679673,114.20635986328124,102.1804656982422,95.8384246826172,95.67454528808594,100.75912973155144,-0.06306306306306309,-0.038817005545286554,0.1255411255411254,0.04387559476312609,0.024822695035461084,-0.1927374301675977,-0.026936026936026924,0.08231533189966768,-0.002431118314424663,0.06395851339671554,-0.07234363225320273,0.020459999627256514,-0.019525332435616938,0.02915194346289751,0.23358746293943233,0.026607188060505625,-0.024861878453038666,0.0949131513647643,0.1199238578680204,0.05178662745453151
2017-04,119.45992279052734,22.82404327392578,96.63587951660156,105.20123291015624,127.44654846191406,108.06884002685548,100.04526278847142,0.019230769230769162,-0.03460837887067392,0.0663983903420522,0.04530639133869666,0.0657439446366781,-0.05521472392638027,0.04406779661016946,0.10606118914316133,0.02924451665312744,0.06291946308724827,0.0,0.020240056901697036,-0.02420600858369104,-0.01233709817549955,0.20143732826041005,0.0313713686145834,-0.024362606232294692,-0.008064516129032251,0.04744525547445244,0.03882124032956708
2017-05,102.57996368408205,-16.8799591064453,119.45992279052734,114.20635986328124,102.35460662841795,99.70480346679688,98.26863653009588,-0.03962264150943395,-0.08288288288288292,0.09698275862068972,0.04239782256982164,0.012987012987013102,0.1063829787234043,0.248,0.027682503124911436,-0.016574585635359074,0.009724473257698651,0.00646203554119551,0.02346193247574618,-0.014778325123152691,-0.057397744487460045,0.02733443404879843,0.004713880621097009,0.016260162601626105,-0.03314917127071826,0.046025104602510414,0.023599014389680904
2017-06,126.7890167236328,24.209053039550753,102.57996368408205,96.63587951660156,113.16846466064452,146.67166137695312,96.94863683527166,-0.07858546168958747,-0.09807692307692306,-0.13308687615526804,0.049244018830735085,-0.05769230769230771,0.01730103806228378,-0.17877094972067042,0.06193460071963375,0.011235955056179803,0.023558082859463925,0.08902333621434755,0.023083632725626517,0.021428571428571352,-0.018025751072961338,0.010600706713780994,0.024091269048609164,0.04800000000000004,0.03909348441926341,0.13771712158808946,0.03627205859092195
2017-07,102.81346130371094,-23.97555541992186,126.7890167236328,119.45992279052734,125.59920501708984,71.9550552368164,94.8610008239746,0.03837953091684443,-0.0811320754716981,-0.1129326047358834,0.0595584443425569,0.006802721088435382,-0.038961038961038974,-0.09202453987730053,0.03914379596523146,-0.0182539682539683,-0.023677979479084454,0.03775167785234901,0.01656251830878954,0.046328671328671245,0.05295566502463056,0.03996524761077325,0.03072734761388024,0.1003271537622683,0.17189314750290374,0.1624423963133641,0.04245155533416682
2017-08,138.5316162109375,35.71815490722656,102.81346130371094,102.57996368408205,160.02310180664062,108.43595123291016,93.17608642578124,0.05544147843942504,0.00982318271119853,-0.0738738738738739,0.07295562604422867,-0.027027027027027084,-0.07692307692307698,0.02127659574468077,0.03226045058908575,0.037186742118027416,0.029695024077046606,0.03970826580226894,0.027739175944619658,0.0837092731829574,0.15821428571428564,0.09173539808113107,0.031348073255631,-0.1442021803766106,-0.013142857142857234,-0.04585635359116025,0.1287597274103895
2017-09,115.5344467163086,-22.997169494628906,138.5316162109375,126.7890167236328,142.1448974609375,84.09626770019531,92.3240005493164,0.07392996108949434,0.17697228144989352,0.06153846153846154,0.017779984671092805,0.0277777777777779,0.006802721088435382,0.02422145328719716,0.027652520953099252,0.024162120031177015,0.04285714285714293,0.0674248578391552,0.028989761676811977,0.014030218933086758,0.14982517482517488,0.12909871244635185,0.03487040297849298,0.02431962941517085,-0.03544165757906215,0.002266288951841444,0.1251474725988474
2017-10,91.4615707397461,-24.0728759765625,115.5344467163086,102.81346130371094,109.23060607910156,69.15699768066406,93.71954484419388,0.04347826086956519,0.18275154004106775,0.08679245283018866,0.015341928451198989,-0.03378378378378377,-0.03378378378378377,-0.07142857142857151,0.033761531988988,-0.025875190258751957,0.0347615198059823,0.010260457774269982,0.033292092446128775,0.035122396229283925,0.1375104427736007,0.19774806474313866,0.03573218706890206,0.0005652911249292014,-0.12289395441030726,0.027874564459930307,0.09121539505300424
2017-11,92.59601593017578,1.1344451904296875,91.4615707397461,138.5316162109375,103.94397735595705,80.11587524414062,93.9971440633138,0.08680555555555558,0.21789883268482502,0.2298624754420433,0.022249874321538854,0.045454545454545636,0.03819444444444464,-0.04166666666666663,0.04159528578632888,0.0015624999999999112,-0.000779423226812126,0.028892455858748,0.02505760727250814,0.0027908343125735424,0.052574776441566495,0.21910714285714294,0.016414087474463785,-0.007344632768361614,0.01737116386797921,0.0040000000000000036,0.016479588300038026
2017-12,82.71825408935547,-9.877761840820312,92.59601593017578,115.5344467163086,95.908447265625,62.65747833251953,93.38800010681152,0.025559105431310014,0.16304347826086962,0.3688699360341152,0.03148935865031448,-0.0769230769230771,-0.06756756756756765,-0.061224489795918435,0.06206984492199076,-0.01404056162246492,-0.03805175038051756,0.0031746031746031633,0.013761908865224997,0.0010253405595430642,0.039075566367644754,0.19475524475524475,0.01919659722238743,-0.01821286283437673,-0.02487280949689097,-0.05943293347873502,0.009427834559474968
2018-01,92.42678833007812,9.708534240722656,82.71825408935547,91.4615707397461,107.64431762695312,75.66629028320312,90.74476187569756,0.07476635514018692,0.19791666666666674,0.41683778234086244,0.032448480764063974,0.39855072463768115,0.3496503496503496,0.30405405405405395,0.2468901679503013,0.053006329113924,0.039843749999999956,0.07599029911075172,0.03508372995020732,0.03394790752121746,0.037896592244418326,0.18061821219715957,0.018519249419935473,0.033623188405797144,0.007344632768361725,-0.11645193260654108,0.02733574279430911
2018-02,64.49137115478516,-27.93541717529297,92.42678833007812,92.59601593017578,74.68311309814453,52.002201080322266,89.73052617123253,-0.05217391304347818,0.04472843450479247,0.27237354085603127,0.06400209276741724,-0.3082901554404145,-0.1070234113712375,-0.07291666666666663,0.36037713827365725,0.0,0.038221528861154486,0.0374123148869836,0.035360273976656455,-0.00834984432493635,0.026365900102534034,0.0803268578476719,0.02221444469334787,0.06898485698261347,0.0848036425725669,0.10364794441227576,0.043857470199866404
2018-03,111.96229553222656,47.470924377441406,64.49137115478516,82.71825408935547,146.9270782470703,64.55758666992188,89.87619127546039,0.01681957186544336,0.03582554517133962,0.20471014492753614,0.06355019320493664,0.011235955056179803,-0.021739130434782483,-0.08783783783783772,0.35396179072856393,-0.004507888805409421,0.048259493670886,0.008371385083713934,0.03198405136545465,-0.029684601113172504,-0.005121451565700874,0.033753991181389775,0.03238664285771127,0.0435466946484786,0.15304347826086961,0.12436404748445451,0.018239260235469765
2018-04,123.2634735107422,11.30117797851564,111.96229553222656,92.42678833007812,146.39566040039062,94.30585479736328,90.2933327811105,0.07669172932330826,0.03768115942028971,0.24305555555555536,0.06448660065101586,0.02962962962962945,-0.27979274611398963,-0.027972027972028024,0.1900109837593522,0.007547169811320753,0.003005259203606281,0.04296875,0.006091049059832852,0.007795264009413216,-0.03028587602604016,0.006462984723854204,0.01879971923526254,-0.0005027652086475598,0.11497476163768927,0.12316384180790974,0.035156755288369965
2018-05,125.66661834716795,2.403144836425753,123.2634735107422,64.49137115478516,172.21670532226562,63.21790313720703,93.29954598166726,0.0712290502793298,0.1727828746177369,0.22523961661341851,0.033103140440820605,0.007194244604316502,0.04868913857677892,-0.06354515050167242,0.011958324777637168,-0.02397003745318349,-0.021036814425244188,0.01638065522620913,0.015903008216448973,-0.0039404553415061105,-0.025974025974025983,-0.0002929544455837485,0.01917128251579901,0.05583501006036218,0.1012591815320043,0.19464997154240193,0.02962347754633173
2018-06,103.96858978271484,-21.69802856445311,125.66661834716795,111.96229553222656,137.0244598388672,56.64043426513672,94.37714276994976,-0.019556714471968717,0.13082706766917296,0.17133956386292826,0.054061167327433116,0.0535714285714286,0.09259259259259256,0.06884057971014501,0.02319266921005747,-0.016116653875671516,-0.03245283018867928,0.014240506329114,0.01640623122911126,0.02065934065934072,0.024562435652301762,0.019315188762071944,0.012304210255179495,-0.018580276322058165,0.035696329813976746,0.1942028985507247,0.03881231801394736
2018-07,110.02842712402344,6.059837341308594,103.96858978271484,123.2634735107422,129.1023406982422,84.4084701538086,94.59761919294084,-0.010638297872340385,0.03910614525139677,0.07826086956521738,0.050039744086591724,-0.04067796610169494,0.017985611510791477,-0.2668393782383419,0.04712667352793312,-0.03432137285491421,-0.07265917602996252,-0.06987227648384675,0.00913087775378985,-0.1026414010910135,-0.08771161704611796,-0.1153410699122559,0.0652560336563063,0.004368932038834927,0.04074446680080479,0.16040381379697144,0.038107431905704404
2018-08,112.74168395996094,2.7132568359375,110.02842712402344,125.66661834716795,145.11407470703125,68.57559204101562,95.48173954175866,-0.0174731182795701,-0.046936114732724965,0.11773700305810375,0.004665374185363709,0.0459363957597172,0.05714285714285716,0.10861423220973787,0.05235024642244732,-0.029079159935379684,-0.07751343054489634,-0.0969196093163035,0.009371225042250094,-0.03199488081906898,-0.11340659340659343,-0.13643499357785072,0.06186877346747587,0.050749154180763645,0.03573130061934249,0.14060860440713552,0.03531845859266812
2018-09,75.05390930175781,-37.687774658203125,112.74168395996094,103.96858978271484,88.62364196777344,51.16391754150391,94.73947464792352,0.07934336525307817,0.049202127659574435,0.186466165413534,0.05403216010310136,0.006756756756756799,0.010169491525423568,0.10370370370370363,0.04337269633790384,-0.0033277870216306127,-0.06552262090483618,-0.09584905660377363,0.016589235295023364,0.0,-0.13135228251507325,-0.11001617884983084,0.05251961608625681,-0.07083716651333949,-0.01941747572815533,0.015585721468074354,0.061360024507415005
2018-10,92.0164794921875,16.962570190429688,75.05390930175781,110.02842712402344,115.21215057373048,61.15047454833984,95.8526093856148,0.020278833967046772,0.08198924731182777,0.12430167597765363,0.04879764379232719,0.10067114093959728,0.15901060070671358,0.17985611510791366,0.04717140376462338,0.014190317195325486,-0.018578352180936952,-0.0898876404494382,0.021764898473856983,0.027929267889605036,-0.004959206526955695,-0.09223584354932868,0.029985051836804055,0.03514851485148518,0.010633156114064679,0.05181086519114686,0.06615584879884996
2018-11,80.40758514404297,-11.608894348144531,92.0164794921875,112.74168395996094,105.16685485839844,47.40216827392578,96.7614288330078,-0.19006211180124222,-0.1080711354309164,-0.1499348109517601,0.14160463939527956,0.25914634146341475,0.3952702702702702,0.4750000000000001,0.127563581013486,0.004938271604938205,0.01580698835274541,-0.0629316960859555,0.008763675486353836,-0.0038585209003215715,0.023962981325400756,-0.09216117216117214,0.01734644874578307,0.008130081300813163,-0.030358785648574083,0.004287756074321081,0.05507386953483493
2018-12,90.607666015625,10.200080871582031,80.40758514404297,75.05390930175781,106.0626983642578,66.24092864990234,96.87578984310753,-0.1334355828220859,-0.2839036755386566,-0.24867021276595747,0.10884086179659193,-0.036319612590798966,0.3355704697986577,0.3491525423728812,0.14786310433362362,0.02375102375102367,0.04340567612687818,-0.0249609984399376,0.00940679808047466,-0.019528728211749558,0.00396628656420428,-0.12790697674418605,0.024180847473748854,0.03320683111954459,0.07821782178217829,0.057281553398058405,0.015069888678633087
2019-01,87.42410278320312,-3.183563232421875,90.607666015625,92.0164794921875,112.98045349121094,55.7335090637207,95.93761880057198,0.04955752212389375,-0.26335403726708073,-0.20295698924731198,0.1252401753993861,-0.22613065326633164,-0.060975609756097504,0.08833922261484095,0.24454792399494688,0.033600000000000074,0.06337448559670777,0.043618739903069415,0.014562604225981012,-0.022386831275720165,-0.04517684887459805,-0.04991201407774759,0.009975156102992494,0.011019283746556363,0.05308464849354366,0.06428226196230047,0.013720289906269424
2019-02,96.80016326904295,9.37606048583983,87.42410278320312,80.40758514404297,127.857421875,57.51169967651367,96.45842100444592,0.0809443507588532,-0.016871165644171904,-0.12311901504787959,0.11578022671689858,-0.11688311688311681,-0.3414043583535108,-0.08108108108108103,0.09526606040627252,0.021671826625387025,0.08108108108108114,0.09816971713810307,0.006371900735457078,0.06078464387944105,0.016785022595222632,0.041150223103619155,0.047215641421863325,-0.013623978201634857,0.030360531309297834,-0.0009199632014720294,0.023426133268754087
2019-03,82.32829284667969,-14.471870422363267,96.80016326904295,90.607666015625,90.7895965576172,66.64120483398438,96.78285689581008,0.03588143525741039,0.1752212389380532,-0.15842839036755385,0.02310423740799564,0.0808823529411764,-0.2613065326633166,-0.01342281879194629,0.155618760245028,-0.014393939393939403,0.04079999999999995,0.08597662771285486,0.02498812723796669,0.02206349206349212,0.05991769547325099,0.06412163278796901,0.04161861186696776,-0.07734806629834245,-0.07988980716253447,-0.007920792079207928,0.045601239597847676
2019-04,79.25344848632812,-3.0748443603515625,82.32829284667969,87.42410278320312,95.45539855957033,57.51552963256836,97.3585717337472,0.07228915662650603,0.2006745362563238,-0.11552795031055896,0.023913388559021892,-0.09863945578231292,-0.13961038961038963,-0.19207317073170727,0.10929477879610547,-0.01152959262106068,-0.004643962848297267,0.05843621399176957,0.02004693742601176,-0.00015530361857429842,0.08402087893584786,0.03504823151125391,0.030840124514923836,-0.015469061876247525,-0.10399636693914616,-0.05643232902917261,0.03627022407290625
2019-05,106.4719009399414,27.21845245361328,79.25344848632812,96.80016326904295,134.97251892089844,64.66343688964844,97.74181782115588,-0.0098314606741573,0.0998439937597504,0.08128834355828207,0.04114807977614131,-0.007547169811320753,-0.03308823529411775,-0.36319612590799033,0.08976419559509669,-0.0015552099533436836,-0.027272727272727226,0.051597051597051635,0.006739507470706611,-0.06523765144454796,-0.04476190476190478,-0.028728211749515786,0.04537046862206322,0.015205271160668943,-0.07780847145488023,-0.04981024667931688,0.04714524749878652
2019-06,106.58845520019533,0.11655426025392046,106.4719009399414,82.32829284667969,142.6534881591797,53.42063903808594,96.80450057983398,-0.10212765957446812,-0.046686746987951944,0.12035398230088501,0.08725786487090269,-0.0874524714828897,-0.18367346938775508,-0.39698492462311563,0.049678651377899584,0.05841121495327095,0.04458109146810152,0.08719999999999994,0.03783115336560708,-0.02259887005649719,-0.08650411554589221,-0.03176954732510284,0.033059268370741676,0.1103344982526211,0.1097804391217565,0.02112029384756653,0.06559601143294956
2019-07,93.52125549316406,-13.067199707031264,106.58845520019533,79.25344848632812,126.93077850341795,47.41885757446289,97.36590922962536,0.011058451816745807,-0.101123595505618,0.07925801011804379,0.0602302147143051,-0.01666666666666672,-0.10943396226415092,-0.23376623376623384,0.04373909887350931,0.039735099337748325,0.09875583203732496,0.09365325077399378,0.030685661830674792,0.010030601836110264,-0.07719788754271517,0.00033675702980295874,0.03774488500925133,-0.08273381294964033,0.033958438925494105,-0.07356948228882831,0.09653756335745846
2019-08,103.4044189453125,9.883163452148438,93.52125549316406,106.4719009399414,124.72541809082033,70.09744262695312,98.00454503839666,-0.07343750000000004,-0.15886524822695036,-0.0748829953198128,0.0588412935243195,-0.05932203389830493,-0.1558935361216729,-0.18382352941176472,0.035640407863002044,0.06157112526539277,0.16822429906542058,0.13636363636363646,0.01180109003424355,-0.039050664871233765,-0.05134596211365905,-0.09380952380952379,0.02498104191253166,-0.031862745098039214,-0.013979031452820867,-0.09069981583793729,0.10006938788609172
2019-09,90.36798858642578,-13.036430358886719,103.4044189453125,106.58845520019533,110.8709487915039,67.81023406982422,98.59999961853028,0.050590219224283306,-0.01579778830963663,-0.06174698795180733,0.06335771676725636,0.16216216216216206,0.07500000000000018,-0.12244897959183665,0.11751204156632052,0.007333333333333414,0.11184694628403236,0.1614142966948502,0.027289877678311165,0.008758101243650396,-0.020911254675280544,-0.1056064606305327,0.027976978979102497,0.02227848101265817,-0.09217625899280579,0.007485029940119681,0.05251463255188361
2019-10,97.83673095703124,7.4687423706054545,90.36798858642578,93.52125549316406,121.31104278564452,69.96658325195312,98.1730436242145,-0.0465489566613162,-0.07187500000000002,-0.1657303370786517,0.06524554696246522,-0.0968992248062015,-0.012711864406779627,-0.12075471698113205,0.1399881522362114,-0.010589013898080757,0.05803255484784153,0.16251944012441677,0.03757222885776303,-0.0003472825143253644,-0.030971216966840576,-0.10577819198508853,0.025385487772454623,0.053987122337791016,0.04313725490196085,0.07856056766345665,0.04341065544733871
2019-11,73.07838439941406,-24.758346557617173,97.83673095703124,103.4044189453125,84.5873031616211,53.03253173828125,98.06499977111817,0.05555555555555558,0.057335581787521184,-0.11063829787234036,0.057570254865485164,0.1373390557939913,0.1936936936936935,0.0076045627376426506,0.14294320604484395,-0.016053511705685586,-0.019333333333333313,0.14563862928348903,0.012233940408087915,0.01789126281049147,0.026449465755824075,-0.026254569624459934,0.00911927618793817,0.05028195488721798,0.1316455696202532,0.1158262606090863,0.017336669949205206
2019-12,74.27989196777344,1.201507568359375,73.07838439941406,90.36798858642578,80.11077117919922,63.33135223388672,97.37666684105282,0.0510366826156301,0.05778491171749622,0.041074249605055346,0.05768984402356983,-0.15471698113207533,-0.131782945736434,-0.06666666666666654,0.15465401910396262,0.005438477226376692,-0.021178027796161514,0.08830022075055188,0.011170249148891443,0.03703071672354952,0.055217919777739155,0.03315198911934725,0.01869080905455055,0.06353467561521242,0.17731550272412067,0.06879496402877683,0.006837624418324553
2020-01,138.4209442138672,64.14105224609375,74.27989196777344,97.83673095703124,190.8443603515625,81.65093994140625,97.43619028727214,-0.03490136570561464,0.07070707070707072,-0.006249999999999978,0.05097094428194922,-0.09375000000000022,-0.1287553648068671,-0.13983050847457634,0.15406484197737305,0.05544286680189314,0.044147157190635555,0.1047416843595188,0.036683503796609056,-0.007569524436399577,0.0475942331075212,0.015148964820737243,0.02237465789253213,0.04333193100546917,0.16541353383458635,0.21568627450980382,0.010263920047248078
2020-02,75.95555877685547,-62.46538543701172,138.4209442138672,73.07838439941406,87.1624526977539,56.68605041503906,98.84315852115029,-0.1352201257861635,-0.1228070175438597,-0.07251264755480602,0.09322088504316502,-0.054187192118226535,-0.2754716981132076,-0.1351351351351352,0.05064324080437313,0.023062139654068003,0.08565601631543163,0.06466666666666665,0.02536251809530245,-0.05687282374398939,-0.029351535836177445,-0.0036784025223332018,0.04697139510112871,-0.03629032258064513,0.06935123042505587,0.21012658227848102,0.05277765376353443
2020-03,81.54003143310547,5.58447265625,75.95555877685547,74.27989196777344,97.09007263183594,62.90298843383789,98.8350004716353,-0.4,-0.4992412746585736,-0.4703049759229534,0.1886218651943704,-0.06770833333333326,-0.2008928571428572,-0.3062015503875969,0.02010889285045773,-0.003130870381966133,0.07640297498309678,0.0536068828590337,0.029341290454050213,-0.08878340365682136,-0.14711206187263448,-0.10001736412571627,0.0409161634952417,-0.04560669456066946,-0.040387042490534264,0.12976721149083703,0.048881791379128035
2020-04,69.33940124511719,-12.200630187988281,81.54003143310547,138.4209442138672,81.76082611083984,47.59123229980469,99.91285705566406,-0.29393939393939394,-0.6336477987421383,-0.6077441077441077,0.13325979640645286,-0.027932960893854775,-0.1428571428571428,-0.2532188841201717,0.02022451552629935,0.0571608040201006,0.07815502882767467,0.1257525083612041,0.030232098528165063,-0.024117306579201192,-0.16133311225335767,-0.1214174048983846,0.032333968532483943,-0.028057869355545884,-0.10604838709677422,0.041823308270676485,0.008779989930268215
2020-05,68.50721740722656,-0.832183837890625,69.33940124511719,75.95555877685547,83.35546112060547,42.29555892944336,99.5530002593994,0.33047210300429186,-0.4363636363636364,-0.5055821371610846,0.39469989927811205,0.005747126436781658,-0.08854166666666663,-0.3396226415094339,0.03676985428612617,0.019607843137254832,0.07451471509079521,0.16655336505778373,0.030447659914960897,0.03598260181890067,-0.07876230661040784,-0.10580204778156999,0.06239692730559762,-0.05322507893549833,-0.12175732217573221,-0.06085011185682321,0.012906003025749395
2020-06,71.22785949707031,2.72064208984375,68.50721740722656,81.54003143310547,85.86660766601562,49.760887145996094,97.08772798018022,0.2870967741935484,0.209090909090909,-0.39453717754173,0.3486579425319099,-0.07999999999999996,-0.1005586592178771,-0.28125,0.04320087679674606,0.00932400932400923,0.0879396984924623,0.1710615280594996,0.025180485287099885,0.0982824427480915,0.11036079490642492,-0.05298667105479682,0.06120316958655929,-0.04478323010957597,-0.12099956159579128,-0.15649978965082034,0.012808792175646871
2020-07,66.47328186035156,-4.75457763671875,71.22785949707031,69.33940124511719,88.73797607421875,36.25208282470703,95.51409114490856,0.07268170426065157,0.836909871244635,-0.32704402515723274,0.1380284578436479,0.08074534161490665,0.0,-0.1428571428571428,0.08043254608983738,0.06639722863741349,0.0974450386215091,0.18321588725176174,0.030420267904192274,0.10721112076455253,0.25978647686832734,0.056541203780467564,0.038803980427518245,0.06084788029925181,-0.04059539918809196,-0.14233870967741935,0.06356340184725635
2020-08,65.46604919433594,-1.007232666015625,66.47328186035156,68.50721740722656,90.00911712646484,28.454627990722656,93.0442857288179,0.035046728971962704,0.42903225806451606,-0.19454545454545458,0.1359653380311275,0.32183908045976994,0.3142857142857143,0.19791666666666652,0.20225392552673374,0.06605305901461822,0.14743589743589736,0.23293675641828426,0.032852336026338955,0.019930947897049522,0.24026717557251898,0.1425808720112518,0.04802170795986574,-0.017865538316878204,-0.004764173415912287,-0.1259414225941422,0.05489124989147006
2020-09,80.37738037109375,14.911331176757812,65.46604919433594,71.22785949707031,101.25764465332033,49.51808166503906,93.43714287167504,-0.0722347629796839,0.03007518796992481,0.2454545454545456,0.07519584691298971,-0.16521739130434776,0.19254658385093149,0.07262569832402233,0.24353229203489432,-0.023869984763839502,0.10969976905311785,0.2072864321608041,0.05201673139535516,0.031697184182181815,0.16507384882710685,0.29365232490835425,0.04736142507404298,0.05169937769267574,0.09576059850374063,-0.036825953529153854,0.043047986614933795
2020-10,76.08316802978516,-4.294212341308594,80.37738037109375,66.47328186035156,97.65258026123048,42.68144226074219,93.40636340054598,-0.014598540145985384,-0.053738317757009324,0.7381974248927039,0.05369032414954692,0.171875,0.2931034482758621,0.2931034482758621,0.24944756041792912,-0.01144640998959412,0.028695181375202994,0.12893642305407016,0.04872827158246821,0.0013422818791946067,0.053672316384180796,0.3274021352313168,0.015304699248187226,0.11606736458807476,0.15279736718382697,0.10599909788001805,0.06698325382378582
2020-11,70.06746673583984,-6.0157012939453125,76.08316802978516,65.46604919433594,79.03644561767578,62.31394577026367,92.6195011138916,0.06666666666666665,-0.02483069977426622,0.3935483870967742,0.069784877992584,0.15111111111111097,0.12608695652173907,0.48,0.1889118581056081,-0.017894736842105297,-0.052310817673946186,0.0874125874125875,0.006213288408649641,0.052874590408102495,0.08770580089244495,0.3490458015267175,0.02590199944212834,0.011011419249592258,0.18669219722355201,0.18103858980466891,0.052970902940820234
2020-12,64.06729125976562,-6.000175476074219,70.06746673583984,80.37738037109375,86.81527709960938,31.744428634643555,90.51272721724077,0.15509259259259256,0.21411192214111918,0.2506265664160401,0.08487074362843589,-0.019305019305019266,0.32291666666666674,0.5776397515527949,0.10489883727451013,-0.004287245444801746,-0.03329864724245579,0.07274826789838329,0.006806839431826552,0.09944829537416888,0.15913497390007447,0.350477845351868,0.049073887660107084,0.013311819281968562,0.14337733272644515,0.25286783042394,0.06000103552221219
2021-01,77.418701171875,13.351409912109375,64.06729125976562,76.08316802978516,98.47562408447266,48.2874870300293,90.22631554854544,0.094188376753507,0.3481481481481481,0.27570093457943945,0.04525098969255689,0.051181102362204633,0.18666666666666654,0.5344827586206897,0.08563094991712071,0.004843918191603791,-0.01736842105263159,0.010828370330265402,0.011442525975679695,0.025733401955738477,0.18736967530533222,0.2510985561833019,0.037281898236193996,0.10031847133757954,0.1272430668841762,0.29948283968030087,0.0509103769626615
2021-02,73.95680236816406,-3.4618988037109375,77.418701171875,70.06746673583984,94.48355865478516,46.326778411865234,90.65157880281149,0.1355311355311355,0.4351851851851851,0.399548532731377,0.031094473819545235,0.8988764044943822,0.9575289575289578,1.204347826086957,0.5109815302622567,-0.03160149973219073,-0.03108252947481238,-0.08176739461655658,0.018963628012026515,0.06259407927747107,0.19833073985004956,0.3034312971226343,0.036857446756410055,0.0007235890014474222,0.11577248890681724,0.3240785064624223,0.05423369437147255
2021-03,78.61876678466797,4.661964416503906,73.95680236816406,64.06729125976562,100.85202026367188,49.41804122924805,92.00913039497708,0.05161290322580658,0.306613226452906,0.586374695863747,0.04196062511987527,-0.49506903353057197,0.007874015748031482,0.3333333333333335,0.7023840853847252,-0.0497787610619469,-0.07534983853606025,-0.10613943808532778,0.027815818059534186,0.0610317554007791,0.15645908389089036,0.3404921700223713,0.02084515988762388,-0.014461315979754197,0.08519108280254795,0.2407828857533001,0.0623486454055588
2021-04,88.16622161865234,9.547454833984375,78.61876678466797,77.418701171875,109.5869598388672,67.87379455566406,91.58761887323288,-0.00613496932515345,0.18681318681318682,0.5999999999999999,0.07123478991167886,0.01953125,-0.022471910112359605,0.15999999999999992,0.7048812236508449,0.024447031431897637,-0.057311194429566115,-0.0736842105263158,0.03868961735496443,0.037494437027147276,0.16971901655795274,0.38888888888888884,0.014061995195156775,0.032281731474687936,0.01808972503617956,0.14763458401305063,0.02384467159548029
2021-05,93.00713348388672,4.840911865234375,88.16622161865234,73.95680236816406,120.7828369140625,52.62611389160156,90.31799964904783,0.04938271604938271,0.09677419354838701,0.574074074074074,0.03271595917476625,0.10727969348659006,-0.42998027613412226,0.11583011583011604,0.3254067275690686,0.051136363636363535,0.023230088495575174,-0.008574490889603381,0.05229029724804794,0.08975871313672923,0.19962224058552702,0.43754420710142883,0.02617504541302478,-0.03695806680881297,-0.020245842371655942,0.09318273497377971,0.03532035756126343
2021-06,74.12712097167969,-18.88001251220703,93.00713348388672,78.61876678466797,92.54654693603516,46.34864044189453,91.03909128362484,0.07499999999999996,0.121165644171779,0.4649298597194389,0.04147557890644034,0.11764705882352944,0.26171875,0.2716535433070866,0.053904210626263695,-0.008108108108108136,0.06810244470314308,-0.01237890204520986,0.029670594298820553,-0.05215508758118481,0.07165109034267902,0.23932063818836857,0.07177292740994842,-0.027675276752767486,-0.03338224504768905,0.04896496815286633,0.037583601683783524
2021-07,58.42076873779297,-15.706352233886719,74.12712097167969,88.16622161865234,64.03631591796875,50.7158317565918,92.52285802932012,0.017783857729138264,0.14814814814814836,0.3626373626373627,0.028660134974411597,0.17647058823529416,0.45593869731800774,0.42322097378277146,0.03731637217230462,-0.014713896457765663,0.027272727272727337,-0.03160149973219073,0.03626247055948834,-0.018791528239202604,0.013512064343163432,0.18552433517310596,0.07420221114061987,-0.03339658444022775,-0.09488272921108742,-0.07850940665701878,0.004683084979316908
2021-08,89.4865493774414,31.065780639648438,58.42076873779297,93.00713348388672,103.20159149169922,76.48285675048828,92.7999995838512,-0.05913978494623662,0.02941176470588225,0.12903225806451624,0.06731074164429589,0.06578947368421062,0.40138408304498263,-0.20118343195266275,0.05537707989654161,-0.012721238938053103,-0.03513513513513511,-0.012721238938053103,0.003388414077549768,-0.008570521637921935,-0.07793741389490261,0.10612678550348242,0.022793312090654577,0.08441303494307029,0.01918819188191878,-0.0014461315979755751,0.06642744086559856
2021-09,80.69696807861328,-8.789581298828125,89.4865493774414,74.12712097167969,92.0473175048828,67.94027709960938,92.99238041469027,0.06571428571428561,0.020519835841313228,0.14417177914110413,0.06298559582660002,0.2617283950617286,0.5820433436532508,0.99609375,0.09824396813859859,-0.0056022408963585235,-0.032697547683923744,0.03317811408614668,0.0047901475999934575,-0.0048025613660619415,-0.031872923588039836,0.037494437027147276,0.007238297391093454,-0.04561911658218665,0.00037950664136632284,-0.03301540719002205,0.07180628702916186
2021-10,79.02923583984375,-1.6677322387695312,80.69696807861328,58.42076873779297,93.80802917480467,61.149112701416016,93.95142800467356,0.12198391420911547,0.125,0.29166666666666674,0.09270077709775627,0.07240704500978468,0.442105263157895,1.0996168582375483,0.11126427005581806,0.0011267605633802358,-0.017146017699115057,0.009659090909091006,0.0069249149688476175,0.054048257372654174,0.03999576764363555,0.054048257372654174,0.0351158270954918,-0.005311077389984931,0.029446407538280317,-0.06823027718550101,0.06656264566527072
2021-11,86.56914520263672,7.539909362792969,79.02923583984375,89.4865493774414,121.5009536743164,39.74269104003906,95.27095140729632,-0.0346475507765831,0.15428571428571414,0.18823529411764706,0.07934333109796961,-0.08394160583941623,0.23950617283950604,0.7370242214532869,0.1730969014410006,0.025323579065841262,0.020728291316526537,-0.015135135135135092,0.01626433637656696,-0.010173974972021549,0.03831376734258263,-0.04260972249557171,0.03562949638917399,0.27574370709382157,0.21107892831281694,0.23431734317343178,0.17506693688690259
2021-12,105.34542083740234,18.776275634765625,86.56914520263672,80.69696807861328,155.3102569580078,47.65493392944336,96.19000001387164,-0.0804455445544554,-0.004021447721179627,0.01641586867305067,0.10615127400158421,-0.25697211155378485,-0.2700587084148729,0.15479876160990713,0.16475996950547175,-0.01756311745334793,0.008450704225352101,-0.02452316076294281,0.02150219486568121,-0.018295816630691797,0.024235924932975772,-0.008409468438538181,0.039631898942357795,-0.020029895366218242,0.2435508345978754,0.24402277039848208,0.16667856260681632
2022-01,138.67498779296875,33.329566955566406,105.34542083740234,79.02923583984375,199.48751831054688,63.25152969360352,95.966499710083,0.15074024226110372,0.021505376344086002,0.14919354838709675,0.1224152482788204,0.1608579088471851,-0.20985401459854014,0.13947368421052642,0.20993978670356908,0.01452513966480451,0.0219471018570625,0.004424778761061843,0.02230669285479014,0.02418594911527583,-0.00478176823685017,0.035022748915458646,0.02255093906436617,-0.007931665649786535,0.2402745995423341,0.27679623085983507,0.16738185294693014
2022-02,216.1590118408203,77.48402404785156,138.67498779296875,86.56914520263672,320.6058654785156,105.2183074951172,95.9968426353053,0.12046783625730995,0.1856435643564356,0.36857142857142855,0.12565128542915982,0.07621247113163965,-0.0717131474103585,0.15061728395061746,0.22089165602680702,0.022026431718061623,0.01866081229418226,0.03977591036414574,0.02102878198622263,0.016458801881005902,0.02199609415150583,0.06115261472785494,0.02262849506400037,0.04335793357933593,0.014349775784753493,0.22845763939174524,0.03365265469911335
2022-03,318.9549255371094,102.79591369628906,216.1590118408203,105.34542083740234,403.713623046875,250.9558563232422,98.46695676057234,0.20668058455114813,0.5558546433378195,0.5495978552278822,0.043738576468914526,0.04721030042918439,0.30831099195710454,-0.045009784735812186,0.059050479719531875,0.049568965517241326,0.08826815642458108,0.09746478873239428,0.01845232722866896,0.028965101076134037,0.07119673332635323,0.09715817694369977,0.006310792573085957,0.31653404067197166,0.3627211714460037,0.6946130500758723,0.17441989711337835
2022-04,191.14309692382807,-127.8118286132813,318.9549255371094,138.67498779296875,221.9105529785156,184.41781616210935,100.70849990844728,-0.08477508650519028,0.23742690058479532,0.2640382317801673,0.14972402585165975,0.33811475409836067,0.5080831408775981,0.19160583941605824,0.16023905729315585,-0.0056468172484599455,0.06662995594713661,0.09003939223410251,0.027607917170234836,-0.006841950933437646,0.038744632999386575,0.033777596907111684,0.018172679012251638,-0.04342959480635766,0.3139606396063961,0.6296720061022121,0.18785237086444617
2022-05,142.25848388671875,-48.88461303710932,191.14309692382807,216.1590118408203,166.424560546875,140.13734436035156,103.16761888776507,0.06238185255198503,0.17327766179540727,0.3910891089108912,0.1457301712985018,0.24655436447166923,0.7467811158798283,0.6215139442231079,0.14874293371570438,-0.04543107898812593,-0.0037715517241379004,0.014818880351262331,0.047708452438782155,-0.07715776006298591,-0.05692446947601326,-0.03618049131462642,0.05398845500584986,0.025977065293704582,0.29207191276156785,0.3106128550074738,0.1909687842179049
2022-06,130.7073211669922,-11.551162719726562,142.25848388671875,318.9549255371094,160.72695922851562,114.81468963623048,103.8442862374442,0.06850533807829162,0.038927335640138505,0.6164199192462987,0.08678282313545754,-0.057739557739557856,0.5717213114754098,1.0563002680965146,0.2072352657584912,-0.006489994591671211,-0.056981519507186884,0.02625698324022352,0.02272995998007277,-0.037645302335501785,-0.11797478252370253,-0.055177468327923807,0.035247680270735916,-0.1334397810218978,-0.14954107902395342,0.15893837705918235,0.0799300204116224
2022-07,117.17676544189452,-13.53055572509767,130.7073211669922,191.14309692382807,141.24293518066406,97.83872985839844,107.033500289917,-0.09325562031640289,0.02930056710775064,0.27368421052631575,0.09167617620063497,-0.0534550195567145,0.11179173047473201,0.6766743648960738,0.17446049164362984,-0.056614044637996686,-0.10531750129065565,-0.04570484581497802,0.026311870476221116,-0.16389627659574468,-0.2574549749040449,-0.22868534042118172,0.06458084477050205,-0.16635956830744936,-0.25883454247601223,-0.02613776137761381,0.10286789579290753
2022-08,132.86322021484375,15.686454772949233,117.17676544189452,142.25848388671875,159.38302612304688,111.15857696533205,107.1495653235394,-0.0945821854912765,-0.12277580071174388,0.029227557411273475,0.09377802494897887,0.21074380165289242,0.07985257985257976,0.8862660944206007,0.1537870219202741,0.018465089440276916,-0.045429962141698255,-0.04903017241379315,0.038236224068352635,0.05791915175612994,-0.14876826277060895,-0.19722417781353718,0.11126092279144066,-0.01641932428165449,-0.2894616788321167,-0.08193339227821994,0.07880310534187514
2022-09,131.98587036132812,-0.877349853515625,132.86322021484375,130.7073211669922,170.31179809570312,108.6280746459961,110.74333336239768,-0.08519269776876259,-0.24895920066611155,-0.21972318339100338,0.005081551188102196,-0.11717861205915803,0.011734028683181297,0.5901639344262295,0.17387487013400377,-0.04759206798866855,-0.08492106695699508,-0.13706365503080087,0.04099150416894737,-0.029566524680531225,-0.1416223404255319,-0.24288925813703455,0.11172906969249945,0.24815409309791336,0.023427217688865687,-0.12961719274680994,0.2098820086993713
2022-10,143.16241455078125,11.176544189453125,131.98587036132812,117.17676544189452,185.2843017578125,112.6750259399414,111.94142804827008,0.032150776053214924,-0.145087235996327,-0.12003780718336488,0.07061503247673027,-0.2757731958762887,-0.22589531680440766,-0.13935681470137828,0.2481209853800074,-0.010113027959547938,-0.03981534910559725,-0.14093959731543626,0.03312837475441856,-0.01226439452620709,0.01404903909874089,-0.24702293081389626,0.04633004327327683,0.08873456790123457,0.33659614777391855,-0.009361104610344007,0.13321099756842428
2022-11,116.7162857055664,-26.446128845214844,143.16241455078125,132.86322021484375,143.0465545654297,98.68260955810548,108.14000047956196,-0.02148227712137485,-0.07606490872210958,-0.1895017793594307,0.058743812355720626,-0.06049822064056942,-0.39931740614334466,-0.3513513513513513,0.11158570977073562,0.036658653846153744,-0.022662889518413554,-0.06706327744726881,0.04221068741074732,0.05215004574565407,0.008519168128288568,-0.14151647648501653,0.043062322482714854,-0.006378454996456395,0.35024077046548974,-0.040602189781021814,0.12861304377737384
2022-12,111.19593811035156,-5.520347595214844,116.7162857055664,131.98587036132812,119.1385269165039,109.772216796875,104.5028566632952,-0.11196487376509323,-0.10310421286031035,-0.3263946711074104,0.07283877768832059,0.04166666666666652,-0.2912371134020618,-0.28292046936114734,0.1620437417759631,0.04231884057971014,0.06960142772159439,-0.02123026673924877,0.0287770996086318,0.04037267080745344,0.08120320165246575,-0.07191932624113473,0.03429914314506064,-0.013076557299096514,0.06764403292181065,0.09265596209528826,0.0569456713510795
2023-01,104.2670440673828,-6.928894042968764,111.19593811035156,143.16241455078125,113.02135467529295,94.62993621826172,102.71199913024904,0.027194066749072876,-0.10741138560687435,-0.23691460055096425,0.07061833741199855,-0.4054545454545454,-0.41814946619217086,-0.5495867768595042,0.23428967417722002,0.05561735261401557,0.140625,0.09521061742642822,0.00973242343197864,0.0791641791044777,0.1812834923539406,0.19787939032471846,0.01988823386461384,-0.012286196097325952,-0.03141979683439644,0.29460056836122517,0.0036603881898162687
2023-02,120.99437713623048,16.727333068847685,104.2670440673828,116.7162857055664,147.05015563964844,103.02875518798828,103.66000004818564,-0.004813477737665384,-0.09220636663007675,-0.16125760649087217,0.07288245707955897,-0.27217125382262997,-0.5492424242424243,-0.7292377701934016,0.22955611314521282,-0.02265542676501575,0.07536231884057965,0.05099150141643061,0.04188303919056241,-0.011175038725381725,0.11018633540372669,0.11964419944875981,0.045319461882930706,-0.23926829268292693,-0.2584403233475988,0.001284109149277679,0.13082061381727594
2023-03,105.37997436523438,-15.614402770996108,120.99437713623048,111.19593811035156,125.08584594726562,86.75404357910156,103.7673913706904,-0.050785973397823536,-0.02966625463535233,-0.12971175166297122,0.03919787392747523,-0.03361344537815125,-0.5818181818181818,-0.7036082474226804,0.18838792756087744,0.03126684636118604,0.06395995550611788,0.1380130874479477,0.040056598885378075,-0.009063444108761365,0.057432835820895534,0.14329976762199848,0.05155861810889457,-0.08720743828150046,-0.3141411708022164,-0.26774691358024694,0.1156550677244672
2023-04,106.80965423583984,1.4296798706054688,105.37997436523438,104.2670440673828,118.16682434082033,93.2484130859375,101.764209948088,0.07133757961783438,0.012033694344163681,-0.09667024704618687,0.06168011037435023,-0.060869565217391175,-0.33944954128440363,-0.6156583629893237,0.13057636823327376,0.045478306325143825,0.05374077976817704,0.20192307692307687,0.03594389776258994,-0.005307136404697377,-0.025337464040717017,0.15135276434453004,0.002972119250566906,-0.026343519494204437,-0.3239024390243903,-0.34514528703047487,0.1096691076898346
2023-05,108.46768188476562,1.6580276489257812,106.80965423583984,120.99437713623048,122.47150421142578,92.75943756103516,102.70136295665394,-0.09988109393579059,-0.08464328899637241,-0.16904500548847412,0.08816681843270047,-0.004629629629629761,-0.09663865546218486,-0.5928030303030303,0.02812439036065353,-0.0040000000000000036,0.07385444743935321,0.15478260869565208,0.025474885813861103,-0.06720399591327053,-0.080563947633434,0.02074534161490682,0.03470267719913532,-0.06024531024531021,-0.16479640910548243,-0.3806466951973372,0.030497826082411906
2023-06,110.52894592285156,2.0612640380859375,108.46768188476562,105.37997436523438,129.40652465820312,95.2789077758789,103.11190432593936,-0.010568031704095038,-0.04585987261146485,-0.07416563658838071,0.08563603838794018,0.013953488372093092,-0.05217391304347807,-0.6036363636363635,0.0389588500387182,-0.02459839357429716,0.015682174594877196,0.08064516129032251,0.03601652510409363,0.02190580503833517,-0.05182926829268297,0.0026268656716417205,0.045666037753529384,-0.013435700575815779,-0.0972953986652616,-0.3808720790171043,0.024176720079352378
2023-07,107.44878387451172,-3.0801620483398438,110.52894592285156,106.80965423583984,123.80915069580078,91.76800537109376,101.32749938964844,0.06942590120160208,-0.04756242568370983,-0.03610108303249093,0.08469623268813584,0.1697247706422016,0.18055555555555536,-0.22018348623853212,0.09575096304902027,0.004117344312918103,-0.024499999999999966,0.027924130663856683,0.014803032904011417,0.009527212099559312,-0.03768872743784768,-0.06207125470236774,0.04827260173895532,-0.027626459143968884,-0.0984848484848484,-0.3904878048780488,0.02400175907901188
2023-08,101.14118194580078,-6.3076019287109375,107.44878387451172,108.46768188476562,117.60943603515624,83.60504913330078,103.09652179220448,0.07615480649188533,0.13870541611624843,0.042321644498186206,0.04824444377834788,0.011764705882353121,0.20000000000000018,0.0840336134453783,0.09057305081884275,-0.016401845207585808,-0.03664658634538154,0.0345013477088949,0.014791969364678656,-0.01509968149109353,0.016064257028112428,-0.06579389056730445,0.018837548868987333,-0.07643057222889149,-0.11401151631477924,-0.2600192369349149,0.03304434630748266
2023-09,98.6348114013672,-2.5063705444335795,101.14118194580078,110.52894592285156,125.65179443359376,68.4659194946289,105.33149948120118,0.09048723897911826,0.2550066755674232,0.197452229299363,0.01075698793331838,0.023255813953488413,0.21100917431192667,0.14782608695652177,0.08806870698221687,-0.0015633142261594069,-0.013896037056098764,0.001568217459487764,0.010594723700210501,-0.008623787279913753,-0.01429081814933908,-0.06537940379403795,0.012766361216319449,-0.0008665511265165682,-0.10272373540856028,-0.19002458728486127,0.03831417365298958
2023-10,197.8870086669922,99.25219726562499,98.6348114013672,107.44878387451172,205.04005432128903,221.80393981933597,106.35318235917524,-0.030851063829787306,0.1373283395755307,0.08323424494649223,0.06630567928521836,0.13257575757575757,0.1725490196078434,0.3842592592592593,0.06668108908521764,0.0,-0.017939518195796977,-0.04200000000000004,0.009052131234044445,-0.04107768515162502,-0.06370178129055093,-0.09898966965603362,0.017175803557564696,0.02601908065915004,-0.053221288515406195,-0.1464646464646464,0.05311730706426248
2023-11,156.69613647460938,-41.19087219238281,197.8870086669922,101.14118194580078,143.49435424804688,189.5543975830078,104.52809506370907,-0.08671789242590555,-0.03480278422273786,0.0990752972258917,0.09059593889187817,-0.09364548494983282,0.050387596899224674,0.2604651162790699,0.11313179211925152,0.035490605427974886,0.033871808233454814,-0.004016064257028162,0.020956383223054306,0.03187602368653142,-0.01904419690980952,-0.003285870755750264,0.036550726870628415,0.018596787827557026,0.04419410745233954,-0.07485604606525909,0.013884939026595582
2023-12,142.2794647216797,-14.416671752929688,156.69613647460938,98.6348114013672,136.1783905029297,173.96380615234375,102.6830005645752,-0.06370192307692302,-0.1712765957446808,0.040053404539385884,0.02807732280606715,-0.06642066420664217,-0.04166666666666674,0.16055045871559614,0.12350223838492375,0.021169354838709742,0.05741127348643005,0.04271744724652593,0.017855078065600157,0.02564102564102555,0.014860456687205481,0.00035727045373357136,0.04044029591818712,0.05809128630705396,0.10581092801387681,-0.0077821011673151474,0.020990204922560568
2024-01,160.3736572265625,18.094192504882812,142.2794647216797,197.8870086669922,140.83609008789062,208.4711456298828,102.97476196289062,0.029525032092426073,-0.11964873765093298,0.0012484394506866447,0.06155406501035732,0.2569169960474309,0.0635451505016722,0.247058823529412,0.19501388261951744,0.003948667324777944,0.061586638830897655,0.0425422860071758,0.0157931639019284,-0.007261904761904803,0.05064885977069422,-0.016279344107585247,0.021028771849390938,-0.02784313725490195,0.04775993237531706,-0.00800320128051224,0.04301396518329285
2024-02,146.59817504882812,-13.775482177734375,160.3736572265625,156.69613647460938,140.2446746826172,171.18118286132812,104.10450096130371,0.0448877805486283,0.007211538461538325,-0.02784222737819031,0.05876365507091594,-0.4591194968553459,-0.3653136531365314,-0.33333333333333337,0.35857771702257735,-0.005408062930186808,0.019657258064516236,0.05419489317352788,0.01348121912624642,-0.004077227485310031,0.014041514041513992,-0.005270092226614009,0.018147174102033207,-0.0068576038725293165,0.021576763485477102,0.06672443674176765,0.044802299233834005
2024-03,133.21316528320312,-13.385009765625,146.59817504882812,142.2794647216797,121.53968048095705,151.81399536132812,103.62400093078614,0.019093078758950055,0.0962772785622592,-0.09148936170212763,0.012975658820132178,-0.12790697674418605,-0.40711462450592883,-0.4318181818181819,0.3583525923542383,0.06673257538309452,0.06515301085883518,0.12630480167014624,0.03922932408370708,0.046237206502107275,0.03440476190476183,0.04977648906608678,0.030010662946329956,-0.07189277010560513,-0.10392156862745094,-0.009106678230702436,0.033192206948289046
2024-04,163.9473419189453,30.734176635742188,133.21316528320312,160.3736572265625,170.697998046875,165.99069213867188,105.41181876442649,0.05503512880562056,0.12344139650872799,-0.010976948408342513,0.018530003951360095,0.06666666666666665,-0.4968553459119497,-0.46488294314381273,0.265835703000856,0.08016682113067652,0.14601769911504414,0.21659707724425892,0.046021392556586195,0.08919323282310976,0.1349082623815805,0.19239007181554735,0.04668358246555453,-0.0030634573304156865,-0.08108108108108103,-0.03719357565511405,0.038689883888969746
2024-05,130.52186584472656,-33.42547607421875,163.9473419189453,146.59817504882812,131.44712829589844,133.154296875,104.96500084616922,-0.08990011098779127,-0.021479713603818618,-0.014423076923076983,0.07547358269255584,0.3312499999999998,0.2383720930232558,-0.2140221402214022,0.23046632880633253,0.008580008580008514,0.16213544241225897,0.1849798387096775,0.03805012421302202,0.0713229078613693,0.2208308248043347,0.23797313797313802,0.021578774772968625,0.11150131694468812,0.02843216896831846,0.05062240663900419,0.09264264044058494
2024-06,113.0927963256836,-17.42906951904297,130.52186584472656,133.21316528320312,125.71302795410156,109.73841094970705,105.16684281198602,0.007317073170731714,-0.03278688524590179,0.060333761232349126,0.07386295582954104,0.1784037558685445,0.6733333333333331,-0.007905138339920903,0.13282287185457262,-0.01063377286261169,0.077849860982391,0.14807502467917089,0.04785148726010397,-0.04842686655488704,0.11036943261595122,0.14857142857142858,0.07483164297251109,-0.08925750394944709,0.00919037199124717,-0.09568627450980394,0.10071296287310193
2024-07,92.3948745727539,-20.697921752929688,113.0927963256836,163.9473419189453,95.1602783203125,95.11029815673828,104.61045455932616,0.032687651331719136,-0.05327413984461704,0.06359102244389025,0.06470781328716521,-0.17131474103585642,0.30000000000000004,-0.3459119496855346,0.2576290357453918,0.03095442820292349,0.02874302874302881,0.17895771878072764,0.020814107870442782,-0.02725953565505801,-0.00834742180896031,0.12543470440100735,0.06390952268615978,-0.05117085862966164,-0.039508340649692664,-0.11738604275917708,0.10662780549229078
2024-08,140.97506713867188,48.58019256591797,92.3948745727539,130.52186584472656,124.80498504638672,165.17947387695312,102.21272693980823,-0.05158264947245006,-0.013414634146341364,-0.034606205250596545,0.04323256326985433,-0.04326923076923084,-0.06572769953051638,0.15697674418604657,0.176935766490472,0.030025020850708906,0.05061675882603156,0.2209589718240237,0.02374720956279643,-0.044006393180607395,-0.11510010849196173,0.08031306441902464,0.011165823743731174,-0.059414990859232186,-0.1872037914691942,-0.16409423233143772,0.020038021590106432
2024-09,130.35877990722656,-10.616287231445312,140.97506713867188,113.0927963256836,134.03704833984375,135.5546112060547,101.0185001373291,-0.08158220024721885,-0.10048426150121059,-0.12997658079625307,0.059243924617052086,0.1306532663316582,-0.10358565737051784,0.5,0.1515637188175083,0.04089068825910935,0.10533104041272567,0.19138090824837817,0.006022953181518978,0.029536335265269775,-0.04259950248756217,0.06306824720911508,0.03854599222107596,0.06511175898930999,-0.0494362532523851,-0.04070021881838082,0.06963778225501357
2024-10,130.689208984375,0.3304290771484375,130.35877990722656,92.3948745727539,128.40969848632812,142.81838989257812,103.31130450704823,0.018842530282638048,-0.11254396248534582,-0.15982241953385123,0.05155063124770131,-0.01777777777777778,0.0625,0.38124999999999987,0.09392428158614521,0.04628549202644883,0.12176814011676407,0.15401115401115395,0.00828220541055021,0.032153296524845665,0.01587639850825795,0.007396449704142105,0.04323517034685414,0.06432481751824826,0.06627056672760512,0.02414398595259004,0.07166946221138634
2024-11,128.90164184570312,-1.787567138671875,130.689208984375,140.97506713867188,139.14866638183594,127.42887115478516,105.84349975585936,-0.017173051519154492,-0.08034610630407912,-0.09268292682926826,0.0508769546297568,-0.04977375565610853,0.05527638190954787,-0.014084507042253391,0.09627168822243075,-0.014498141263940556,0.07327935222672055,0.12760527435133984,0.03364440622055483,-0.048038598699391644,0.011591618368256729,-0.10484268665548868,0.04556215338324612,-0.018431204457779682,0.11273080660835766,-0.09557661927330174,0.04800799445873162
2024-12,142.36643981933594,13.464797973632812,128.90164184570312,130.35877990722656,128.26246643066406,164.81373596191406,107.18999989827472,-0.008064516129032362,-0.006729475100942128,-0.10653753026634383,0.01872643717704369,0.4380952380952381,0.3422222222222222,0.20318725099601598,0.2729041664105736,-0.0011316484345530453,0.029949436017113973,0.1384350816852966,0.03194187016033217,-0.017628911414720116,-0.034751542708671646,-0.07587064676616917,0.040484065523249624,0.005676855895196509,0.050638686131387,-0.0013009540329573799,0.042562387836012086
2025-01,113.233154296875,-29.133285522460938,142.36643981933594,130.689208984375,117.08644104003906,109.50493621826172,108.60904729933966,0.07317073170731714,0.04623513870541607,-0.07151230949589682,0.049739538390261864,0.3576158940397349,0.8552036199095021,0.9711538461538458,0.261552864816674,0.023413897280966767,0.0074349442379182396,0.1301084236864054,0.01922875282687104,0.00841184387617755,-0.056954059156702375,-0.04198188598827912,0.028253384705345254,0.0013026487190619385,-0.01157308186883843,0.05393053016453364,0.012843657472385226
2025-02,136.9805908203125,23.7474365234375,113.233154296875,128.90164184570312,138.7676544189453,140.7871551513672,107.35315744500411,-0.0505050505050505,0.010752688172043001,-0.07045735475896175,0.06284380578730647,0.029268292682926855,1.0095238095238095,1.120603015075377,0.21657506144196007,0.06826568265682664,0.09204073934364398,0.17206477732793513,0.035190330178619576,0.03781559337114904,0.02809607756721033,0.04001337494427104,0.027739245758292397,0.055941023417172664,0.06331877729257651,0.1831875607385811,0.030361632078299984
2025-03,174.3096466064453,37.32905578613281,136.9805908203125,142.36643981933594,193.36782836914065,159.4183807373047,104.18714287167504,-0.03457446808510645,-0.016260162601626105,-0.02288021534320328,0.06727866259123193,-0.02132701421800942,0.3675496688741722,0.8355555555555556,0.20573841000811596,0.030397236614853274,0.12651057401812693,0.16024893037728516,0.024133202872420368,0.043832386668095635,0.0924181247196052,0.05445490960268495,0.01895343916731786,-0.0657084188911704,-0.012158054711246202,0.03786496350364965,0.06092949748937329
2025-04,140.9822540283203,-33.327392578125,174.3096466064453,113.233154296875,159.26712036132812,132.06373596191406,100.71761866978235,-0.06749311294765825,-0.14520202020202022,-0.10568031704095115,0.016462153065843147,-0.17675544794188858,-0.1707317073170731,0.5384615384615385,0.10736515945695142,0.07877975192758968,0.1874538745387453,0.19628252788104095,0.025447438136452855,-0.05780287474332646,0.020687354020687332,-0.037444933920704804,0.05702166197786181,-0.03472527472527476,-0.047701647875108444,-0.05872267466780978,0.0632177713083787
2025-05,166.83749389648438,25.855239868164062,140.9822540283203,136.9805908203125,205.18582153320312,149.22117614746094,100.08318120783024,-0.05169867060561295,-0.14627659574468088,-0.13709677419354838,0.01646379816671737,-0.08235294117647052,-0.26066350710900466,0.48571428571428577,0.07830921088287647,0.02827843380981987,0.14300518134715023,0.2482082233119578,0.028564955933643926,0.03879263375830888,0.02164826921015961,0.05035257822829431,0.05727974879811254,0.007741347905282359,-0.09117043121149893,-0.033624454148471594,0.03687419491212469
2025-06,221.1349029541016,54.297409057617216,166.83749389648438,174.3096466064453,286.4390869140625,182.07473754882807,98.36100006103516,0.11370716510903423,-0.015151515151515027,-0.031165311653116534,0.10036773690217042,-0.03205128205128205,-0.26876513317191286,0.0,0.0734635803425049,0.013297068600785833,0.12403620516258806,0.26623867069486407,0.03430939193777037,0.03167942935067658,0.009753593429158158,0.1030731269627636,0.05383365224715519,-0.01807501129688205,-0.04483516483516481,-0.05644811115935733,0.021397545468021494
2025-07,134.23008728027344,-86.90481567382815,221.1349029541016,140.9822540283203,156.1194610595703,119.3396224975586,98.00272820212624,-0.006993006993006978,0.048744460856720684,-0.10353535353535359,0.08556305510457067,0.056291390728476776,-0.061764705882352944,-0.2219512195121951,0.07018657933677842,-0.003877124962719969,0.03791174642635187,0.2324723247232472,0.016090236107950736,-0.006507371631926828,0.06472703497875121,0.08675342008675346,0.024361581553014537,-0.030832949838932477,-0.040983606557377095,-0.0867302688638335,0.01965208150450117
2025-08,138.98846435546875,4.7583770751953125,134.23008728027344,166.83749389648438,160.41519165039062,121.7310562133789,98.23999968029204,-0.03943661971830981,0.06230529595015577,-0.09308510638297873,0.08069917222146264,-0.0877742946708463,-0.06730769230769229,-0.3104265402843601,0.07264571985424463,0.008383233532934131,0.017830160169235443,0.16338514680483596,0.008845103071501338,-0.010336710674444749,0.014371131857757291,0.03633051119922848,0.02323162940690283,-0.04890788224121545,-0.09489380930863078,-0.17741273100616006,0.01549265475346198
2025-09,126.74058532714844,-12.247879028320312,138.98846435546875,221.1349029541016,142.89134216308594,115.22395324707033,97.68571472167967,-0.0029325513196480912,-0.04895104895104896,-0.0633608815426997,0.020006758510559306,0.020618556701030855,-0.01655629139072845,-0.2808716707021791,0.07502941981388829,0.0890736342042755,0.09394572025052184,0.22963459604425074,0.05049934121792166,0.032471561530506676,0.01514997458057965,0.025051334702258732,0.023687441247621583,0.033449825262106714,-0.04739990796134386,-0.09010989010989012,0.043285429306023866
2025-10,154.52259826660156,27.782012939453125,126.74058532714844,134.23008728027344,168.00865173339844,151.55816650390625,98.7652176566746,-0.04852941176470582,-0.08873239436619718,-0.04431314623338256,0.024132618172987917,0.07744107744107742,0.0031347962382446415,-0.05882352941176461,0.08393839831870764,0.10632497273718644,0.21497005988023954,0.26103169670602866,0.05228309752369407,0.07572115384615374,0.09917101627264358,0.17031709709055254,0.04302912085725312,0.011111111111111072,-0.006172839506172756,-0.04690346083788699,0.04259125438034861
2025-11,104.35176849365234,-50.17082977294922,154.52259826660156,138.98846435546875,118.69731903076172,88.69731140136719,99.74736906352796,-0.01700154559505407,-0.06744868035190621,-0.009345794392523366,0.023348863739587906,0.18437499999999996,0.302405498281787,0.21474358974358965,0.08314629213923543,0.007146377525874881,0.21347980997624694,0.23511634935025683,0.052987542271926175,0.006703910614525244,0.11809720785935873,0.13416553026329603,0.034875681432987415,0.07596751075011943,0.12431352970544163,0.01762313601445986,0.032947241420470015
2025-12,132.48622131347656,28.13445281982422,104.35176849365234,126.74058532714844,146.3589324951172,123.5346221923828,98.54272738370028,-0.014150943396226356,-0.07794117647058818,-0.12307692307692308,0.019078833670982478,0.12137203166226906,0.4309764309764308,0.4072847682119205,0.053749676823813514,0.05431857107903104,0.17475463467829888,0.2851178049507903,0.04960892965003908,0.08999260081391047,0.1803886217948718,0.19827147941026935,0.04454222711273819,-0.008880994671403242,0.07826086956521738,0.027151403589507517,0.044357084627712574
2026-01,168.62986755371094,36.143646240234375,132.48622131347656,154.52259826660156,220.17141723632807,100.22209930419922,98.20899925231932,0.06539074960127578,0.03245749613601223,-0.05915492957746482,0.04676803959529786,0.7835294117647058,1.36875,1.3761755485893419,0.36546951062539557,0.10304014852634014,0.1712666338097586,0.4230538922155689,0.04794897160916729,0.10411540093339,0.21154562383612663,0.3316958346126293,0.052639430475145896,-0.024641577060931952,0.04013377926421402,0.033713200379867025,0.05411385124546098
2026-02,119.86540985107422,-48.76445770263672,168.62986755371094,104.35176849365234,156.00601196289062,81.2406234741211,97.45526323820415,0.06437125748502992,0.1179245283018866,0.04252199413489732,0.045631963067423856,-0.5237467018469657,-0.0474934036939314,0.24054982817869397,0.6536565629299428,0.056175047338522965,0.22828480548079266,0.4904988123515439,0.027609105751547177,-0.004687980325853047,0.1978357380688125,0.3392967942088936,0.05916367368245258,0.067524115755627,0.03197158081705154,0.16025961058412386,0.0492961320135435
2026-03,330.17681884765625,210.31140899658203,119.86540985107422,132.48622131347656,319.2039794921875,450.3603515625,99.48227275501598,0.45850914205344595,0.6539074960127591,0.5250000000000001,0.2272618834078208,-0.1523545706371191,-0.28,0.030303030303030276,0.6736445379254214,-0.03266932270916334,0.12694360640519853,0.32388222464558347,0.06892836907681124,-0.03258435642035362,0.06313109885447599,0.25490785256410264,0.0722301959400434,0.06454388984509474,0.10842293906810041,0.1951690821256038,0.052372773120646504
2026-04,252.3643341064453,-77.81248474121094,330.17681884765625,168.62986755371094,271.0191345214844,307.6094970703125,98.72523898170108,0.16104146576663458,0.8023952095808384,0.8608964451313756,0.2054169822810625,-0.09477124183006536,-0.6345646437994723,-0.13437500000000002,0.23283323795433736,-0.027800658978583193,-0.006732589943193812,0.16338097585017253,0.04994821522862233,0.033681858089233074,-0.004687980325853047,0.20586592178770946,0.033270766659426645,-0.003637833468067897,0.13229214515388166,0.17773530817009076,0.040252644132086526
2026-05,203.55667114257807,-48.807662963867244,252.3643341064453,119.86540985107422,233.4638519287109,215.2193756103516,98.71650009155272,-0.1071428571428572,0.5119549929676512,0.6902515723270439,0.28295230271922517,0.057761732851985714,-0.18836565096952906,-0.22691292875989444,0.10857486596337039,-0.028383816987926247,-0.08625498007968124,0.12233912405187186,0.0026586186598870957,0.045710755926183344,0.045710755926183344,0.25258971513133566,0.042162444161360654,0.05273833671399597,0.11660929432013756,0.15230905861456479,0.036438054839871906
2026-06,179.72244262695312,-23.834228515624943,203.55667114257807,330.17681884765625,214.9290313720703,184.4062957763672,100.29476202101937,-0.20558139534883713,-0.17647058823529405,0.3620414673046253,0.18974777080422978,0.07508532423208192,0.02941176470588225,-0.2588235294117647,0.09346805890970179,-0.07826466099847396,-0.12932454695222406,-0.018797864933859376,0.02896852939637571,0.0006645499520048226,0.08165057067603154,0.14993635977938058,0.0233237993348302,-0.08477842003853564,-0.04001616814874698,0.06406810035842292,0.06912901675024226
2026-07,152.66822814941406,-27.054214477539062,179.72244262695312,252.3643341064453,175.02061462402344,168.84104919433594,100.95954617587005,-0.023419203747072626,-0.30730897009966773,0.24850299401197629,0.09118009650432256,-0.08253968253968247,0.04332129963898912,-0.6187335092348285,0.08643903124843665,-0.036660359508041584,-0.13725905528489724,-0.14306753629286761,0.02673174660024659,-0.000664108618654069,0.045710755926183344,0.04080848447586849,0.026399349953541974,0.08673684210526322,0.04705882352941182,0.18557648139641736,0.09081505189562573
2026-08,,,152.66822814941406,203.55667114257807,,,99.79116694132487,,,,,,,,,,,,,,,,,,,,
