Date,Commodity,Actual_Return,Predicted_Return,Absolute_Error,Squared_Error,Actual_Direction,Predicted_Direction,Correct_Direction
2010-01,Brent,-0.035238864886706245,0.005345830859618728,0.04058469574632497,0.0016471175288217683,-1,1,False
2010-02,Brent,0.07599326732044176,-0.021091337877067552,0.0970846051975093,0.00942542056635625,1,-1,False
2010-03,Brent,0.0708915347886554,0.03158697675685225,0.03930455803180315,0.0015448482820753812,1,1,True
2010-04,Brent,-0.10596956350223063,0.043633023135191656,0.1496025866374223,0.022380933928607443,-1,1,False
2010-05,Brent,-0.011637851134217114,-0.019199535826877404,0.007561684692660289,5.7179075391212935e-05,-1,-1,True
2010-06,Brent,-0.000682606226818705,-0.01469040310673568,0.014007796879916976,0.00019621837342901176,-1,-1,True
2010-07,Brent,0.022565571937205764,-0.013203079146690474,0.035768651083896236,0.0012793964003615114,1,-1,False
2010-08,Brent,0.013608257173596927,0.014098162776352455,0.0004899056027555283,2.4000749961125754e-07,1,1,True
2010-09,Brent,0.06929067992614857,0.027164980291358637,0.04212569963478993,0.0017745745697205406,1,1,True
2010-10,Brent,0.029546194758667044,0.043597362361052536,0.014051167602385492,0.00019743531099032766,1,1,True
2010-11,Brent,0.07178351574999198,0.02436790104285179,0.04741561470714019,0.002248240518055969,1,1,True
2010-12,Brent,0.05428861409722674,0.021698038293784503,0.03259057580344224,0.0010621456311999148,1,1,True
2011-01,Brent,0.07515152259332014,0.011066785074222561,0.06408473751909757,0.004106853582891632,1,1,True
2011-02,Brent,0.1024467092710255,0.03884961749686633,0.06359709177415918,0.0040445900821308245,1,1,True
2011-03,Brent,0.07316841155137133,0.024302185461436053,0.04886622608993527,0.002387908052272671,1,1,True
2011-04,Brent,-0.06808125036857282,0.012034857863611238,0.08011610823218406,0.00641859079827103,-1,1,False
2011-05,Brent,-0.004864640392335917,-0.016174796054054544,0.011310155661718627,0.00012791962109230592,-1,-1,True
2011-06,Brent,0.027217508230166665,0.011579901227858467,0.0156376070023082,0.00024453475275863844,1,1,True
2011-07,Brent,-0.06067712348960952,0.0020951850403922896,0.0627723085300018,0.003940362718185738,-1,1,False
2011-08,Brent,0.01457068398868766,0.0008284015233763591,0.013742282465311301,0.00018885032735640247,1,1,True
2011-09,Brent,-0.013693873850257554,0.009604492346883268,0.023298366197140822,0.000542813867456074,-1,1,False
2011-10,Brent,0.006602514698607509,0.0006866795180778627,0.005915835180529646,3.499710588319223e-05,1,1,True
2011-11,Brent,-0.025287365722207134,0.020264395388974583,0.04555176111118171,0.0020749629403301667,-1,1,False
2011-12,Brent,0.028309525307826044,0.0007998939349914014,0.027509631372834645,0.0007567798182692481,1,1,True
2012-01,Brent,0.06956616510985314,0.01403424294799323,0.05553192216185991,0.003083794378990868,1,1,True
2012-02,Brent,0.04646863039137883,0.03336910831001535,0.01309952208136348,0.00017159747876012942,1,1,True
2012-03,Brent,-0.03394606101032627,0.03078572855644012,0.0647317895667664,0.004190204580516127,-1,1,False
2012-04,Brent,-0.0800848849253466,0.0009783549753182366,0.08106323990066483,0.006571248863192739,-1,1,False
2012-05,Brent,-0.13474854144002935,-0.023235439425527797,0.11151310201450154,0.012435171920896628,-1,-1,True
2012-06,Brent,0.07394481446585366,-0.045007087263970215,0.11895190172982387,0.014149554925141675,1,-1,False
2012-07,Brent,0.10488383183659145,0.028756546454638994,0.07612728538195246,0.005795363579625233,1,1,True
2012-08,Brent,-0.0012210779724487475,0.04273459470605435,0.043955672678503095,0.0019321011606197034,-1,1,False
2012-09,Brent,-0.016269508096494523,0.031143459723366126,0.04741296781986065,0.002247989517487142,-1,1,False
2012-10,Brent,-0.016823925443535614,0.02254534008384608,0.039369265527381694,0.0015499390681654847,-1,1,False
2012-11,Brent,-0.003118596056737033,-0.0034536734773034927,0.00033507742056645973,1.1227687777347213e-07,-1,-1,True
2012-12,Brent,0.027003780102169417,-0.007488902742835401,0.03449268284500482,0.0011897451698460897,1,-1,False
2013-01,Brent,0.035192841190971436,0.019665813145613647,0.015527028045357789,0.0002410885999213273,1,1,True
2013-02,Brent,-0.05925319100925153,0.015203227496063015,0.07445641850531454,0.005543758256638545,-1,1,False
2013-03,Brent,-0.060461478294877025,-0.013695657434498224,0.0467658208603788,0.0021870420007450413,-1,-1,True
2013-04,Brent,0.0001984730245601085,-0.0030207892364338563,0.003219262260993965,1.0363649505059974e-05,1,-1,False
2013-05,Brent,0.0036712334550674797,-0.007236912800089396,0.010908146255156875,0.00011898765472389296,1,-1,False
2013-06,Brent,0.04277408454448617,0.0021147676231708787,0.04065931692131529,0.0016531800525079559,1,1,True
2013-07,Brent,0.03041964953354137,0.030534003828529405,0.00011435429498803454,1.3076904782210422e-08,1,1,True
2013-08,Brent,0.008145958360423977,0.02902965787316821,0.020883699512744235,0.0004361289053385938,1,1,True
2013-09,Brent,-0.020936956688164976,0.006768064612120076,0.02770502130028505,0.0007675682052492483,-1,1,False
2013-10,Brent,-0.013393878233658563,-0.018661531987205604,0.005267653753547041,2.7748176067258235e-05,-1,-1,True
2013-11,Brent,0.026999218661188262,0.013093517386288861,0.013905701274899401,0.00019336852794673884,1,1,True
2013-12,Brent,-0.028301838113293676,0.02834085564985828,0.05664269376315195,0.0032083947567462133,-1,1,False
2014-01,Brent,0.008441296851332769,0.0010239606827123163,0.007417336168620453,5.501687583832514e-05,1,1,True
2014-02,Brent,-0.008911453370190614,0.010695431342674356,0.01960688471286497,0.00038442992814357804,-1,1,False
2014-03,Brent,0.001256545090946748,0.008977167161771748,0.007720622070825,5.960800516051012e-05,1,1,True
2014-04,Brent,0.016931248106123675,-0.020484493681997003,0.03741574178812068,0.0013999377335553202,1,-1,False
2014-05,Brent,0.02193052728373157,-0.0003709542584845373,0.02230148154221611,0.0004973560789778059,1,-1,False
2014-06,Brent,-0.04257219476436924,0.03052994160490825,0.0731021363692775,0.005343922341752443,-1,1,False
2014-07,Brent,-0.047092695730846734,-0.012231943184844237,0.034860752546002495,0.0012152720680736195,-1,-1,True
2014-08,Brent,-0.04442473506479039,-0.039876707422820325,0.0045480276419700635,2.0684555432123777e-05,-1,-1,True
2014-09,Brent,-0.10493263652645712,-0.03397681898710121,0.07095581753935591,0.005034728042678368,-1,-1,True
2014-10,Brent,-0.09539651021370588,-0.046940439986361104,0.04845607022734477,0.0023479907418773685,-1,-1,True
2014-11,Brent,-0.2060543983809281,-0.019089031529487082,0.18696536685144102,0.034956048401893924,-1,-1,True
2014-12,Brent,-0.22209637762344092,-0.07152607193965975,0.15057030568378116,0.0226714169537073,-1,-1,True
2015-01,Brent,0.19048052539176785,-0.09202574860426314,0.282506273996031,0.07980979484712054,1,-1,False
2015-02,Brent,-0.02968816811643049,0.051897339693236906,0.08158550780966739,0.006656195084561299,-1,1,False
2015-03,Brent,0.05841388294707062,-0.024243074737318796,0.08265695768438941,0.006832172653638942,1,-1,False
2015-04,Brent,0.08971706721254646,0.021849078282365392,0.06786798893018108,0.004606063921427181,1,1,True
2015-05,Brent,-0.03947935459837704,0.03091762749507964,0.07039698209345668,0.004955735087866461,-1,1,False
2015-06,Brent,-0.09246941524446983,0.0062325344135627046,0.09870194965803254,0.009742074866296791,-1,1,False
2015-07,Brent,-0.16357252880648532,-0.021065720538203773,0.14250680826828155,0.02030819040281276,-1,-1,True
2015-08,Brent,0.010448247818140022,-0.06268675904929673,0.07313500686743675,0.0053487292295000205,1,-1,False
2015-09,Brent,0.018236535531433562,0.0023077939009860313,0.01592874163044753,0.0002537248099295523,1,1,True
2015-10,Brent,-0.07792698654642627,-0.001656376176442433,0.07627061036998384,0.005817206006209886,-1,-1,True
2015-11,Brent,-0.14569211698269136,-0.01643978727633632,0.12925232970635503,0.016706164734520308,-1,-1,True
2015-12,Brent,-0.1682009793805569,-0.0774589589836247,0.09074202039693219,0.008234114265717258,-1,-1,True
2016-01,Brent,0.05358496173564142,-0.09524472328403313,0.14882968501967456,0.02215027514305554,1,-1,False
2016-02,Brent,0.17859501583040172,-0.009478479838759025,0.18807349566916073,0.03537163977321782,1,-1,False
2016-03,Brent,0.08891955199946722,0.053465469173337936,0.03545408282612928,0.0012569919890420352,1,1,True
2016-04,Brent,0.10164955931160291,0.025506599419300093,0.07614295989230283,0.0057977503411608365,1,1,True
2016-05,Brent,0.04487844825123566,0.03659455243356386,0.008283895817671798,6.86229299180403e-05,1,1,True
2016-06,Brent,-0.06573537644347816,0.014557377289520092,0.08029275373299824,0.006446926302027903,-1,1,False
2016-07,Brent,0.009734257308023908,-0.02807542187464518,0.03780967918266909,0.00142957183989636,1,-1,False
2016-08,Brent,0.00689966566421929,-0.00444540008793382,0.01134506575215311,0.0001287105169206774,1,-1,False
2016-09,Brent,0.08521026731889347,0.0003336642953196366,0.08487660302357383,0.007204037740821343,1,1,True
2016-10,Brent,-0.08697151286690863,0.026059501552102314,0.11303101441901095,0.012776010220590661,-1,1,False
2016-11,Brent,0.1721359890774936,-0.025412699737101793,0.19754868881459542,0.03902548445236586,1,-1,False
2016-12,Brent,0.012507228418008998,0.055700378319547286,0.04319314990153829,0.0018656481984167571,1,1,True
2017-01,Brent,0.00691230703958734,0.001975777759354822,0.004936529280232518,2.436932133459298e-05,1,1,True
2017-02,Brent,-0.061337396760832275,-0.00019913061573849106,0.06113826614509378,0.0037378875872283203,-1,-1,True
2017-03,Brent,0.025121586696062126,-0.023126446241169857,0.04824803293723198,0.0023278726823122223,1,-1,False
2017-04,Brent,-0.048235432470877804,0.007267151522651223,0.055502583993529024,0.003080536829958744,-1,1,False
2017-05,Brent,-0.07244122233839667,-0.01973718147445222,0.05270404086394445,0.002777715923388327,-1,-1,True
2017-06,Brent,0.03358897070980715,-0.024294449166822198,0.05788341987662935,0.0033504902966141697,1,-1,False
2017-07,Brent,0.05430074621595549,0.0010721748063020624,0.053228571409653425,0.002833280814312574,1,1,True
2017-08,Brent,0.06990073019009513,0.014873519922915992,0.05502721026717913,0.0030279938697883447,1,1,True
2017-09,Brent,0.035616079714441806,0.01180206255277947,0.023814017161662336,0.0005671074133759482,1,1,True
2017-10,Brent,0.09211565808184563,0.008540736204801877,0.08357492187704375,0.006984767566753967,1,1,True
2017-11,Brent,0.019541583994708844,0.02958106909803145,0.010039485103322605,0.00010079126113983648,1,1,True
2017-12,Brent,0.07531254999103187,0.008620606591371505,0.06669194339966036,0.004447815314423502,1,1,True
2018-01,Brent,-0.046344472845466944,0.02646008141996233,0.07280455426542927,0.005300503121787835,-1,1,False
2018-02,Brent,0.01819454890014205,-0.00846155853169801,0.02665610743184006,0.0007105480634177988,1,-1,False
2018-03,Brent,0.07536106953076005,0.012251067055431338,0.06311000247532872,0.003982872412435997,1,1,True
2018-04,Brent,0.0695299878509894,0.021643732907285048,0.047886254943704354,0.0022930934125334496,1,1,True
2018-05,Brent,-0.014707223953956294,0.023434932498237436,0.03814215645219373,0.0014548240988236237,-1,1,False
2018-06,Brent,-0.007569190072676424,-0.0019487326431813648,0.005620457429495059,3.1589541716766204e-05,-1,-1,True
2018-07,Brent,-0.01831454487373485,0.00040473618480551653,0.018719281058540368,0.0003504114833486282,-1,1,False
2018-08,Brent,0.07192419550448026,-0.002478690906829199,0.07440288641130946,0.005535789506334218,1,-1,False
2018-09,Brent,0.020470147175695397,0.026007506751165338,0.005537359575469941,3.066235106804865e-05,1,1,True
2018-10,Brent,-0.18017102272115693,0.013821061140527457,0.19399208386168437,0.03763292860099878,-1,1,False
2018-11,Brent,-0.12502961830703863,-0.045656708509397584,0.07937290979764104,0.0063000588097444615,-1,-1,True
2018-12,Brent,0.03445647975824717,-0.03374708557817445,0.06820356533642162,0.004651726324599533,1,-1,False
2019-01,Brent,0.07405510868698006,0.012861537871888758,0.0611935708150913,0.003744653109101594,1,1,True
2019-02,Brent,0.03972888857332202,0.025801436902780552,0.013927451670541467,0.0001939739100352683,1,1,True
2019-03,Brent,0.06773043499629439,0.015542147285851517,0.05218828771044287,0.0027236173741479624,1,1,True
2019-04,Brent,-0.01520482453387495,0.025544847170453203,0.04074967170432815,0.0016605357440105226,-1,1,False
2019-05,Brent,-0.10201334198091361,-0.0001596435507010786,0.10185369843021252,0.010374175883912677,-1,-1,True
2019-06,Brent,0.01761905302361999,-0.027445511702050448,0.04506456472567044,0.002030814993914141,1,-1,False
2019-07,Brent,-0.07313173371940052,0.008648408032477828,0.08178014175187834,0.006687991584957314,-1,1,False
2019-08,Brent,0.047179744114785205,-0.01824273326176744,0.06542247737655264,0.0042801005460855425,1,-1,False
2019-09,Brent,-0.04484391037386226,0.01560013932042918,0.060444049694291443,0.0036534831434459738,-1,1,False
2019-10,Brent,0.051237556385129945,-0.009605398853401373,0.06084295523853132,0.0037018652021579253,1,-1,False
2019-11,Brent,0.042457436214747624,0.016633964967747744,0.02582347124699988,0.0006668516672446295,1,1,True
2019-12,Brent,-0.02218097161510635,0.015175146806316663,0.037356118421423015,0.00139547958351538,-1,1,False
2020-01,Brent,-0.12844856328291376,-0.0029591462833185463,0.1254894169995952,0.015747593778898294,-1,-1,True
2020-02,Brent,-0.3904352098674341,-0.0318556786327645,0.35857953123466957,0.12857928022047538,-1,-1,True
2020-03,Brent,-0.2091077071394143,-0.1148746279670646,0.09423307917234969,0.008879873210302324,-1,-1,True
2020-04,Brent,0.2075987962015693,-0.06604720145928696,0.27364599766085623,0.07488213203580533,1,-1,False
2020-05,Brent,0.2602545940554668,0.07653657381919252,0.1837180202362743,0.03375231095953609,1,1,True
2020-06,Brent,0.05959790843123125,0.11400855312216424,0.054410644690932986,0.002960518255682954,1,1,True
2020-07,Brent,0.0412460907238974,0.03684160831384595,0.004404482410051452,1.939946530045265e-05,1,1,True
2020-08,Brent,-0.06997583017166631,0.029355284199347933,0.09933111437101425,0.009866670282187512,-1,1,False
2020-09,Brent,-0.0076323464044493194,-0.01805078988481041,0.01041844348036109,0.00010854396455347852,-1,-1,True
2020-10,Brent,0.05872070792592998,-0.008557611552640454,0.06727831947857044,0.00452637227186059,1,-1,False
2020-11,Brent,0.1436312490746683,0.019885046211519406,0.12374620286314889,0.015313122723047598,1,1,True
2020-12,Brent,0.09623061252084164,0.05320931398986675,0.04302129853097489,0.0018508321272912621,1,1,True
2021-01,Brent,0.1292488704169974,0.040605712959507725,0.08864315745748967,0.007857609364033307,1,1,True
2021-02,Brent,0.05505852004845435,0.046896220682845144,0.008162299365609207,6.662313093382447e-05,1,1,True
2021-03,Brent,-0.004016481631775148,0.022377638185981423,0.02639411981775657,0.0006966495609540902,-1,1,False
2021-04,Brent,0.04338991336286213,0.0005403880689008001,0.042849525293961334,0.001836081817917832,1,1,True
2021-05,Brent,0.07513669159489145,0.013818468130676467,0.06131822346421498,0.003759924528807404,1,1,True
2021-06,Brent,0.012112930352196294,0.024344367142932817,0.012231436790736523,0.000149608045965783,1,1,True
2021-07,Brent,-0.05127468888793851,0.012465734189929339,0.06374042307786786,0.004062841534145589,-1,1,False
2021-08,Brent,0.05895269617628496,-0.0012173170456563935,0.06017001322194135,0.0036204304911285966,1,-1,False
2021-09,Brent,0.12194980698893776,0.022355654131608824,0.09959415285732894,0.009918995283369002,1,1,True
2021-10,Brent,-0.03547099629533468,0.04590008484823819,0.08137108114357286,0.006621252846473919,-1,1,False
2021-11,Brent,-0.07679761117423967,-0.003471477227714608,0.07332613394652505,0.005376721919543734,-1,-1,True
2021-12,Brent,0.14655028056867825,-0.018973968048800242,0.1655242486174785,0.027398276880380833,1,-1,False
2022-01,Brent,0.10096214274194004,0.04313948543871995,0.057822657303220094,0.003343459697605632,1,1,True
2022-02,Brent,0.19278220374043942,0.016532346971597743,0.17624985676884167,0.031064012011037204,1,1,True
2022-03,Brent,-0.055890125527265244,0.057851823717707675,0.11374194924497291,0.012937231018045994,-1,1,False
2022-04,Brent,0.05612436521209374,-0.0889575163578676,0.14508188156996132,0.021048752359880282,1,-1,False
2022-05,Brent,0.04976282181228453,0.02036270366979051,0.02940011814249402,0.000864366946792606,1,1,True
2022-06,Brent,-0.10569786611405063,0.017590379137914718,0.12328824525196536,0.015199991417308758,-1,1,False
2022-07,Brent,-0.07230030491493078,-0.027659564592872214,0.044640740322058566,0.0019927956965014653,-1,-1,True
2022-08,Brent,-0.07204672662262201,-0.019520868323750894,0.05252585829887112,0.002758965790033088,-1,-1,True
2022-09,Brent,0.034327911100026975,-0.02243026901462768,0.05675818011465465,0.0032214910099275787,1,-1,False
2022-10,Brent,-0.02966258472104255,0.013008382473406598,0.04267096719444915,0.0018208114413097553,-1,1,False
2022-11,Brent,-0.10375627920925701,-0.005980575126832753,0.09777570408242425,0.009560088308813795,-1,-1,True
2022-12,Brent,0.03163847479462589,-0.029859289100160332,0.06149776389478623,0.0037819749640588727,1,-1,False
2023-01,Brent,-0.005343820953616629,0.013219551065416,0.01856337201903263,0.00034459878071700363,-1,1,False
2023-02,Brent,-0.052323896342564846,0.0013533516383082353,0.05367724798087308,0.002881246950800143,-1,1,False
2023-03,Brent,0.053995282242580434,-0.014055502380350575,0.06805078462293102,0.004630909287796544,1,-1,False
2023-04,Brent,-0.09323655305080647,0.01905293505622905,0.11228948810703551,0.01260892913934007,-1,1,False
2023-05,Brent,-0.010196936040271276,-0.02388664816258002,0.013689712122308743,0.00018740821799168695,-1,-1,True
2023-06,Brent,0.06847679385191885,-0.00016041038462367898,0.06863720423654253,0.004711065805408852,1,-1,False
2023-07,Brent,0.0631540806049311,0.02375041298922647,0.039403667615704636,0.0015526490215689304,1,1,True
2023-08,Brent,0.088120532075465,0.021335005175224773,0.06678552690024023,0.004460306603342711,1,1,True
2023-09,Brent,-0.04020148975547866,0.029216825913829528,0.06941831566930819,0.004818902550363719,-1,1,False
2023-10,Brent,-0.07601502414594874,-0.020351858595307342,0.055663165550641394,0.003098387999118111,-1,-1,True
2023-11,Brent,-0.05652289564683799,-0.03146736864261801,0.02505552700421998,0.0006277794334591967,-1,-1,True
2023-12,Brent,0.02023508315114597,-0.028110765181939123,0.0483458483330851,0.002337321051045667,1,-1,False
2024-01,Brent,0.03394911244740606,-0.005563511067610857,0.039512623515016915,0.0015612474170394676,1,-1,False
2024-02,Brent,0.0387026913739803,0.005173178923783648,0.033529512450196655,0.0011242282051478925,1,1,True
2024-03,Brent,0.04723457397780195,0.008152693626937157,0.039081880350864795,0.0015273933717593119,1,1,True
2024-04,Brent,-0.06654299137826869,0.010609772648751783,0.07715276402702047,0.005952548997009104,-1,1,False
2024-05,Brent,-0.0016424637741854209,-0.019699012259352233,0.01805654848516681,0.0003260389431971799,-1,-1,True
2024-06,Brent,0.013642423519448776,0.0010850120414662538,0.012557411477982523,0.0001576885830273672,1,1,True
2024-07,Brent,-0.059846964304525074,0.006205964734613946,0.06605292903913902,0.004362989434649535,-1,1,False
2024-08,Brent,-0.07543811928853417,-0.02157798335868341,0.053860135929850755,0.0029009142423820004,-1,-1,True
2024-09,Brent,0.030235076372686187,-0.023726841781253553,0.05396191815393974,0.0029118886108524915,1,-1,False
2024-10,Brent,-0.02335633785033875,0.007678111857752411,0.03103444970809116,0.0009631370686840396,-1,1,False
2024-11,Brent,-0.0038205633763004343,-0.0071800844462747496,0.0033595210699743153,1.1286381819601367e-05,-1,-1,True
2024-12,Brent,0.06781837912646216,-0.006456918964491605,0.07427529809095376,0.005516819906500039,1,-1,False
2025-01,Brent,-0.038377834369405006,0.021526662754058852,0.05990449712346386,0.0035885487756150895,-1,1,False
2025-02,Brent,-0.04590282910073318,-0.011756982705655356,0.034145846395077825,0.0011659388260362492,-1,-1,True
2025-03,Brent,-0.06710426513688217,-0.015482349722198804,0.05162191541468336,0.0026648221510807237,-1,-1,True
2025-04,Brent,-0.04235262157022557,-0.022176924151158815,0.020175697419066753,0.00040705876634573683,-1,-1,True
2025-05,Brent,0.08977523096271489,-0.017083552739995907,0.10685878370271079,0.01141879965442273,1,-1,False
2025-06,Brent,-0.004035755339854119,0.02328718880929967,0.02732294414915379,0.0007465432769777772,-1,1,False
2025-07,Brent,-0.033357351340588814,0.0003824368664224016,0.03373978820701121,0.001138373308253973,-1,1,False
2025-08,Brent,0.005425073534950142,-0.008567621837096598,0.01399269537204674,0.00019579552377489825,1,-1,False
2025-09,Brent,-0.053658265663457105,0.001408045330503168,0.055066310993960275,0.00303229860648355,-1,1,False
2025-10,Brent,-0.004498256963651137,-0.018785632015843157,0.01428737505219202,0.0002041290858819989,-1,-1,True
2025-11,Brent,-0.029557033434980173,0.00040219340265756605,0.02995922683763774,0.0008975552727090334,-1,1,False
2025-12,Brent,0.045027356159548226,-0.00958769576064415,0.05461505192019238,0.0029828038962453093,1,-1,False
2026-01,Brent,0.07454875551521023,0.013750765700397415,0.06079798981481281,0.003696395565522082,1,1,True
2026-02,Brent,0.43215265921811863,0.02466514237922475,0.4074875168388939,0.16604607637952784,1,1,True
2026-03,Brent,0.034290391465584324,0.10320042741873442,0.0689100359531501,0.004748593055064439,1,1,True
2026-04,Brent,0.010005915801928111,-0.016068667039590787,0.0260745828415189,0.0006798838703592318,1,-1,False
2026-05,Brent,-0.18638491820145375,-0.008792338173920201,0.17759258002753356,0.031539124480835914,-1,-1,True
2010-01,Natural_Gas,-0.08738478221579604,0.0006070234219372548,0.0879918056377333,0.007742557859388635,-1,1,False
2010-02,Natural_Gas,-0.19272678741330407,-0.02136116828116913,0.17136561913213494,0.02936617542053993,-1,-1,True
2010-03,Natural_Gas,-0.06013056757813051,-0.0003469472934776816,0.05978362028465283,0.0035740812543395535,-1,-1,True
2010-04,Natural_Gas,0.026071555083244657,0.028638815494127216,0.002567260410882559,6.5908260172848855e-06,1,1,True
2010-05,Natural_Gas,0.1603102069510962,-0.0807021532718039,0.24101236022290012,0.05808695778021297,1,-1,False
2010-06,Natural_Gas,-0.03608733088994376,0.004121984873871439,0.0402093157638152,0.0016167890741941976,-1,1,False
2010-07,Natural_Gas,-0.06774920726973388,-0.02502645376310014,0.04272275350663374,0.0018252336671885853,-1,-1,True
2010-08,Natural_Gas,-0.09729496518371372,-0.016764551698587912,0.08053041348512581,0.006485147496085333,-1,-1,True
2010-09,Natural_Gas,-0.11835187675754988,0.016149990446128925,0.1345018672036788,0.018090752281276046,-1,1,False
2010-10,Natural_Gas,0.08159755928442647,-0.01739237639892573,0.0989899356833522,0.009799007366594205,1,-1,False
2010-11,Natural_Gas,0.14316485883529517,0.04593242175270306,0.0972324370825921,0.009454146821020233,1,1,True
2010-12,Natural_Gas,0.05800807537012087,-0.00502671449665999,0.06303478986678086,0.00397338473354922,1,-1,False
2011-01,Natural_Gas,-0.08902376154098512,-0.04592247102007835,0.043101290520906776,0.0018577212445676082,-1,-1,True
2011-02,Natural_Gas,-0.029307982664616317,0.06183429711067095,0.09114227977528727,0.008306915162636739,-1,1,False
2011-03,Natural_Gas,0.06629268826619983,0.05467921403551504,0.01161347423068479,0.00013487278370677967,1,1,True
2011-04,Natural_Gas,0.018488849913711247,-0.06201235824385019,0.08050120815756143,0.0064804445148270344,1,-1,False
2011-05,Natural_Gas,0.0518281668656988,0.02490027662955406,0.02692789023614474,0.0007251112725698591,1,1,True
2011-06,Natural_Gas,-0.025319942898645142,0.09607603180511884,0.12139597470376398,0.014736982674276904,-1,1,False
2011-07,Natural_Gas,-0.08334357411458215,-0.019461613257120862,0.06388196085746128,0.0040809049229942156,-1,-1,True
2011-08,Natural_Gas,-0.04043329043329036,-0.0007273300476903963,0.03970596038559996,0.0015765632901428334,-1,-1,True
2011-09,Natural_Gas,-0.08385359285102212,-0.01879015527721212,0.06506343757381,0.004233250908921071,-1,-1,True
2011-10,Natural_Gas,-0.08412613575628025,-0.03567431826613286,0.04845181749014739,0.0023475786180985523,-1,-1,True
2011-11,Natural_Gas,-0.030987394957983194,0.07031197612067078,0.10129937107865397,0.010261562580930837,-1,1,False
2011-12,Natural_Gas,-0.1535280036133695,0.020918053009041655,0.17444605662241114,0.030431426671109475,-1,1,False
2012-01,Natural_Gas,-0.06439768869034512,0.020250853150177564,0.08464854184052269,0.00716537563572672,-1,1,False
2012-02,Natural_Gas,-0.13622463385723582,0.03510121799315379,0.17132585185038962,0.029352547512261653,-1,1,False
2012-03,Natural_Gas,-0.0993172268907565,-0.010055702336215146,0.08926152455454137,0.00796761976580099,-1,-1,True
2012-04,Natural_Gas,0.24835267362528457,-0.0006907303152093418,0.2490434039404939,0.06202261704626801,1,-1,False
2012-05,Natural_Gas,0.010623531923980467,-0.0037067256692568037,0.01433025759323727,0.00020535628268853446,1,-1,False
2012-06,Natural_Gas,0.2015126864226222,-0.032473757725084464,0.23398644414770667,0.05474965604488785,1,-1,False
2012-07,Natural_Gas,-0.03840783782103552,-0.016124025850319128,0.02228381197071639,0.000496568275946243,-1,-1,True
2012-08,Natural_Gas,0.00406873525057283,-0.041923227381691616,0.045991962632264446,0.002115260626767609,1,-1,False
2012-09,Natural_Gas,0.16374752280622928,-0.02470280075654495,0.18845032356277425,0.035513524450914304,1,-1,False
2012-10,Natural_Gas,0.06639376473670411,-0.010990152883530033,0.07738391762023414,0.005988270706255183,1,-1,False
2012-11,Natural_Gas,-0.05686255120779771,-0.0277008818073103,0.02916166940048741,0.0008504029622233237,-1,-1,True
2012-12,Natural_Gas,0.00010078037388883132,-0.035943866131112105,0.03604464650500094,0.0012992165416704762,1,-1,False
2013-01,Natural_Gas,-0.009905862216517014,-0.015792388479717756,0.005886526263200742,3.465119144735209e-05,-1,-1,True
2013-02,Natural_Gas,0.14484517146746745,-0.0260057997151727,0.17085097118264014,0.029190054354051333,1,-1,False
2013-03,Natural_Gas,0.09964309001681593,-0.01344494133791664,0.11308803135473257,0.012788902835688976,1,-1,False
2013-04,Natural_Gas,-0.02091040771258279,0.01819397539458157,0.03910438310716436,0.0015291527781918814,-1,1,False
2013-05,Natural_Gas,-0.06586276811439551,-0.037227519502866596,0.028635248611528913,0.0008199774630440685,-1,-1,True
2013-06,Natural_Gas,-0.0428156914711324,-0.020398537227191062,0.022417154243941338,0.0005025288043966572,-1,-1,True
2013-07,Natural_Gas,-0.06334559342078161,-0.01088273165037061,0.052462861770411,0.0027523518651412517,-1,-1,True
2013-08,Natural_Gas,0.0596205446345317,-0.0240842008510845,0.08370474548561621,0.007006484416811788,1,-1,False
2013-09,Natural_Gas,0.010925394671293276,0.0017685882927191794,0.009156806378574096,8.384710305469524e-05,1,1,True
2013-10,Natural_Gas,-0.001036551173342115,-0.03493012994387982,0.033893578770537704,0.0011487746818746442,-1,-1,True
2013-11,Natural_Gas,0.17313984919618752,0.03127924022196643,0.1418606089742211,0.02012443237853686,1,1,True
2013-12,Natural_Gas,0.05710673949951994,0.014143339701910507,0.042963399797609436,0.0018458537221692265,1,1,True
2014-01,Natural_Gas,0.1402832453192513,-0.017238269065828937,0.15752151438508022,0.024813027494169033,1,-1,False
2014-02,Natural_Gas,-0.1314492292511077,0.009827686659649759,0.14127691591075744,0.01995916696925523,-1,1,False
2014-03,Natural_Gas,0.028837429294001682,0.09198335878767497,0.06314592949367329,0.003987408411619958,1,1,True
2014-04,Natural_Gas,-0.01852034282336701,0.016674549586987733,0.03519489241035474,0.0012386804517764457,-1,1,False
2014-05,Natural_Gas,0.01428619224463823,-0.008664370554335438,0.022950562798973666,0.0005267283327896339,1,-1,False
2014-06,Natural_Gas,-0.12008582066006168,0.02895343323827656,0.14903925389833825,0.022212699202573332,-1,1,False
2014-07,Natural_Gas,-0.035304483239078865,0.0423767744861071,0.07768125772518597,0.006034377801766765,-1,1,False
2014-08,Natural_Gas,0.007005817826530869,-0.0039843938140522155,0.010990211640583085,0.00012078475190480793,1,-1,False
2014-09,Natural_Gas,-0.031851173278838574,-0.014496428889755206,0.017354744389083368,0.00030118715281042064,-1,-1,True
2014-10,Natural_Gas,0.11527507720462071,-0.01861164453752895,0.13388672174214966,0.01792565425885981,1,-1,False
2014-11,Natural_Gas,-0.17761015706323025,0.025974228935267216,0.20358438599849746,0.041446602222385207,-1,1,False
2014-12,Natural_Gas,-0.15779568978222192,-0.02015949747581314,0.13763619230640878,0.01894372143260674,-1,-1,True
2015-01,Natural_Gas,-0.06125386996904014,-0.07954342097165835,0.018289551002618212,0.00033450767587737284,-1,-1,True
2015-02,Natural_Gas,-0.0036772587108158117,-0.049466683642939234,0.04578942493212342,0.002096671435614566,-1,-1,True
2015-03,Natural_Gas,-0.054617676266137005,-0.04215753057100655,0.012460145695130452,0.00015525523074387795,-1,-1,True
2015-04,Natural_Gas,0.10062358276644012,-0.05210199627166119,0.1527255790381013,0.023325102492523328,1,-1,False
2015-05,Natural_Gas,-0.031138749602338978,-0.026512333123043325,0.004626416479295653,2.1403729439898385e-05,-1,-1,True
2015-06,Natural_Gas,0.014625998443890786,-0.03441526468152486,0.049041263125415645,0.0024050454889362523,1,-1,False
2015-07,Natural_Gas,-0.02003228160169812,-0.01318835861110262,0.0068439229905955,4.683928190120166e-05,-1,-1,True
2015-08,Natural_Gas,-0.04165683823182531,-0.026575873638544738,0.015080964593280573,0.00022743549306378227,-1,-1,True
2015-09,Natural_Gas,-0.0961405926946931,-0.013841477410849698,0.08229911528384341,0.0067731443765033485,-1,-1,True
2015-10,Natural_Gas,-0.045640215674527806,-0.04442156485421093,0.0012186508203168786,1.4851098218590012e-06,-1,-1,True
2015-11,Natural_Gas,-0.10262288817926257,-0.07566535846757672,0.026957529711685857,0.0007267084081564257,-1,-1,True
2015-12,Natural_Gas,0.09313949126595489,-0.07416860073502417,0.16730809200097907,0.027991997649008078,1,-1,False
2016-01,Natural_Gas,-0.1352389078498294,-0.02281052224058758,0.11242838560924182,0.012640141890700372,-1,-1,True
2016-02,Natural_Gas,-0.06105617640119232,-0.03330090164753555,0.027755274753656772,0.000770355276650977,-1,-1,True
2016-03,Natural_Gas,0.11126340677791835,-0.034352216971097464,0.14561562374901582,0.02120390987981494,1,-1,False
2016-04,Natural_Gas,0.03623468729851709,-0.021620679924991122,0.05785536722350821,0.003347243516566988,1,-1,False
2016-05,Natural_Gas,0.25696864111498297,-0.022506705748738098,0.27947534686372105,0.0781064695045972,1,-1,False
2016-06,Natural_Gas,0.05687555687555679,-0.0024787994175137443,0.05935435629307053,0.003522939610964761,1,-1,False
2016-07,Natural_Gas,-0.018278341509307405,-0.013022668889017276,0.0052556726202901295,2.7622094691667316e-05,-1,-1,True
2016-08,Natural_Gas,0.06482409141728773,-0.016018581439908256,0.08084267285719599,0.0065355377546956125,1,-1,False
2016-09,Natural_Gas,0.05994011215902373,-0.006804598883657374,0.0667447110426811,0.004454856452170997,1,-1,False
2016-10,Natural_Gas,-0.06291213436284737,-0.0008840152986515624,0.06202811906419581,0.0038474875546420516,-1,-1,True
2016-11,Natural_Gas,0.24534259551626136,-0.012623332555202437,0.2579659280714638,0.06654642004577163,1,-1,False
2016-12,Natural_Gas,-0.07517748478701813,0.01013900579684952,0.08531649058386766,0.007278903565547178,-1,1,False
2017-01,Natural_Gas,-0.12497601096641542,-0.002270659754689636,0.12270535121172578,0.015056603215992974,-1,-1,True
2017-02,Natural_Gas,0.031100854880159456,-0.011601059860577984,0.04270191474073744,0.0018234535225252091,1,-1,False
2017-03,Natural_Gas,0.06677081819502972,-0.0031054964327557714,0.0698763146277855,0.00488269934596127,1,-1,False
2017-04,Natural_Gas,0.01383430171174771,0.0013385856179889788,0.01249571609375873,0.00015614292069582094,1,1,True
2017-05,Natural_Gas,-0.07479660892721873,0.0028662493303659,0.07766285825758464,0.006031519552737682,-1,1,False
2017-06,Natural_Gas,-0.013144765953754911,-0.008236961353553382,0.004907804600201529,2.408654599375929e-05,-1,-1,True
2017-07,Natural_Gas,-0.017050710621478338,0.0027495945082809483,0.019800305129759287,0.00039205208323157196,-1,1,False
2017-08,Natural_Gas,0.03620445033830255,-0.0027184948411764173,0.03892294517947897,0.001514995661444725,1,-1,False
2017-09,Natural_Gas,-0.03231236242788704,0.0031458125503563946,0.03545817497824344,0.0012572821727877292,-1,1,False
2017-10,Natural_Gas,0.048704339681548525,-0.0009082970041449725,0.0496126366856935,0.0024614137189066204,1,-1,False
2017-11,Natural_Gas,-0.09304072924197959,0.004724604482018088,0.09776533372399768,0.009558060478164638,-1,1,False
2017-12,Natural_Gas,0.138007595239519,-0.002521568982216953,0.14052916422173595,0.01974844599685963,1,-1,False
2018-01,Natural_Gas,-0.15665609049524087,0.0036661704796435548,0.16032226097488442,0.025703227364098948,-1,1,False
2018-02,Natural_Gas,0.016143375059853637,0.0009896238548758177,0.01515375120497782,0.00022963617558236673,1,1,True
2018-03,Natural_Gas,0.008478787004535748,0.0002743322934720231,0.008204454711063725,6.731307710589575e-05,1,1,True
2018-04,Natural_Gas,0.040422620857403446,-0.0022032122409457776,0.042625833098349226,0.0018169616473283244,1,-1,False
2018-05,Natural_Gas,0.037938894489983666,0.000471852116529319,0.03746704237345435,0.0014037792642142238,1,1,True
2018-06,Natural_Gas,-0.05039957614022683,0.0032045313837400407,0.053604107523966875,0.002873400343441002,-1,1,False
2018-07,Natural_Gas,0.04119998584922335,-0.0008900963715178028,0.042090082220741155,0.0017715750213487507,1,-1,False
2018-08,Natural_Gas,-0.003700104649424274,0.00134248771536291,0.005042592364787184,2.5427737757410006e-05,-1,1,False
2018-09,Natural_Gas,0.10695126983531522,0.0021682068088553904,0.10478306302645983,0.010979490297207054,1,1,True
2018-10,Natural_Gas,0.28084833696871114,0.004199220740300426,0.2766491162284107,0.07653473350996069,1,1,True
2018-11,Natural_Gas,-0.0496317137166884,0.017783811055246714,0.0674155247719351,0.004544852980275396,-1,1,False
2018-12,Natural_Gas,-0.2037735248731286,0.005145565728505566,0.20891909060163416,0.04364718641781382,-1,1,False
2019-01,Natural_Gas,-0.13806293706293704,0.002692163043338593,0.14075510010627562,0.01981199820592767,-1,1,False
2019-02,Natural_Gas,0.04621508987995249,-0.005186364864323943,0.05140145474427643,0.002642109549827898,1,-1,False
2019-03,Natural_Gas,-0.0735055669657333,0.0016817230728720122,0.0751872900386053,0.005653128583349356,-1,1,False
2019-04,Natural_Gas,-0.00213054130967405,-0.0026662401463813544,0.0005356988367073044,2.8697324364955917e-07,-1,-1,True
2019-05,Natural_Gas,-0.10098976681764815,-0.0003532331573866338,0.10063653366026151,0.010127711907152948,-1,-1,True
2019-06,Natural_Gas,-0.011942526590781988,-0.006926427213205607,0.005016099377576381,2.516125296572216e-05,-1,-1,True
2019-07,Natural_Gas,-0.055833118722636965,-0.006226071617862988,0.049607047104773976,0.002460859122455264,-1,-1,True
2019-08,Natural_Gas,0.15343251478759634,-0.004143118840633977,0.15757563362823032,0.02483008031333827,1,-1,False
2019-09,Natural_Gas,-0.06631983153722287,0.002529830453769747,0.06884966199099261,0.004740275956273933,-1,1,False
2019-10,Natural_Gas,0.12147986980825021,-0.004224610983579332,0.12570448079182953,0.01580161649114344,1,-1,False
2019-11,Natural_Gas,-0.13046847946176787,0.0025354780262484434,0.13300395748801633,0.017690052707474056,-1,1,False
2019-12,Natural_Gas,-0.10899866673592717,-0.0042757756749546814,0.10472289106097249,0.010966883912168312,-1,-1,True
2020-01,Natural_Gas,-0.09288157332193259,-0.0029506828815408217,0.08993089044039176,0.008087565055401747,-1,-1,True
2020-02,Natural_Gas,-0.060606060606060774,-0.012431721782944686,0.048174338823116086,0.0023207669210443898,-1,-1,True
2020-03,Natural_Gas,0.017571466037241246,-0.01366479873180254,0.031236264769043787,0.0009757042367218061,1,-1,False
2020-04,Natural_Gas,0.025748649975454008,0.0015359133125395297,0.02421273666291448,0.000586256616707643,1,1,True
2020-05,Natural_Gas,-0.06053028308885089,-0.011602619736271958,0.048927663352578935,0.0023939162411432957,-1,-1,True
2020-06,Natural_Gas,0.03838505994395125,-0.011024243586581843,0.04940930353053309,0.0024412792753723497,1,-1,False
2020-07,Natural_Gas,0.3262121798707165,-0.011858192760514336,0.33807037263123085,0.11429157685101929,1,-1,False
2020-08,Natural_Gas,-0.023702950152593938,0.007981191360001963,0.0316841415125959,0.001003884823390203,-1,1,False
2020-09,Natural_Gas,0.23811418340958812,9.322480764304905e-05,0.23802095860194508,0.05665397673378886,1,1,True
2020-10,Natural_Gas,0.014628473497367844,0.007905533304007761,0.006722940193360083,4.519792484349651e-05,1,1,True
2020-11,Natural_Gas,-0.09952828827789151,0.004541592386361723,0.10406988066425323,0.010830540061471907,-1,1,False
2020-12,Natural_Gas,0.02486282990908739,0.006144481416140784,0.018718348492946606,0.0003503765703033965,1,1,True
2021-01,Natural_Gas,0.10115045838576298,0.005692057460803961,0.09545840092495901,0.009112306307150216,1,1,True
2021-02,Natural_Gas,-0.10107167876466305,0.007422859593357612,0.10849453835802067,0.011771064853520018,-1,1,False
2021-03,Natural_Gas,0.023439501967109644,0.0043113100867263315,0.01912819188038331,0.000365887724612762,1,1,True
2021-04,Natural_Gas,0.10351335656213667,0.0027620024883933535,0.10075135407374332,0.010150835347692795,1,1,True
2021-05,Natural_Gas,0.10511774766478132,0.005232566278800595,0.09988518138598074,0.009977049460510272,1,1,True
2021-06,Natural_Gas,0.16402777777777788,0.006402825594044459,0.15762495218373343,0.02484562555092425,1,1,True
2021-07,Natural_Gas,0.05846557690013121,0.009866917215223512,0.0485986596849077,0.0023618297231694733,1,1,True
2021-08,Natural_Gas,0.2640063127043175,0.007271563943057836,0.2567347487612597,0.06591273122150713,1,1,True
2021-09,Natural_Gas,0.09311895631346268,0.013334856342558168,0.0797840999709045,0.006365502608167284,1,1,True
2021-10,Natural_Gas,-0.08118881118881116,0.01708909485836662,0.09827790604717779,0.009658546817017905,-1,1,False
2021-11,Natural_Gas,-0.24629959926802725,0.01577032750639972,0.262069926774427,0.06868064651955352,-1,1,False
2021-12,Natural_Gas,0.0972128314927505,-0.004173766835993549,0.10138659832874405,0.010279242320674087,1,-1,False
2022-01,Natural_Gas,0.057086614173228245,0.007322134133746023,0.04976448003948222,0.0024765034736000248,1,1,True
2022-02,Natural_Gas,0.11090599951420943,0.008145692196277582,0.10276030731793184,0.010559680760075796,1,1,True
2022-03,Natural_Gas,0.35673888236421036,0.0031791434329287334,0.3535597389312816,0.12500448899315603,1,1,True
2022-04,Natural_Gas,0.2098277322790172,0.03547410358302799,0.1743536286959892,0.030399187839458865,1,1,True
2022-05,Natural_Gas,-0.07219251336898391,0.05776376966275736,0.12995628303174128,0.016888635499426048,-1,1,False
2022-06,Natural_Gas,-0.06100475733040578,0.027295062480750226,0.088299819811156,0.0077968581786826184,-1,1,False
2022-07,Natural_Gas,0.23467892954186054,0.016904865423780266,0.21777406411808026,0.04742554300250573,1,1,True
2022-08,Natural_Gas,-0.10736576183871616,0.042648636498646635,0.1500143983373628,0.02250431970852096,-1,1,False
2022-09,Natural_Gas,-0.2222323517792567,0.030534269076400423,0.25276662085565715,0.06389096461878753,-1,1,False
2022-10,Natural_Gas,0.06307586295083345,0.015845945655614282,0.047229917295219165,0.002230665087713242,1,1,True
2022-11,Natural_Gas,-0.11289643558798756,0.01920964890092981,0.13210608448891736,0.017452017558992974,-1,1,False
2022-12,Natural_Gas,-0.39595032824487864,-0.0006406477738206389,0.395309680471058,0.15626974347413,-1,-1,True
2023-01,Natural_Gas,-0.29768233599580984,-0.03306614609292032,0.26461618990288954,0.07002172795872211,-1,-1,True
2023-02,Natural_Gas,-0.011841495167100646,-0.028351338328422328,0.01650984316132168,0.0002725749212114403,-1,-1,True
2023-03,Natural_Gas,-0.08867532936293088,-0.024132751859447833,0.06454257750348305,0.004165744310793117,-1,-1,True
2023-04,Natural_Gas,0.054528531680413606,-0.023244574935062906,0.07777310661547651,0.006048656112622276,1,-1,False
2023-05,Natural_Gas,0.07078104993597933,0.002915121243008783,0.06786592869297055,0.004605784277359363,1,1,True
2023-06,Natural_Gas,0.06644315225173325,0.007895903037392554,0.058547249214340694,0.003427780390566117,1,1,True
2023-07,Natural_Gas,0.0016836862548550435,0.019868454380034456,0.018184768125179412,0.00033068579176654116,1,1,True
2023-08,Natural_Gas,0.019716834361392044,0.006657086876705088,0.013059747484686956,0.00017055700436378727,1,1,True
2023-09,Natural_Gas,0.17252047899200074,0.009743049978196174,0.16277742901380457,0.026496491396344187,1,1,True
2023-10,Natural_Gas,-0.03502727533735284,0.05462209475812531,0.08964937009547815,0.00803700955851601,-1,1,False
2023-11,Natural_Gas,-0.1704141341154134,0.008432774484977743,0.17884690860039115,0.031986216715916664,-1,1,False
2023-12,Natural_Gas,0.07325061872595562,-0.0256356196402065,0.09888623836616212,0.009778488138209432,1,-1,False
2024-01,Natural_Gas,-0.3407916466890418,0.00096683701177113,0.34175848370081297,0.11679886118147884,-1,1,False
2024-02,Natural_Gas,-0.0257567711099308,-0.05790154835331596,0.03214477724338516,0.0010332867040268525,-1,-1,True
2024-03,Natural_Gas,0.022708689511633295,-0.044775821022073704,0.06748451053370699,0.00455415916197401,1,-1,False
2024-04,Natural_Gas,0.3538761018880028,-0.022160158526754906,0.3760362604147577,0.14140326914671544,1,-1,False
2024-05,Natural_Gas,0.16550143781452187,0.012816886010446667,0.1526845518040752,0.023312572359611324,1,1,True
2024-06,Natural_Gas,-0.21432261347602488,0.01220941643099543,0.22653202990702032,0.051316760573795146,-1,1,False
2024-07,Natural_Gas,-0.05426889106967614,-0.04523620711715198,0.009032683952524156,8.158937938618742e-05,-1,-1,True
2024-08,Natural_Gas,0.14603932265030095,-0.015903984707959236,0.16194330735826018,0.026225634798131926,1,-1,False
2024-09,Natural_Gas,0.07240053119017631,0.009946172253610358,0.06245435893656595,0.0039005469501774154,1,1,True
2024-10,Natural_Gas,0.16218780656470622,0.008731465968094461,0.15345634059661176,0.023548848469303312,1,1,True
2024-11,Natural_Gas,0.15323187315548892,0.022833876871148368,0.13039799628434054,0.017003637434970888,1,1,True
2024-12,Natural_Gas,0.08100059559261474,0.02385316987861203,0.05714742571400271,0.0032658282657374586,1,1,True
2025-01,Natural_Gas,0.004172494172494101,0.011396183130035115,0.007223688957541014,5.218168215529999e-05,1,1,True
2025-02,Natural_Gas,0.10390766023440867,0.016120077489597002,0.08778758274481167,0.007706659684177156,1,1,True
2025-03,Natural_Gas,-0.17691888949373968,0.050226240830148136,0.22714513032388783,0.05159491022985599,-1,1,False
2025-04,Natural_Gas,0.01575854700854684,-0.0009180090670110629,0.016676556075557906,0.0002781075225412273,1,-1,False
2025-05,Natural_Gas,0.06359640885015594,0.032059096567631895,0.031537312282524044,0.0009946020660054418,1,1,True
2025-06,Natural_Gas,-0.09984459984459981,0.06399349651702425,0.16383809636162405,0.02684292181940081,-1,1,False
2025-07,Natural_Gas,-0.12573730398503813,-0.00017916868066788745,0.12555813530437024,0.015764845341110546,-1,-1,True
2025-08,Natural_Gas,0.041879216718775814,-0.004260587006866809,0.04613980372564262,0.002128881487840825,1,-1,False
2025-09,Natural_Gas,0.11226476314081757,0.00024514700164164887,0.11201961613917592,0.012548394399968323,1,1,True
2025-10,Natural_Gas,0.331006093608194,0.027393349374098666,0.30361274423409534,0.0921806984613582,1,1,True
2025-11,Natural_Gas,-0.007199812621566992,0.024456977365323436,0.03165678998689043,0.001002152352274086,-1,1,False
2025-12,Natural_Gas,-0.06472458713714191,0.014987330613736579,0.07971191775087849,0.006353989831522818,-1,1,False
2026-01,Natural_Gas,-0.24056810704101794,0.0235874625254505,0.26415556956646846,0.06977816493298536,-1,1,False
2026-02,Natural_Gas,-0.03545382338074943,-0.021544676836966415,0.013909146543783012,0.0001934643575764309,-1,-1,True
2026-03,Natural_Gas,-0.11633478065578673,0.0686484343481572,0.18498321500394393,0.034218789833195346,-1,1,False
2026-04,Natural_Gas,0.0951896854980554,0.008706282538342118,0.08648340295971328,0.007479378987492144,1,1,True
2026-05,Natural_Gas,0.0911522027405336,0.029018171497560096,0.062134031242973495,0.0038606378385028063,1,1,True
2010-01,Gold,-0.020572450805008913,0.014007845005356973,0.03458029581036588,0.0011957968583324082,-1,1,False
2010-02,Gold,0.016438356164383494,0.014450285348382535,0.0019880708160009593,3.95242556943472e-06,1,1,True
2010-03,Gold,0.032345013477088846,0.016560519119941716,0.01578449435714713,0.00024915026211080963,1,1,True
2010-04,Gold,0.048738033072236675,0.02141376856141261,0.027324264510824064,0.0007466154310574795,1,1,True
2010-05,Gold,0.023236514522821494,0.021226018598888285,0.0020104959239332088,4.042093860152047e-06,1,1,True
2010-06,Gold,-0.032441200324412,0.0233620818658649,0.0558032821902769,0.003114006303207675,-1,1,False
2010-07,Gold,0.019279128248113953,0.012330390386367105,0.0069487378617468475,4.828495787127415e-05,1,1,True
2010-08,Gold,0.04523026315789469,0.016541575643859305,0.028688687514035385,0.0008230407912779697,1,1,True
2010-09,Gold,0.0558615263571991,0.015788630544323654,0.040072895812875445,0.0016058369788295704,1,1,True
2010-10,Gold,0.02086438152011927,0.015679756487173204,0.005184625032946064,2.6880336732250976e-05,1,1,True
2010-11,Gold,0.01532846715328473,0.020186787266313275,0.004858320113028544,2.3603274320657685e-05,1,1,True
2010-12,Gold,-0.022286125089863384,0.01423948739398093,0.03652561248384431,0.0013341203673199633,-1,1,False
2011-01,Gold,0.011029411764705843,0.009565759257720626,0.001463652506985217,2.1422786612041106e-06,1,1,True
2011-02,Gold,0.034909090909091,0.01811456966209616,0.01679452124699484,0.00028205594391576117,1,1,True
2011-03,Gold,0.04075895994378076,0.01970089133722603,0.02105806860655473,0.00044344225343836583,1,1,True
2011-04,Gold,0.02160702228224176,0.008448404304508658,0.013158617977733104,0.00017314922708392083,1,1,True
2011-05,Gold,0.010575016523463265,0.01853708128247114,0.007962064759007875,6.339447522663514e-05,1,1,True
2011-06,Gold,0.02877697841726623,0.026038319036108315,0.002738659381157915,7.500255206004255e-06,1,1,True
2011-07,Gold,0.11824539097266373,0.017321017419746985,0.10092437355291675,0.010185729177048682,1,1,True
2011-08,Gold,0.007390562819783897,0.020682138595398594,0.013291575775614697,0.00017666598659890745,1,1,True
2011-09,Gold,-0.05981941309255079,0.01596484065758387,0.07578425375013466,0.005743253116464799,-1,1,False
2011-10,Gold,0.043817527010804325,0.009078123979145892,0.034739403031658435,0.0012068261229959993,1,1,True
2011-11,Gold,-0.05692926969522716,0.016467693881971394,0.07339696357719855,0.00538711426235261,-1,1,False
2011-12,Gold,0.008536585365853666,0.014152274667266346,0.00561568930141268,3.153596633000083e-05,1,1,True
2012-01,Gold,0.05501813784764198,0.013537917935427649,0.04148021991221433,0.0017206086439656623,1,1,True
2012-02,Gold,-0.03954154727793702,0.015915343091474465,0.05545689036941148,0.003075466689444924,-1,1,False
2012-03,Gold,-0.01610978520286399,0.015103950507174618,0.03121373571003861,0.0009742972969761396,-1,1,False
2012-04,Gold,-0.03638568829593691,0.013518051642854766,0.04990373993879168,0.002490383259878552,-1,1,False
2012-05,Gold,0.006293266205160464,0.018677848567618324,0.01238458236245786,0.0001533778802925023,1,1,True
2012-06,Gold,-0.0031269543464665928,0.016708095266306768,0.01983504961277336,0.0003934291931411806,-1,1,False
2012-07,Gold,0.02258469259723972,0.017503840269629114,0.005080852327610606,2.5815060374986107e-05,1,1,True
2012-08,Gold,0.07055214723926384,0.014964217850819677,0.05558792938844416,0.003090017893694654,1,1,True
2012-09,Gold,0.0011461318051575464,0.014280540482182002,0.013134408677024456,0.00017251269129509532,1,1,True
2012-10,Gold,-0.014310246136233551,0.014996882304461907,0.029307128440695458,0.0008589077774394206,-1,1,False
2012-11,Gold,-0.021486643437862996,0.012330399569889967,0.03381704300775296,0.0011435923977882135,-1,1,False
2012-12,Gold,-0.00771513353115727,0.013998333142482057,0.021713466673639326,0.00047147463498724567,-1,1,False
2013-01,Gold,-0.02631578947368418,0.015839023717162823,0.042154813190847004,0.0017770282751552087,-1,1,False
2013-02,Gold,-0.02149877149877155,0.01397478992087784,0.03547356141964939,0.0012583735597936378,-1,1,False
2013-03,Gold,-0.06591337099811678,0.01128754406933205,0.07720091506744883,0.005959981287251448,-1,1,False
2013-04,Gold,-0.04973118279569888,0.013201385296206175,0.06293256809190506,0.003960508126642267,-1,1,False
2013-05,Gold,-0.050212164073550225,0.010048436394237751,0.06026060046778797,0.003631339968738368,-1,1,False
2013-06,Gold,-0.04244229337304539,0.007597087259233535,0.050039380632278925,0.0025039396140620913,-1,1,False
2013-07,Gold,0.051321928460342114,0.01278133297845405,0.03854059548188807,0.001485377500098531,1,1,True
2013-08,Gold,-0.002218934911242587,0.009511703247513882,0.01173063815875647,0.00013760787161167337,-1,1,False
2013-09,Gold,-0.023721275018532273,0.009132796990662799,0.03285407200919507,0.0010793900475853753,-1,1,False
2013-10,Gold,-0.031131359149582427,0.005678372608780878,0.03680973175836331,0.0013549563521226603,-1,1,False
2013-11,Gold,-0.042319749216300995,0.011145654893179712,0.05346540410948071,0.0028585494365900768,-1,1,False
2013-12,Gold,0.018003273322422242,0.013918368859397175,0.0040849044630250665,1.6686444472042107e-05,1,1,True
2014-01,Gold,0.045016077170418,0.004217788540719633,0.040798288629698365,0.0016645003551121749,1,1,True
2014-02,Gold,0.027692307692307683,0.00673748269228998,0.020954825000017704,0.000439104690781367,1,1,True
2014-03,Gold,-0.02844311377245512,0.004872241010863067,0.033315354783318187,0.001109912864338362,-1,1,False
2014-04,Gold,-0.006933744221879867,0.006544227794269015,0.013477972016148882,0.00018165572966809235,-1,1,False
2014-05,Gold,-0.007757951900698168,0.0034130140674887444,0.011170965968186912,0.00012479048066239016,-1,1,False
2014-06,Gold,0.02501954652071925,0.02034586889488566,0.004673677625833587,2.184326255021748e-05,1,1,True
2014-07,Gold,-0.012204424103737566,0.011390733630528721,0.023595157734266285,0.0005567314685049061,-1,1,False
2014-08,Gold,-0.04478764478764474,0.00793300009412829,0.052720644881773034,0.0027794663967500213,-1,1,False
2014-09,Gold,-0.01212611156022636,0.009957052577739755,0.022083164137966113,0.0004876661383443526,-1,1,False
2014-10,Gold,-0.038461538461538436,0.025339087463767722,0.06380062592530616,0.004070519868460849,-1,1,False
2014-11,Gold,0.02212765957446816,0.015804418307913633,0.006323241266554529,3.998338011505812e-05,1,1,True
2014-12,Gold,0.04163197335553703,0.015208893740826093,0.02642307961471094,0.0006981791363253529,1,1,True
2015-01,Gold,-0.01918465227817745,0.007794416085609225,0.026979068363786676,0.0007278701297778751,-1,1,False
2015-02,Gold,-0.03911980440097795,0.005940002453937894,0.04505980685491585,0.0020303861938023213,-1,1,False
2015-03,Gold,0.016963528413910023,0.0049285233355449,0.012035005078365123,0.0001448413472362743,1,1,True
2015-04,Gold,0.0,0.010965876924336797,0.010965876924336797,0.00012025045671970225,0,1,False
2015-05,Gold,-0.014178482068390341,0.01268072395260669,0.02685920602099703,0.0007214169480783631,-1,1,False
2015-06,Gold,-0.045685279187817285,0.010585651247435419,0.056270930435252706,0.0031664176120490494,-1,1,False
2015-07,Gold,-0.00886524822695034,0.007211745013160721,0.01607699324011106,0.00025846971164257673,-1,1,False
2015-08,Gold,0.0062611806797854275,0.005792446417460146,0.00046873426232528145,2.1971180867762577e-07,1,1,True
2015-09,Gold,0.03022222222222215,0.005259237457685642,0.024962984764536508,0.0006231506083544817,1,1,True
2015-10,Gold,-0.06298533218291635,0.009370178371505397,0.07235551055442176,0.005235319907591038,-1,1,False
2015-11,Gold,-0.009208103130755041,0.005827677544927982,0.015035780675683022,0.000226074700527243,-1,1,False
2015-12,Gold,0.020446096654274992,0.006333658111593958,0.014112438542681034,0.00019916092162094916,1,1,True
2016-01,Gold,0.09289617486338808,0.006357991110250298,0.08653818375313778,0.00748885724729184,1,1,True
2016-02,Gold,0.03750000000000009,0.011161012918719806,0.026338987081280282,0.0006937422404678496,1,1,True
2016-03,Gold,-0.002409638554216831,0.012961716124434097,0.015371354678650927,0.00023627854465688375,-1,1,False
2016-04,Gold,0.015297906602254496,0.008991704435798657,0.006306202166455839,3.976818576421232e-05,1,1,True
2016-05,Gold,0.011895321173671647,0.008306976439845994,0.0035883447338256533,1.2876217928774299e-05,1,1,True
2016-06,Gold,0.04780564263322895,0.008634573635829252,0.0391710689973997,0.001534372646399048,1,1,True
2016-07,Gold,0.002243829468960401,0.0075877756339685146,0.0053439461650081135,2.8557760614504924e-05,1,1,True
2016-08,Gold,-0.00970149253731345,0.007759759335751116,0.017461251873064566,0.0003048953169746008,-1,1,False
2016-09,Gold,-0.045214770158251705,0.007748024016650412,0.052962794174902114,0.0028050575668130454,-1,1,False
2016-10,Gold,-0.022888713496448276,0.009004520148377474,0.03189323364482575,0.001017178352323445,-1,1,False
2016-11,Gold,-0.06542810985460423,0.007503325336152602,0.07293143519075683,0.0053189942389835635,-1,1,False
2016-12,Gold,0.030250648228176358,0.006544456158976936,0.02370619206919942,0.0005619835424217736,1,1,True
2017-01,Gold,0.03523489932885915,0.006588691403788433,0.028646207925070714,0.0008206052284863842,1,1,True
2017-02,Gold,-0.002431118314424663,0.006749449809055935,0.009180568123480597,8.428283106986805e-05,-1,1,False
2017-03,Gold,0.02924451665312744,0.007268852281125848,0.02197566437200159,0.0004829298245908601,1,1,True
2017-04,Gold,-0.016574585635359074,0.00758934528124421,0.024163930916603283,0.000583895557342376,-1,1,False
2017-05,Gold,0.011235955056179803,0.007492348188908246,0.0037436068672715567,1.401459237668276e-05,1,1,True
2017-06,Gold,-0.0182539682539683,0.007076510817492265,0.025330479071460566,0.0006416331699897017,-1,1,False
2017-07,Gold,0.037186742118027416,0.007320313610477746,0.02986642850754967,0.0008920035517965756,1,1,True
2017-08,Gold,0.024162120031177015,0.007383513241821478,0.016778606789355537,0.00028152164579180774,1,1,True
2017-09,Gold,-0.025875190258751957,0.00849301941153379,0.03436820967028575,0.0011811738359407227,-1,1,False
2017-10,Gold,0.0015624999999999112,0.006935001839406943,0.005372501839407032,2.8863776014431938e-05,1,1,True
2017-11,Gold,-0.01404056162246492,0.00684344897536092,0.02088401059782584,0.00043614189865010195,-1,1,False
2017-12,Gold,0.053006329113924,0.006697406943208291,0.04630892217071571,0.002144516272613405,1,1,True
2018-01,Gold,0.0,0.007018996680504928,0.007018996680504928,4.92663144009392e-05,0,1,False
2018-02,Gold,-0.004507888805409421,0.006970589806846274,0.011478478612255694,0.0001317554712520114,-1,1,False
2018-03,Gold,0.007547169811320753,0.006891970090323975,0.0006551997209967783,4.2928667439425615e-07,1,1,True
2018-04,Gold,-0.02397003745318349,0.006896427231283137,0.030866464684466625,0.0009527386421174254,-1,1,False
2018-05,Gold,-0.016116653875671516,0.006687870037469172,0.022804523913140688,0.0005200463109050054,-1,1,False
2018-06,Gold,-0.03432137285491421,0.0065348195414078256,0.04085619239632204,0.0016692284571252828,-1,1,False
2018-07,Gold,-0.029079159935379684,0.006262444925432345,0.03534160486081203,0.0012490290341377727,-1,1,False
2018-08,Gold,-0.0033277870216306127,0.006028394562115709,0.009356181583746322,8.753813382803383e-05,-1,1,False
2018-09,Gold,0.014190317195325486,0.005966840735906852,0.008223476459418634,6.762556507861243e-05,1,1,True
2018-10,Gold,0.004938271604938205,0.006020588948059915,0.00108231734312171,1.1714108312220373e-06,1,1,True
2018-11,Gold,0.02375102375102367,0.006013560913364319,0.01773746283765935,0.0003146175879173465,1,1,True
2018-12,Gold,0.033600000000000074,0.00612799615747825,0.027472003842521825,0.0007547109951235339,1,1,True
2019-01,Gold,0.021671826625387025,0.006304098746212365,0.015367727879174661,0.00023616706016836215,1,1,True
2019-02,Gold,-0.014393939393939403,0.006401982363277171,0.020795921757216576,0.00043247036173227376,-1,1,False
2019-03,Gold,-0.01152959262106068,0.006270362605320105,0.017799955226380785,0.0003168384060611606,-1,1,False
2019-04,Gold,-0.0015552099533436836,0.006158413201380603,0.0077136231547242865,5.949998217309866e-05,-1,1,False
2019-05,Gold,0.05841121495327095,0.006110203056663577,0.05230101189660737,0.002735395845409066,1,1,True
2019-06,Gold,0.039735099337748325,0.006435054062232568,0.033300045275515756,0.0011088930153513993,1,1,True
2019-07,Gold,0.06157112526539277,0.006640609897266615,0.054930515368126154,0.0030173615186079436,1,1,True
2019-08,Gold,0.007333333333333414,0.006977606924064936,0.00035572640926847827,1.265412782510449e-07,1,1,True
2019-09,Gold,-0.010589013898080757,0.006979775987536085,0.01756878988561684,0.0003086623780449526,-1,1,False
2019-10,Gold,-0.016053511705685586,0.006873298473077801,0.022926810178763385,0.0005256386249730484,-1,1,False
2019-11,Gold,0.005438477226376692,0.0067351851587479,0.0012967079323712074,1.6814514618744117e-06,1,1,True
2019-12,Gold,0.05544286680189314,0.00672742044058999,0.04871544636130315,0.002373194714181004,1,1,True
2020-01,Gold,0.023062139654068003,0.007017393335597747,0.016044746318470256,0.0002574338844240648,1,1,True
2020-02,Gold,-0.003130870381966133,0.0071446893435021825,0.010275559725468316,0.00010558712767166648,-1,1,False
2020-03,Gold,0.0571608040201006,0.007052078527367783,0.05010872549273281,0.0025108843705060513,1,1,True
2020-04,Gold,0.019607843137254832,0.0073451120097814265,0.012262731127473406,0.00015037457470470518,1,1,True
2020-05,Gold,0.00932400932400923,0.007416406958196969,0.0019076023658122611,3.6389467860525356e-06,1,1,True
2020-06,Gold,0.06639722863741349,0.00742743356146756,0.05896979507594593,0.003477436731299057,1,1,True
2020-07,Gold,0.06605305901461822,0.007766340429720123,0.058286718584898096,0.003397341563395105,1,1,True
2020-08,Gold,-0.023869984763839502,0.008717253156447604,0.03258723792028711,0.0010619280752733982,-1,1,False
2020-09,Gold,-0.01144640998959412,0.007821761260615838,0.019268171250209958,0.0003712624233274176,-1,1,False
2020-10,Gold,-0.017894736842105297,0.007718126620196598,0.025612863462301894,0.0006560187747385194,-1,1,False
2020-11,Gold,-0.004287245444801746,0.007510041016928362,0.011797286461730108,0.00013917596786012048,-1,1,False
2020-12,Gold,0.004843918191603791,0.00751728852990977,0.002673370338305979,7.1469089657342255e-06,1,1,True
2021-01,Gold,-0.03160149973219073,0.007562372299813021,0.03916387203200375,0.0015338088725391655,-1,1,False
2021-02,Gold,-0.0497787610619469,0.007116692356072662,0.05689545341801956,0.003237092619642034,-1,1,False
2021-03,Gold,0.024447031431897637,0.006280765402649525,0.01816626602924811,0.0003300132214454139,1,1,True
2021-04,Gold,0.051136363636363535,0.0072954693125876135,0.04384089432377592,0.0019220240151084879,1,1,True
2021-05,Gold,-0.008108108108108136,0.007861128261299507,0.01596923636940764,0.0002550165102220117,-1,1,False
2021-06,Gold,-0.014713896457765663,0.007178067702795232,0.021891964160560894,0.00047925809480728267,-1,1,False
2021-07,Gold,-0.012721238938053103,0.006991233598517277,0.01971247253657038,0.00038858157350504146,-1,1,False
2021-08,Gold,-0.0056022408963585235,0.006881577890546188,0.012483818786904712,0.00015584573150427504,-1,1,False
2021-09,Gold,0.0011267605633802358,0.00687810470907474,0.0057513441456945045,3.3077959482214446e-05,1,1,True
2021-10,Gold,0.025323579065841262,0.006916152783737824,0.01840742628210344,0.0003388333423310724,1,1,True
2021-11,Gold,-0.01756311745334793,0.007240628621165262,0.024803746074513196,0.0006152258193289288,-1,1,False
2021-12,Gold,0.01452513966480451,0.006763197622620213,0.007761942042184297,6.024774426622813e-05,1,1,True
2022-01,Gold,0.022026431718061623,0.00703007192217615,0.014996359795885473,0.0002248908071276502,1,1,True
2022-02,Gold,0.049568965517241326,0.007154516045765685,0.04241444947147564,0.0017989855239683604,1,1,True
2022-03,Gold,-0.0056468172484599455,0.00761666775812245,0.013263485006582396,0.00017592003451983603,-1,1,False
2022-04,Gold,-0.04543107898812593,0.007145103643337886,0.05257618263146381,0.002764254980097037,-1,1,False
2022-05,Gold,-0.006489994591671211,0.006559403964263465,0.013049398555934677,0.00017028680267163002,-1,1,False
2022-06,Gold,-0.056614044637996686,0.0067594144648937165,0.0633734591028904,0.004016195318665722,-1,1,False
2022-07,Gold,0.018465089440276916,0.005841790120385754,0.012623299319891163,0.0001593476857195647,1,1,True
2022-08,Gold,-0.04759206798866855,0.0067041526078868785,0.05429622059655543,0.00294807957106981,-1,1,False
2022-09,Gold,-0.010113027959547938,0.006073645713333512,0.01618667367288145,0.0002620084045923535,-1,1,False
2022-10,Gold,0.036658653846153744,0.0061488435316273795,0.030509810314526365,0.0009308485254283794,1,1,True
2022-11,Gold,0.04231884057971014,0.006563443976408936,0.0357553966033012,0.0012784483862593632,1,1,True
2022-12,Gold,0.05561735261401557,0.006872601735345653,0.04874475087866992,0.002376050738223592,1,1,True
2023-01,Gold,-0.02265542676501575,0.007459046202335779,0.03011447296735153,0.0009068814821013459,-1,1,False
2023-02,Gold,0.03126684636118604,0.006468918925259288,0.02479792743592675,0.0006149372051174886,1,1,True
2023-03,Gold,0.045478306325143825,0.006918813113453962,0.03855949321168986,0.0014868345167423564,1,1,True
2023-04,Gold,-0.0040000000000000036,0.0072667990538809405,0.011266799053880944,0.00012694076092053253,-1,1,False
2023-05,Gold,-0.02459839357429716,0.00688471461286806,0.031483108187165224,0.0009911861011247499,-1,1,False
2023-06,Gold,0.004117344312918103,0.006603557995013409,0.0024862136820953057,6.181258473037898e-06,1,1,True
2023-07,Gold,-0.016401845207585808,0.006761990798264466,0.023163836005850272,0.0005365632985059255,-1,1,False
2023-08,Gold,-0.0015633142261594069,0.006538570640878172,0.008101884867037579,6.564053839873253e-05,-1,1,False
2023-09,Gold,0.0,0.006581167871620643,0.006581167871620643,4.331177055445178e-05,0,1,False
2023-10,Gold,0.035490605427974886,0.006560219214298988,0.0289303862136759,0.0008369672464724486,1,1,True
2023-11,Gold,0.021169354838709742,0.006866815510745808,0.014302539327963933,0.000204562631227955,1,1,True
2023-12,Gold,0.003948667324777944,0.006878252925942247,0.0029295856011643034,8.582471794549212e-06,1,1,True
2024-01,Gold,-0.005408062930186808,0.006772240417672887,0.012180303347859696,0.0001483597896458821,-1,1,False
2024-02,Gold,0.06673257538309452,0.006671741183247958,0.060060834199846556,0.0036073038047814577,1,1,True
2024-03,Gold,0.08016682113067652,0.007133512734685469,0.07303330839599105,0.005333864135263937,1,1,True
2024-04,Gold,0.008580008580008514,0.008403298365906971,0.0001767102141015421,3.1226499767812856e-08,1,1,True
2024-05,Gold,-0.01063377286261169,0.007358989982415842,0.017992762845027533,0.0003237395147974033,-1,1,False
2024-06,Gold,0.03095442820292349,0.007028811748550891,0.0239256164543726,0.0005724351227217448,1,1,True
2024-07,Gold,0.030025020850708906,0.007634843476716871,0.022390177373992036,0.0005013200428388249,1,1,True
2024-08,Gold,0.04089068825910935,0.007751337723095934,0.03313935053601342,0.0010982165539487729,1,1,True
2024-09,Gold,0.04628549202644883,0.008095673735429687,0.03818981829101914,0.00145846222110106,1,1,True
2024-10,Gold,-0.014498141263940556,0.008469472977254856,0.02296761424119541,0.0005275113039323623,-1,1,False
2024-11,Gold,-0.0011316484345530453,0.007371375436498011,0.008503023871051056,7.230141495166409e-05,-1,1,False
2024-12,Gold,0.023413897280966767,0.00752422158199706,0.015889675698969707,0.00025248179381842845,1,1,True
2025-01,Gold,0.06826568265682664,0.007939761025209872,0.06032592163161677,0.003639216820703968,1,1,True
2025-02,Gold,0.030397236614853274,0.008971163702591708,0.021426072912261566,0.0004590766004415488,1,1,True
2025-03,Gold,0.07877975192758968,0.008510615411413642,0.07026913651617604,0.004937751546728986,1,1,True
2025-04,Gold,0.02827843380981987,0.010037018568625652,0.018241415241194218,0.0003327492300016727,1,1,True
2025-05,Gold,0.013297068600785833,0.00898628168769296,0.004310786913092873,1.8582883810092778e-05,1,1,True
2025-06,Gold,-0.003877124962719969,0.008616876012118347,0.012494000974838316,0.00015610006035926077,-1,1,False
2025-07,Gold,0.008383233532934131,0.008126865821855985,0.0002563677110781464,6.572440328344796e-08,1,1,True
2025-08,Gold,0.0890736342042755,0.00843832752830821,0.08063530667596729,0.006502052682727294,1,1,True
2025-09,Gold,0.10632497273718644,0.010766999165630115,0.09555797357155632,0.009131326313102256,1,1,True
2025-10,Gold,0.007146377525874881,0.01358654230457474,0.00644016477869986,4.147572237680621e-05,1,1,True
2025-11,Gold,0.05431857107903104,0.009094911453867106,0.045223659625163934,0.0020451793898926826,1,1,True
2025-12,Gold,0.10304014852634014,0.011210264169426512,0.09182988435691362,0.00843272766100413,1,1,True
2026-01,Gold,0.056175047338522965,0.014587229703196999,0.041587817635325965,0.0017295465756691293,1,1,True
2026-02,Gold,-0.03266932270916334,0.012909298306884306,0.04557862101604765,0.0020774106937245006,-1,1,False
2026-03,Gold,-0.027800658978583193,0.007468573360974335,0.035269232339557526,0.0012439187498216903,-1,1,False
2026-04,Gold,-0.028383816987926247,0.007455023697777367,0.035838840685703616,0.0012844225016952447,-1,1,False
2026-05,Gold,-0.07826466099847396,0.0071554555295356235,0.08542011652800958,0.007296596307658736,-1,1,False
2026-06,Gold,-0.036660359508041584,0.0030635639096447797,0.039723923417686366,0.0015779900916942113,-1,1,False
2010-01,Copper,-0.0678260574492271,0.015738518966077683,0.08356457641530478,0.006983038431469311,-1,1,False
2010-02,Copper,0.0872580287518987,-0.013190592811565935,0.10044862156346464,0.010089925574000133,1,-1,False
2010-03,Copper,0.035208921069410204,0.046844116207203135,0.01163519513779293,0.00013537776589452025,1,1,True
2010-04,Copper,-0.11470869927901561,0.026338719587558103,0.1410474188665737,0.019894374368922694,-1,1,False
2010-05,Copper,-0.049926934317797156,-0.006623681432047444,0.04330325288574971,0.0018751717104871907,-1,-1,True
2010-06,Copper,0.03830934120098162,0.02620093711904325,0.012108404081938366,0.00014661344941150167,1,1,True
2010-07,Copper,0.08178548382571615,0.03172554900936558,0.05005993481635057,0.002505997073817268,1,1,True
2010-08,Copper,0.05846141716599984,0.04460272606618731,0.013858691099812533,0.00019206331900002311,1,1,True
2010-09,Copper,0.07247097579409645,0.0304881103557283,0.04198286543836815,0.0017625609904161268,1,1,True
2010-10,Copper,0.020345403368782877,0.03253234059828571,0.012186937229502835,0.00014852143903584225,1,1,True
2010-11,Copper,0.0821000436243986,0.013206582230623282,0.06889346139377532,0.00474630902281561,1,1,True
2010-12,Copper,0.041554549711253275,0.04949091402494683,0.007936364313693559,6.298587851966863e-05,1,1,True
2011-01,Copper,0.03647647169890478,0.037863671114346506,0.0013871994154417283,1.924322218201873e-06,1,1,True
2011-02,Copper,-0.03821285220636461,0.00816645677211687,0.046379308978481484,0.0021510403013214534,-1,1,False
2011-03,Copper,-0.0021685696933235743,-0.04975757034490142,0.04758900065157785,0.002264712983015877,-1,-1,True
2011-04,Copper,-0.058113416466742285,-0.010115368153499085,0.0479980483132432,0.0023038126418804283,-1,-1,True
2011-05,Copper,0.015134593760663284,-0.04196303898642674,0.057097632747090024,0.003260139665321567,1,-1,False
2011-06,Copper,0.0643676543338525,-0.038635263014445295,0.10300291734829779,0.010609600982260266,1,-1,False
2011-07,Copper,-0.0676108040020954,0.01510089483829034,0.08271169884038575,0.006841225125062669,-1,1,False
2011-08,Copper,-0.07755647411100708,-0.04319580170257313,0.03436067240843395,0.001180655808359714,-1,-1,True
2011-09,Copper,-0.10914831368493139,-0.03155204711376608,0.0775962665711653,0.006021180585783346,-1,-1,True
2011-10,Copper,0.02526743822516564,-0.04368831396772595,0.06895575219289159,0.004754895760487473,1,-1,False
2011-11,Copper,-0.00292146957864281,0.010779146665031129,0.01370061624367394,0.0001877068854564222,-1,1,False
2011-12,Copper,0.06654980624321305,0.006520662540787079,0.06002914370242597,0.0036034980936465078,1,1,True
2012-01,Copper,0.04708203325157512,0.03943599281842441,0.0076460404331507095,5.846193430537549e-05,1,1,True
2012-02,Copper,0.0034704776385958702,0.02355384009071998,0.02008336245212411,0.0004033414473833885,1,1,True
2012-03,Copper,-0.02187020388330263,0.008055639269919777,0.029925843153222408,0.0008955560884312684,-1,1,False
2012-04,Copper,-0.04690314291076558,-0.00019330024655594621,0.04670984266420963,0.0021818094017152186,-1,-1,True
2012-05,Copper,-0.05934215676413879,-0.0068412898165374995,0.05250086694760129,0.0027563410302497335,-1,-1,True
2012-06,Copper,0.020997012906498247,-0.008663039155885384,0.029660052062383632,0.0008797186883433075,1,-1,False
2012-07,Copper,-0.009734572941872854,0.021423985210361825,0.03115855815223468,0.0009708557461261902,-1,1,False
2012-08,Copper,0.07686784139636083,0.012822030025154437,0.0640458113712064,0.00410186595419615,1,1,True
2012-09,Copper,-0.0031788711503053513,0.03842854242871081,0.041607413579016164,0.0017311768647352986,-1,1,False
2012-10,Copper,-0.04351326185284876,0.005205362948836896,0.04871862480168566,0.002373504402567421,-1,1,False
2012-11,Copper,0.03310232734039387,-0.004044191040480986,0.03714651838087485,0.001379863827820673,1,-1,False
2012-12,Copper,0.010952355283789794,0.022731269228849205,0.011778913945059411,0.00013874281372511506,1,1,True
2013-01,Copper,0.0008923015708401927,0.009947220423541122,0.00905491885270093,8.199155542899871e-05,1,1,True
2013-02,Copper,-0.05068276903705227,0.009858632274901647,0.060541401311953916,0.0036652612728150552,-1,1,False
2013-03,Copper,-0.0563502305151139,0.0001554444565598223,0.05650567497167372,0.003192891304004434,-1,1,False
2013-04,Copper,0.00381550522142593,-0.00843368923029928,0.01224919445172521,0.0001500427647161757,1,-1,False
2013-05,Copper,-0.03427873908673462,0.01759628056047395,0.05187501964720857,0.0026910176633982755,-1,1,False
2013-06,Copper,-0.013370431453529119,-0.00034141142807589744,0.013029020025453222,0.00016975536282366107,-1,-1,True
2013-07,Copper,0.04048403316908278,0.006237128209156819,0.03424690495992596,0.0011728504993342014,1,1,True
2013-08,Copper,-0.003754524596410014,0.023248850610737594,0.027003375207147608,0.0007291822725779941,-1,1,False
2013-09,Copper,0.006111335000873908,0.006265243942985518,0.00015390894211161042,2.368796246191505e-08,1,1,True
2013-10,Copper,-0.018376589995083403,0.007628142941328745,0.02600473293641215,0.0006762461350941188,-1,1,False
2013-11,Copper,0.02040054888161147,-0.0001343699921136192,0.020534918873725088,0.00042168289315047084,1,-1,False
2013-12,Copper,0.010612192697183609,0.011020996055252606,0.0004088033580689973,1.6712018556848882e-07,1,1,True
2014-01,Copper,-0.01950957610780979,0.01171903742477496,0.03122861353258475,0.0009752263031675354,-1,1,False
2014-02,Copper,-0.06982262531912231,-0.00042143782747491865,0.06940118749164739,0.004816524825250795,-1,-1,True
2014-03,Copper,0.003537843513192751,-0.021948211039696793,0.025486054552889544,0.0006495389766728619,1,-1,False
2014-04,Copper,0.03260065369883036,0.004113686409007252,0.028486967289823112,0.0008115073053714519,1,1,True
2014-05,Copper,-0.010155401746034687,0.015731452591156818,0.025886854337191505,0.0006701292274749706,-1,1,False
2014-06,Copper,0.04284290532542223,-0.00101309525727011,0.043856000582692345,0.0019233487871091113,1,-1,False
2014-07,Copper,-0.015680721114983975,0.01982638621271139,0.03550710732769537,0.001260754670780478,-1,1,False
2014-08,Copper,-0.018512510595838694,0.0032152970853776483,0.021727807681216342,0.00047209762663192386,-1,1,False
2014-09,Copper,-0.019606143055416303,0.009922567779716753,0.029528710835133056,0.0008719447635849043,-1,1,False
2014-10,Copper,-0.0036554122946269585,0.012936517607796323,0.01659192990242328,0.0002752921378869278,-1,1,False
2014-11,Copper,-0.03968472691146374,0.02389501082613854,0.06357973773760228,0.004042383050782288,-1,1,False
2014-12,Copper,-0.09554350676451795,0.009258036893044996,0.10480154365756295,0.010983363553008073,-1,1,False
2015-01,Copper,-0.01736730881136872,-0.0018987665865484137,0.015468542224820307,0.00023927579856104875,-1,-1,True
2015-02,Copper,0.03672287585173617,0.026279214429225674,0.010443661422510495,0.00010907006390803395,1,1,True
2015-03,Copper,0.017242883462695868,0.052929442345024065,0.0356865588823282,0.0012735304848618776,1,1,True
2015-04,Copper,0.0418214426370811,0.03454872899546661,0.007272713641614484,5.2892363712925406e-05,1,1,True
2015-05,Copper,-0.07335684843873547,0.038778004785059085,0.11213485322379455,0.012574225307521945,-1,1,False
2015-06,Copper,-0.0645055084209194,-0.00847088982586799,0.056034618595051405,0.003139878481092881,-1,-1,True
2015-07,Copper,-0.06037476519906537,-0.007999597446764662,0.05237516775230071,0.00274315819708164,-1,-1,True
2015-08,Copper,0.017543346400639592,-0.009798658270671747,0.02734200467131134,0.0007475852194460111,1,-1,False
2015-09,Copper,-0.00022216510788075627,0.019164389897428486,0.019386555005309242,0.00037583851497388084,-1,1,False
2015-10,Copper,-0.07978889832245695,0.006987089212726966,0.08677598753518391,0.007530072012706394,-1,1,False
2015-11,Copper,-0.03355721343677465,-0.019881812451128675,0.013675400985645972,0.00018701659211820681,-1,-1,True
2015-12,Copper,-0.036010311500736414,-0.0093915024589661,0.026618809041770313,0.000708560994802233,-1,-1,True
2016-01,Copper,0.028362606143303326,-0.0118066897107721,0.04016929585407543,0.0016135723294122414,1,-1,False
2016-02,Copper,0.07723591968603416,0.001599746359012204,0.07563617332702195,0.005720830715555307,1,1,True
2016-03,Copper,-0.016363107668719734,0.030765634509803217,0.04712874217852295,0.002221118339329688,-1,1,False
2016-04,Copper,-0.03657093645403231,-0.004560308737612886,0.032010627716419424,0.0010246802867991994,-1,-1,True
2016-05,Copper,-0.011198460105833918,-0.010973792676309765,0.00022466742952415367,5.0475453888990555e-08,-1,-1,True
2016-06,Copper,0.04802681820158261,-0.004489451648294842,0.05251626984987745,0.0027579585989451474,1,-1,False
2016-07,Copper,-0.023275750071409917,0.021255830528172582,0.044531580599582496,0.001983061670697112,-1,1,False
2016-08,Copper,-0.006201168488593867,-0.006207077318426255,5.90882983238835e-06,3.4914269988122535e-11,-1,-1,True
2016-09,Copper,0.001918036209608509,-0.0005846993956110345,0.0025027356052195436,6.263685509633635e-06,1,-1,False
2016-10,Copper,0.1521095064924609,0.0002736389632204696,0.15183586752924044,0.023054130668357053,1,1,True
2016-11,Copper,0.038418785778912,0.059777379757356294,0.021358593978444293,0.0004561895367360368,1,1,True
2016-12,Copper,0.016643762984536847,0.019565155023975822,0.0029213920394389747,8.534531448097413e-06,1,1,True
2017-01,Copper,0.032383534381639434,0.011494422741718354,0.02088911163992108,0.00043635498510508633,1,1,True
2017-02,Copper,-0.01957309844529631,0.01747290011835182,0.03704599856364813,0.0013724060095778195,-1,1,False
2017-03,Copper,-0.02416078729466775,-0.002004415911231735,0.022156371383436017,0.0004909047928807424,-1,-1,True
2017-04,Copper,-0.014838968445767486,-0.00480273186498734,0.010036236580780147,0.00010072604470538957,-1,-1,True
2017-05,Copper,0.02146630271822958,-0.002275710756753757,0.023742013474983337,0.0005636832038462904,1,-1,False
2017-06,Copper,0.046393138998718886,0.010487128606901219,0.035906010391817664,0.001289241582257318,1,1,True
2017-07,Copper,0.08362506215813026,0.019557691471397794,0.06406737068673246,0.004104627986711185,1,1,True
2017-08,Copper,0.014114548199543941,0.03330944018926197,0.01919489198971803,0.00036844387849694135,1,1,True
2017-09,Copper,0.03503569511602356,0.009198967716281595,0.025836727399741962,0.0006675364827285771,1,1,True
2017-10,Copper,0.002782651080259546,0.016801132556829017,0.01401848147656947,0.00019651782290892137,1,1,True
2017-11,Copper,0.0010765741392311234,0.005671622178624142,0.004595048039393018,2.1114466484329624e-05,1,1,True
2017-12,Copper,0.033942216673994885,0.004895962126612509,0.029046254547382376,0.0008436849032313313,1,1,True
2018-01,Copper,-0.008396336413126648,0.015968987797679777,0.024365324210806425,0.0005936690238977098,-1,1,False
2018-02,Copper,-0.029593333153229207,0.0013432599461909427,0.03093659309942015,0.0009570727925990905,-1,1,False
2018-03,Copper,0.0076970957626185665,-0.006062738014870455,0.013759833777489022,0.0001893330255841278,1,-1,False
2018-04,Copper,-0.003829620171632131,0.0065974694166889055,0.010427089588321036,0.00010872419728287296,-1,1,False
2018-05,Copper,0.02059746425662312,0.0029191643840072315,0.01767829987261589,0.00031252228638613104,1,1,True
2018-06,Copper,-0.10265888722544658,0.01140851374886909,0.11406740097431567,0.013011371965035311,-1,1,False
2018-07,Copper,-0.03194889340551854,-0.031237347257345616,0.0007115461481729257,5.062979209797271e-07,-1,-1,True
2018-08,Copper,-4.67612658970884e-05,-0.007802113617183351,0.007755352351286262,6.0145490092601357e-05,-1,-1,True
2018-09,Copper,0.02790135235381319,0.0027961248967692024,0.02510522745704399,0.0006302724456699154,1,1,True
2018-10,Copper,-0.00380515653880642,0.012209771019555945,0.016014927558362365,0.00025647790469959434,-1,1,False
2018-11,Copper,-0.01946517324690522,0.0016255734894886852,0.021090746736393905,0.00044481959789871014,-1,1,False
2018-12,Copper,-0.022420812590914108,-0.003659755655287095,0.01876105693562701,0.0003519772573418384,-1,-1,True
2019-01,Copper,0.06084846003279498,-0.004760007976861603,0.06560846800965658,0.004304471074574131,1,-1,False
2019-02,Copper,0.02205810037942091,0.022928419831744516,0.000870319452323607,7.574559490928632e-07,1,1,True
2019-03,Copper,-0.000171098971187722,0.010241601687346159,0.01041270065853388,0.0001084243350042319,-1,1,False
2019-04,Copper,-0.06530507378160799,0.0029246672750264926,0.06822974105663449,0.004655297564655394,-1,1,False
2019-05,Copper,-0.02254601348357288,-0.018739613892594133,0.003806399590978747,1.4488677846203173e-05,-1,-1,True
2019-06,Copper,0.010025228918294049,-0.004818680099915361,0.01484390901820941,0.00022034163494087867,1,-1,False
2019-07,Copper,-0.039008171006561065,0.005884898590928671,0.04489306959748974,0.0020153876978850575,-1,1,False
2019-08,Copper,0.008724063945887428,-0.010313801910376709,0.019037865856264137,0.0003624403363611078,1,-1,False
2019-09,Copper,-0.0003389632179612301,0.005293810063310037,0.005632773281271267,3.172813483820348e-05,-1,1,False
2019-10,Copper,0.017830336030261407,0.002329740252830756,0.01550059577743065,0.0002402684694553009,1,1,True
2019-11,Copper,0.03704980944099989,0.008290514916867185,0.028759294524132707,0.0008270970215258095,1,1,True
2019-12,Copper,-0.007545324585835456,0.014676483456326855,0.02222180804216231,0.0004938087526627096,-1,1,False
2020-01,Copper,-0.05694697128421411,0.0001480123828132428,0.05709498366702735,0.0032598371599381203,-1,1,False
2020-02,Copper,-0.08880808435992826,-0.016131891211870628,0.07267619314805764,0.005281829050493779,-1,-1,True
2020-03,Copper,-0.024053381091916237,-0.027290585700456636,0.003237204608540399,1.0479493677555198e-05,-1,-1,True
2020-04,Copper,0.03595399812206845,-0.0060409653496044,0.04199496347167285,0.0017635769569871369,1,-1,False
2020-05,Copper,0.09824164156067483,0.013745314147168498,0.08449632741350634,0.0071396293463704625,1,1,True
2020-06,Copper,0.10736904442721862,0.034759872346130066,0.07260917208108855,0.005272091870301129,1,1,True
2020-07,Copper,0.021331160812120276,0.03893923122455668,0.0176080704124364,0.00031004414364931823,1,1,True
2020-08,Copper,0.030192882816143962,0.009936684984699792,0.02025619783144417,0.00041031355058660353,1,1,True
2020-09,Copper,0.0013290822587010975,0.013003990762101653,0.011674908503400555,0.0001363034885627746,1,1,True
2020-10,Copper,0.052890342011106206,0.003334020664920598,0.04955632134618561,0.0024558289853664115,1,1,True
2020-11,Copper,0.09949641976718304,0.020723680202741675,0.07877273956444136,0.006205144498487305,1,1,True
2020-12,Copper,0.02572095737576352,0.03701264891405096,0.011291691538287442,0.00012750229779583222,1,1,True
2021-01,Copper,0.06256689304857943,0.012133259264989937,0.05043363378358949,0.0025435514166172193,1,1,True
2021-02,Copper,0.06106852676172392,0.024775956302568014,0.036292570459155904,0.0013171506705327957,1,1,True
2021-03,Copper,0.037445526695002895,0.024583808906528462,0.012861717788474433,0.00016542378447035968,1,1,True
2021-04,Copper,0.09023956769127128,0.016706937153644404,0.07353263053762688,0.0054070477537831365,1,1,True
2021-05,Copper,-0.052603778076258934,0.03512247772143011,0.08772625579768904,0.007695895956281571,-1,1,False
2021-06,Copper,-0.01875923225401488,-0.013383045142649909,0.00537618711136497,2.8903387856406823e-05,-1,-1,True
2021-07,Copper,-0.008537024219741562,-0.0022039279547004997,0.006333096265041063,4.010810830227706e-05,-1,-1,True
2021-08,Copper,-0.004848276856070255,0.001148277733820693,0.005996554589890948,3.5958666949542195e-05,-1,1,False
2021-09,Copper,0.05410458092074677,0.0023390214551012255,0.051765559465645546,0.0026796731467912853,1,1,True
2021-10,Copper,-0.010205744899825286,0.022088760462207528,0.032294505362032815,0.0010429350765783663,-1,1,False
2021-11,Copper,-0.018267683131661494,0.0007162641469727962,0.01898394727863429,0.0003603902542779663,-1,1,False
2021-12,Copper,0.024201983419849693,-0.0020327336864858535,0.026234717106335546,0.0006882603816494549,1,-1,False
2022-01,Copper,0.016441622464978378,0.01203233299281526,0.004409289472163118,1.9441833649328506e-05,1,1,True
2022-02,Copper,0.028936321953850763,0.009513056731283664,0.0194232652225671,0.00037726323190618455,1,1,True
2022-03,Copper,-0.005527014010356268,0.01370338657232802,0.019230400582684288,0.0003698083065705042,-1,1,False
2022-04,Copper,-0.07659659130000285,0.002331946379553652,0.0789285376795565,0.006229714060233171,-1,1,False
2022-05,Copper,-0.03485625374351764,-0.022494809397261374,0.012361444346256266,0.000152805306325591,-1,-1,True
2022-06,Copper,-0.16793312295375773,-0.008414744631342216,0.1595183783224155,0.02544611302261328,-1,-1,True
2022-07,Copper,0.05911383828790462,-0.07357062206939785,0.13268446035730247,0.01760516602030857,1,-1,False
2022-08,Copper,-0.030635285243702848,0.015364440096979008,0.045999725340681856,0.0021159747314181683,-1,1,False
2022-09,Copper,-0.012255146815191686,-0.01123859086977846,0.0010165559454132257,1.033385990154977e-06,-1,-1,True
2022-10,Copper,0.05212053168672948,-0.003722009427571775,0.05584254111430125,0.0031183893981024256,1,-1,False
2022-11,Copper,0.039905035066950534,0.014084607776371156,0.02582042729057938,0.0006666944654680964,1,1,True
2022-12,Copper,0.07600621858744261,0.011030216476754184,0.06497600211068842,0.004221880850288186,1,1,True
2023-01,Copper,-0.007855739168866283,0.022029770625955285,0.029885509794821567,0.0008931436956963758,-1,1,False
2023-02,Copper,-0.008982862297964744,-0.001127495110556256,0.007855367187408488,6.170679364901395e-05,-1,-1,True
2023-03,Copper,-0.0053242676617485385,-0.0008830184890612804,0.004441249172687258,1.9724694213895255e-05,-1,-1,True
2023-04,Copper,-0.06425148069420683,0.0009981335405743032,0.06524961423478114,0.004257512157787753,-1,1,False
2023-05,Copper,0.018604723566847836,-0.019173813897444988,0.03777853746429283,0.0014272178929409767,1,-1,False
2023-06,Copper,0.009546972084147232,0.007977599236670057,0.0015693728474771747,2.4629311343986152e-06,1,1,True
2023-07,Copper,-0.015200621142506865,0.005112651923961034,0.0203132730664679,0.00041262906267289023,-1,1,False
2023-08,Copper,-0.008518916432325718,-0.002601590957775895,0.005917325474549823,3.5014740771756294e-05,-1,-1,True
2023-09,Copper,-0.040518242886085076,-0.0008558206050370944,0.03966242228104798,0.0015731077412001711,-1,-1,True
2023-10,Copper,0.0312581152417124,-0.010336882203815272,0.04159499744552768,0.0017301438124934542,1,-1,False
2023-11,Copper,0.02665735519148682,0.012072779865446599,0.014584575326040222,0.00021270983744094124,1,1,True
2023-12,Copper,-0.0067271147099391415,0.011059463800120583,0.017786578510059724,0.0003163623750945184,-1,1,False
2024-01,Copper,-0.005554688402339969,-0.009981479879918657,0.004426791477578688,1.95964827859633e-05,-1,-1,True
2024-02,Copper,0.04670329733338652,-0.004475437119361923,0.05117873445274844,0.00261926286018494,1,-1,False
2024-03,Copper,0.08659729192807375,0.013779951169756388,0.07281734075831736,0.005302365115112907,1,1,True
2024-04,Copper,0.07109874379010206,0.02633345725415311,0.04476528653594895,0.0020039308786456126,1,1,True
2024-05,Copper,-0.04635651872865587,0.02392974605142783,0.07028626478008371,0.004940159016736036,-1,1,False
2024-06,Copper,-0.027243926905674343,-0.012286965153588496,0.014956961752085846,0.0002237107048533589,-1,-1,True
2024-07,Copper,-0.04306679109509326,-0.008502548264816204,0.03456424283027706,0.001194686882430359,-1,-1,True
2024-08,Copper,0.03095503840369629,-0.011808163982917041,0.04276320238661333,0.0018286914783584522,1,-1,False
2024-09,Copper,0.029685594146236838,0.011974580949849663,0.017711013196387175,0.00031367998844260064,1,1,True
2024-10,Copper,-0.04806634984885061,0.012928451591525744,0.060994801440376355,0.0037203658027509376,-1,1,False
2024-11,Copper,-0.01827064795738398,-0.013339703940927952,0.004930944016456027,2.4314208893423495e-05,-1,-1,True
2024-12,Copper,0.007494208644327038,-0.003867657680735685,0.011361866325062723,0.0001290920063885943,1,-1,False
2025-01,Copper,0.03946832771773634,0.003937814860413677,0.035530512857322664,0.0012624173439043712,1,1,True
2025-02,Copper,0.04338757025212603,0.013945391085934379,0.02944217916619165,0.0008668419140541296,1,1,True
2025-03,Copper,-0.0578407603509401,0.014917616848032809,0.0727583771989729,0.00529378145262802,-1,1,False
2025-04,Copper,0.03908392947428818,-0.014510814570218637,0.053594744044506815,0.0028723965891961985,1,-1,False
2025-05,Copper,0.031881311604433415,0.013020933600796574,0.01886037800363684,0.0003557138584400684,1,1,True
2025-06,Copper,-0.0065569104180082105,0.009395259907993343,0.015952170326001554,0.00025447173810976454,-1,1,False
2025-07,Copper,-0.010102237134808512,-0.00043419234914723794,0.009668044785661273,9.347108997755213e-05,-1,-1,True
2025-08,Copper,0.033385196116151095,-0.0029161318638202174,0.036301327979971314,0.0013177864131094482,1,-1,False
2025-09,Copper,0.07455347565134396,0.008807036199870347,0.06574643945147361,0.004322594300546286,1,1,True
2025-10,Copper,0.0067141795103933255,0.025971883555296907,0.01925770404490358,0.00037085916508109573,1,1,True
2025-11,Copper,0.0905413943535005,0.005881837658162031,0.08465955669533848,0.00716724053985123,1,1,True
2025-12,Copper,0.10140330494217831,0.03081164816823374,0.07059165677394456,0.004983182006090393,1,1,True
2026-01,Copper,-0.002715244919284987,0.03481150888407039,0.03752675380335538,0.0014082572510176474,-1,1,False
2026-02,Copper,-0.03263255318620939,0.0035988188748398214,0.03623137206104921,0.0013127123214261775,-1,1,False
2026-03,Copper,0.02889189668775627,-0.0053715448501121515,0.03426344153786842,0.0011739834260189271,1,-1,False
2026-04,Copper,0.048210652243837915,0.012871366192779874,0.035339286051058044,0.0012488651385985058,1,1,True
2026-05,Copper,0.0029517656584547858,0.018706798096661467,0.01575503243820668,0.00024822104712894476,1,1,True
2010-01,Wheat,-0.045645438016951756,-0.011978298894802725,0.03366713912214903,0.0011334762566701378,-1,-1,True
2010-02,Wheat,-0.023085704152767006,-0.002831688471839471,0.020254015680927537,0.00041022515120325853,-1,-1,True
2010-03,Wheat,0.002309480050954882,0.0002186827605927394,0.0020907972903621425,4.371433309385677e-06,1,1,True
2010-04,Wheat,0.009583844694856403,-0.007522098941819012,0.017105943636675416,0.00029261330770111616,1,-1,False
2010-05,Wheat,-0.05757505432604082,0.008536452164282244,0.06611150649032306,0.004370731290420028,-1,1,False
2010-06,Wheat,0.2246847250205204,0.001603507563964309,0.2230812174565561,0.049765229581899266,1,1,True
2010-07,Wheat,0.20323543748476802,0.019235638789573094,0.18399979869519492,0.03385592591987226,1,1,True
2010-08,Wheat,0.09348271933156083,0.04525338113247147,0.04822933819908936,0.00232606906312214,1,1,True
2010-09,Wheat,-0.024258897415465164,0.047114747982234154,0.07137364539769932,0.005094197257356525,-1,1,False
2010-10,Wheat,0.030863527880234498,0.009663711647835319,0.02119981623239918,0.00044943220828749575,1,1,True
2010-11,Wheat,0.13486878453038686,0.008699349545385433,0.12616943498500144,0.015918726324434505,1,1,True
2010-12,Wheat,0.07845237298346541,0.06089169786541597,0.017560675118049443,0.0003083773106016808,1,1,True
2011-01,Wheat,0.07301647452378068,0.04479931261130691,0.028217161912473775,0.0007962082263947606,1,1,True
2011-02,Wheat,-0.10146339483245015,0.02688512861554378,0.12834852344799394,0.01647334347128025,-1,1,False
2011-03,Wheat,0.07666591371131726,-0.022983860213480263,0.09964977392479751,0.009930077443263255,1,-1,False
2011-04,Wheat,-0.0001948160936080523,0.015988768109244725,0.016183584202852777,0.00026190839765082594,-1,1,False
2011-05,Wheat,-0.07127952072988242,0.002340941170623719,0.07362046190050614,0.005419972410443876,-1,1,False
2011-06,Wheat,-0.048495492331108836,-0.02297797558690161,0.025517516744207228,0.0006511436607908963,-1,-1,True
2011-07,Wheat,0.06345671112861195,-0.024224372599820347,0.08768108372843231,0.0076879724437923565,1,-1,False
2011-08,Wheat,-0.056627684339573325,-0.017210232493824754,0.039417451845748575,0.0015537355100119078,-1,-1,True
2011-09,Wheat,-0.07619659492450981,-0.009802945224839158,0.06639364969967065,0.004408116720442577,-1,-1,True
2011-10,Wheat,-0.028026983795813587,-0.01829757255132495,0.009729411244488638,9.466144316438195e-05,-1,-1,True
2011-11,Wheat,-0.034670148826560054,-0.01586995655759094,0.018800192268969115,0.00035344722935020604,-1,-1,True
2011-12,Wheat,0.032376060393805695,-0.007792902678254457,0.04016896307206015,0.001613545594284532,1,-1,False
2012-01,Wheat,0.009347908028646268,0.0038863474628735625,0.0054615605657727054,2.9828643813603476e-05,1,1,True
2012-02,Wheat,-0.0101100632133575,-0.005650531378850635,0.004459531834506866,1.988742418298017e-05,-1,-1,True
2012-03,Wheat,-0.0632759448521848,-0.0025567462320240774,0.060719198620160716,0.003686821081074527,-1,-1,True
2012-04,Wheat,0.0034781971954753743,-0.005319683889570565,0.00879788108504594,7.740271158660912e-05,1,-1,False
2012-05,Wheat,0.05717482556361775,0.0035855767449030785,0.05358924881871467,0.0028718075889541117,1,1,True
2012-06,Wheat,0.28425771928555865,0.01712063121099524,0.26713708807456343,0.07136222382495706,1,1,True
2012-07,Wheat,0.015452408930669792,0.05354047896577024,0.038088070035100445,0.0014507010789987164,1,1,True
2012-08,Wheat,0.003501310993157203,0.03173777994604201,0.028236468952884806,0.0007972981789272276,1,1,True
2012-09,Wheat,0.0055416593645278844,0.02047963676907641,0.014937977404548525,0.00022314316893880227,1,1,True
2012-10,Wheat,0.003304256828916552,0.025243077473575418,0.021938820644658866,0.00048131185127851003,1,1,True
2012-11,Wheat,-0.05140356642509958,0.028157415985207268,0.07956098241030685,0.006329949922093156,-1,1,False
2012-12,Wheat,-0.048931838210714895,0.011094928410588378,0.060026766621303275,0.003603212711008409,-1,1,False
2013-01,Wheat,-0.05735996438400548,-0.0007091599778720186,0.05665080440613346,0.0032093136398619903,-1,-1,True
2013-02,Wheat,-0.03068600195356508,-0.0019014395598003064,0.02878456239376477,0.000828551032200537,-1,-1,True
2013-03,Wheat,0.003145731065363311,0.006508465951444243,0.0033627348860809318,1.1307985914065737e-05,1,1,True
2013-04,Wheat,0.044951634317505595,0.00902343065057276,0.035928203666932834,0.001290835818732606,1,1,True
2013-05,Wheat,-0.0333071151984512,0.017391676009297877,0.050698791207749075,0.002570367429926935,-1,1,False
2013-06,Wheat,-0.035143170082929,0.00485504390044954,0.039998213983378536,0.0015998571218601382,-1,1,False
2013-07,Wheat,0.005643487285937221,0.007897376351499433,0.002253889065562212,5.080015919860902e-06,1,1,True
2013-08,Wheat,-0.0055086112365352324,0.008678131360518374,0.014186742597053607,0.0002012636655150553,-1,1,False
2013-09,Wheat,0.08019406392694095,0.007227223234901591,0.07296684069203936,0.005324159840577452,1,1,True
2013-10,Wheat,-0.06605019815059499,0.0132730079669604,0.07932320611755539,0.006292171028768177,-1,1,False
2013-11,Wheat,-0.05260321950562352,0.0005395657077083248,0.05314278521333185,0.0028241556202303225,-1,1,False
2013-12,Wheat,-0.06554813024313955,-0.0022127900315826263,0.06333534021155691,0.004011365319713659,-1,-1,True
2014-01,Wheat,0.05573485600794381,-0.003937768719678932,0.05967262472762275,0.0035608221418836935,1,-1,False
2014-02,Wheat,0.13515010145834583,0.007307482941966017,0.12784261851637982,0.01634373510912462,1,1,True
2014-03,Wheat,0.0027932960893852776,0.019524711886224646,0.01673141579683937,0.00027994027456672597,1,1,True
2014-04,Wheat,0.04171942263864281,0.004477514663807592,0.03724190797483522,0.001386959709606095,1,1,True
2014-05,Wheat,-0.09121847462777277,0.012274788193708907,0.10349326282148168,0.010710855449436282,-1,1,False
2014-06,Wheat,-0.0882858949262586,0.0002978017533220075,0.0885836966795806,0.00784707131741994,-1,1,False
2014-07,Wheat,-0.039370813787953596,-0.0021725362563598995,0.037198277531593694,0.0013837118513174683,-1,-1,True
2014-08,Wheat,-0.07849125753989417,0.0041665766427839345,0.0826578341826781,0.006832317551771107,-1,1,False
2014-09,Wheat,-0.0021128511061397903,0.002703801332681251,0.004816652438821041,2.3200140716400685e-05,-1,1,False
2014-10,Wheat,0.02497563977639916,0.015022969963350643,0.009952669813048518,9.905563640756722e-05,1,1,True
2014-11,Wheat,0.08737025008414934,0.025096702649032188,0.06227354743511715,0.0038779947101537857,1,1,True
2014-12,Wheat,-0.0929810837718672,0.04395654180971503,0.13693762558158223,0.018751913299921603,-1,1,False
2015-01,Wheat,-0.052949320260547994,0.029487952155928424,0.08243727241647641,0.0067959038834683435,-1,1,False
2015-02,Wheat,0.0047058003346343025,0.027440358676754074,0.022734558342119772,0.0005168601430112478,1,1,True
2015-03,Wheat,-0.03335216749850767,0.04116343319484415,0.07451560069335181,0.005552574746691052,-1,1,False
2015-04,Wheat,-0.013855152705841478,0.02384335868204993,0.037698511387891404,0.001421177760862978,-1,1,False
2015-05,Wheat,0.034256225850787025,0.017292625833944395,0.01696360001684263,0.00028776372553142326,1,1,True
2015-06,Wheat,-0.0030923526953612335,0.023360345934568847,0.02645269862993008,0.0006997452648059047,-1,1,False
2015-07,Wheat,-0.1290041838331576,0.019943285287163392,0.14894746912032097,0.02218534855734897,-1,1,False
2015-08,Wheat,-0.05445195119491775,-0.011069372801325831,0.043382578393591914,0.001882048108076148,-1,-1,True
2015-09,Wheat,0.00842486936120257,-0.00624953957415486,0.01467440893535743,0.000215338277602098,1,-1,False
2015-10,Wheat,-0.04621960993855201,0.003917150010910454,0.05013675994946246,0.002513694698230023,-1,1,False
2015-11,Wheat,0.03858622994652405,-0.006853437077822848,0.0454396670243469,0.002064763339283519,1,-1,False
2015-12,Wheat,0.004381942321411314,0.007270741922538182,0.002888799601126868,8.345163135470751e-06,1,1,True
2016-01,Wheat,-0.032366071428572285,0.0019850317515847406,0.03435110318015702,0.001179998289693794,-1,1,False
2016-02,Wheat,0.029988465974625456,-0.002976553247653645,0.0329650192222791,0.0010866924923252307,1,-1,False
2016-03,Wheat,-0.004106009705113878,0.0072620883824357114,0.01136809808754959,0.00012923365412814862,-1,1,False
2016-04,Wheat,-0.035660741058042955,0.002278507828908076,0.03793924888695103,0.0014393866061060147,-1,1,False
2016-05,Wheat,-0.005491898440259657,-0.0021824739408808965,0.0033094244993787606,1.095229051708836e-05,-1,-1,True
2016-06,Wheat,-0.14668514176081826,0.0012537095162488804,0.14793885127706713,0.021885903717178187,-1,1,False
2016-07,Wheat,-0.04345436515048362,-0.02174632741854223,0.02170803773194139,0.00047123890217139105,-1,-1,True
2016-08,Wheat,-0.03636558295564074,-0.008157260778790584,0.028208322176850157,0.0007957094400329763,-1,-1,True
2016-09,Wheat,-0.005600511073252767,-0.008471471403510664,0.002870960330257896,8.242413217914528e-06,-1,-1,True
2016-10,Wheat,-7.1006477370128e-05,-0.004115097185454353,0.004044090708084225,1.6354669655213168e-05,-1,-1,True
2016-11,Wheat,0.002419651780548815,-0.0027405123815977704,0.005160164162146585,2.662729418030197e-05,1,-1,False
2016-12,Wheat,0.11640079760717792,-0.0021639196826216847,0.1185647172897996,0.014057592186010104,1,-1,False
2017-01,Wheat,0.07448796136355673,0.019518373773918227,0.054969587589638505,0.0030216555597749393,1,1,True
2017-02,Wheat,-0.006310624215451255,0.015819563663651337,0.022130187879102592,0.0004897452155643793,-1,1,False
2017-03,Wheat,-0.0547963296852213,0.003548517017573552,0.058344846702794856,0.003404121136772632,-1,1,False
2017-04,Wheat,0.05803599781523383,-0.00527818876381175,0.06331418657904558,0.004008686222166196,1,-1,False
2017-05,Wheat,0.073791058394161,0.013269014698697713,0.06052204369546329,0.0036629177730755674,1,1,True
2017-06,Wheat,0.10993096123207735,0.017344032036783873,0.09258692919529347,0.008572339457814286,1,1,True
2017-07,Wheat,-0.20329519450800937,0.024704949258525455,0.22800014376653482,0.05198406555756055,-1,1,False
2017-08,Wheat,-0.004584099264706376,-0.02536699531089336,0.020782896046186983,0.00043192876806661453,-1,-1,True
2017-09,Wheat,-0.0366212850948715,0.0009757348713845177,0.03759701996625602,0.001413535910343054,-1,1,False
2017-10,Wheat,0.0352578401784549,-0.0030637530174932835,0.03832159319594819,0.0014685445050757425,1,-1,False
2017-11,Wheat,0.06561085972850655,0.005806346645721424,0.05980451308278513,0.003576579785069018,1,1,True
2017-12,Wheat,0.06311739133020544,0.010185378630899848,0.05293201269930559,0.0028017979683994487,1,1,True
2018-01,Wheat,0.1016770500877382,0.010319427295667,0.0913576227920712,0.008346215242218367,1,1,True
2018-02,Wheat,0.05008846057224137,0.019535113860668068,0.0305533467115733,0.0009335069952776069,1,1,True
2018-03,Wheat,-0.0029980657640239494,0.013103422250705394,0.016101488014729343,0.0002592579162884727,-1,1,False
2018-04,Wheat,0.06834275434527703,0.005516540285400159,0.06282621405987687,0.003947133173097471,1,1,True
2018-05,Wheat,0.0019480144285133338,0.017084203322319733,0.015136188893806399,0.00022910421422898817,1,1,True
2018-06,Wheat,0.01930222020842809,0.006874742555093679,0.01242747765333441,0.00015444220082412615,1,1,True
2018-07,Wheat,0.07360535592800987,0.008974937242255262,0.06463041868575461,0.0041770910194959395,1,1,True
2018-08,Wheat,-0.09535444539065763,0.01676688653553386,0.11212133192619149,0.012571193072903207,-1,1,False
2018-09,Wheat,-0.014035539531290775,-0.007930189127292143,0.006105350403998632,3.727530355560626e-05,-1,-1,True
2018-10,Wheat,-0.03666113173753194,0.0024208207982980385,0.039081952535829974,0.0015273990140128669,-1,1,False
2018-11,Wheat,0.03846518013539679,-0.001651583087318157,0.04011676322271495,0.0016093546914673748,1,-1,False
2018-12,Wheat,0.0016395471137788942,0.008638645298780372,0.006999098185001478,4.898737540329098e-05,1,1,True
2019-01,Wheat,-0.0578688916305401,0.0037169428217650154,0.061585834452305116,0.003792815005186732,-1,1,False
2019-02,Wheat,-0.07537267080745336,-0.005314111830375209,0.07005855897707815,0.004908201685944737,-1,-1,True
2019-03,Wheat,-0.03329078919378825,-0.008207542026480288,0.025083247167307962,0.000629169288456263,-1,-1,True
2019-04,Wheat,-0.0047059882575345435,-0.0031404986547947096,0.001565489602739834,2.450757696286523e-06,-1,-1,True
2019-05,Wheat,0.1037142555661068,0.0008888724806291382,0.10282538308547767,0.010573059406675238,1,1,True
2019-06,Wheat,-0.06194131875065645,0.016743110116647444,0.0786844288673039,0.006191239346173807,-1,1,False
2019-07,Wheat,-0.08856502242152509,-0.005921072211963365,0.08264395020956172,0.006830022506240517,-1,-1,True
2019-08,Wheat,-0.01869618696186981,-0.010456760777975123,0.008239426183894687,6.788814383984936e-05,-1,-1,True
2019-09,Wheat,0.04537478064677902,-0.001202640300090191,0.046577420946869216,0.002169456142061851,1,-1,False
2019-10,Wheat,0.028110844657607492,0.007960306714898169,0.020150537942709323,0.0004060441793805681,1,1,True
2019-11,Wheat,0.04904755734093591,0.0062850746093659204,0.04276248273156999,0.0018286299293678217,1,1,True
2019-12,Wheat,0.078588633897138,0.0088069431771579,0.0697816907199801,0.004869484359738956,1,1,True
2020-01,Wheat,-0.03372202962496085,0.014618699197905906,0.04834072882286675,0.0023368260631259404,-1,1,False
2020-02,Wheat,-0.007875181185309166,0.0001372720369164854,0.00801245322222565,6.41994066383542e-05,-1,1,False
2020-03,Wheat,0.0519197024914948,0.0034798469696639407,0.04843985552183086,0.002346419602975848,1,1,True
2020-04,Wheat,-0.026657256886985392,0.011562790008622335,0.03822004689560773,0.001460771984702454,-1,1,False
2020-05,Wheat,-0.02990845130927111,0.0008215975197291103,0.030730048829000222,0.0009443359010327379,-1,1,False
2020-06,Wheat,0.005018697106869974,-0.0005244520347450427,0.005543149141615016,3.0726502406187294e-05,1,-1,False
2020-07,Wheat,0.02115417791516805,0.003381767802215035,0.017772410112953014,0.00031585856122299453,1,1,True
2020-08,Wheat,0.17197388247111967,0.0059667941284036775,0.166007088342716,0.027558353380026313,1,1,True
2020-09,Wheat,-0.0034830173683346732,0.027949647013876696,0.03143266438221137,0.0009880123901647394,-1,1,False
2020-10,Wheat,0.036021087200760915,0.004506703342266279,0.031514383858494636,0.0009931563899805472,1,1,True
2020-11,Wheat,0.031119733633956148,0.010145650282994776,0.020974083350961372,0.000439912172413075,1,1,True
2020-12,Wheat,0.09494024917365862,0.01029741636876016,0.08464283280489845,0.0071644091452379936,1,1,True
2021-01,Wheat,0.012028608582574485,0.02019420881757191,0.008165600234997426,6.667702719779003e-05,1,1,True
2021-02,Wheat,-0.04534281205044732,0.009773610188897804,0.055116422239345125,0.003037820000465778,-1,1,False
2021-03,Wheat,0.04371091035441266,-0.0003362167174525404,0.0440471270718652,0.00194014940328504,1,-1,False
2021-04,Wheat,0.1605046306424558,0.011357656233486687,0.1491469744089691,0.022244819975349682,1,1,True
2021-05,Wheat,-0.14250459858100917,0.028288164449251363,0.17079276303026053,0.02917016790351073,-1,1,False
2021-06,Wheat,0.02035867508727085,-0.00888042852914132,0.02923910361641217,0.0008549251802912873,1,-1,False
2021-07,Wheat,0.12826121020605363,0.006961182212627724,0.1213000279934259,0.014713696791205908,1,1,True
2021-08,Wheat,-0.01870851633884818,0.02007492865572466,0.03878344499457284,0.001504155605647057,-1,1,False
2021-09,Wheat,0.0901011935651268,0.005156685135117925,0.08494450843000888,0.007215569512415849,1,1,True
2021-10,Wheat,0.07958369532877185,0.016054187710872407,0.06352950761789944,0.004035998338172743,1,1,True
2021-11,Wheat,0.02073021855317525,0.014981950113350774,0.005748268439824476,3.304259005628212e-05,1,1,True
2021-12,Wheat,0.006369306369306438,0.011973208817180581,0.005603902447874143,3.140372264528982e-05,1,1,True
2022-01,Wheat,0.06569384190658623,0.010005119306646208,0.05568872259994002,0.00310123382481307,1,1,True
2022-02,Wheat,0.11557241204932778,0.015241074434062512,0.10033133761526526,0.010066377307668342,1,1,True
2022-03,Wheat,0.04736530756141999,0.023589292088173994,0.023776015473245996,0.000565298911784033,1,1,True
2022-04,Wheat,0.09390925281599283,0.017227143513439,0.07668210930255383,0.005880145887088812,1,1,True
2022-05,Wheat,-0.1047023758896044,0.02431943013906146,0.12902180602866586,0.01664662643089868,-1,1,False
2022-06,Wheat,-0.19030994779635846,-0.02151827914681402,0.16879166864954442,0.0284906274054976,-1,-1,True
2022-07,Wheat,0.0032351601720299605,-0.04831828708180989,0.05155344725383985,0.0026577579237544472,1,-1,False
2022-08,Wheat,0.07214923358992253,-0.008570828696328685,0.08072006228625123,0.006515728455496277,1,-1,False
2022-09,Wheat,0.021340608540790118,0.00465131186908449,0.016689296671705628,0.00027853262339620457,1,1,True
2022-10,Wheat,-0.0265272944476187,0.0038993393140001223,0.03042663376161882,0.0009257800420636824,-1,1,False
2022-11,Wheat,-0.06004423360111821,-0.007781947183884923,0.05226228641723329,0.002731346581556927,-1,-1,True
2022-12,Wheat,-0.010992553148356454,-0.012396177152034674,0.00140362400367822,1.9701603437016758e-06,-1,-1,True
2023-01,Wheat,0.03847263978033011,-0.008991038810658384,0.04746367859098849,0.002252800785388659,1,-1,False
2023-02,Wheat,-0.06913836432314324,0.004302365335617462,0.07344072965876071,0.005393540772811175,-1,1,False
2023-03,Wheat,0.01092728206493776,-0.006498761727686325,0.017426043792624087,0.00030366700226245246,1,-1,False
2023-04,Wheat,-0.042744103081394313,0.0031680438583741887,0.0459121469397685,0.002107925236618894,-1,1,False
2023-05,Wheat,-0.05731786203988665,-0.006986434624716662,0.05033142741516999,0.002533252585648525,-1,-1,True
2023-06,Wheat,-0.012962967554460247,-0.004511404875457827,0.00845156267900242,7.142891171710655e-05,-1,-1,True
2023-07,Wheat,-0.1335296948432918,-0.0007865135570801329,0.13274318128621168,0.017620752177984058,-1,-1,True
2023-08,Wheat,-0.04980313006650572,-0.015386544194271325,0.034416585872234395,0.0011845013831008843,-1,-1,True
2023-09,Wheat,-0.05635263876494079,-0.00845370264991378,0.047898936115027005,0.0022943080809514384,-1,-1,True
2023-10,Wheat,-0.0021420199652426586,-0.009476110324739332,0.0073340903594966735,5.378888140126204e-05,-1,-1,True
2023-11,Wheat,0.06311632666112432,-0.0018434588810247706,0.0649597855421491,0.004219773737682003,1,-1,False
2023-12,Wheat,-0.015480676975087038,0.007428927861105311,0.022909604836192348,0.0005248499937504878,-1,1,False
2024-01,Wheat,-0.03025702345019754,-0.0296788039356966,0.0005782195145009397,3.3433780694970244e-07,-1,-1,True
2024-02,Wheat,-0.03373981219067812,-0.01750209026400511,0.01623772192667301,0.0002636636133679574,-1,-1,True
2024-03,Wheat,-0.016329853179147702,-0.01376229684612858,0.0025675563330191213,6.592345523226597e-06,-1,-1,True
2024-04,Wheat,0.09141439643495497,-0.016823538544125407,0.10823793497908038,0.011715450568535632,1,-1,False
2024-05,Wheat,-0.09763285538563271,0.001290362418275304,0.09892321780390802,0.009785803020679424,-1,1,False
2024-06,Wheat,-0.10720091434084889,-0.016219073620605828,0.09098184072024305,0.008277695340843678,-1,-1,True
2024-07,Wheat,-0.04210747003327153,-0.02871002482214741,0.013397445211124123,0.00017949153818507267,-1,-1,True
2024-08,Wheat,0.07403974579876915,-0.013161800634829877,0.08720154643359904,0.007604109700411129,1,-1,False
2024-09,Wheat,0.047037049798433594,0.004860044603533977,0.042177005194899614,0.001778899767210589,1,1,True
2024-10,Wheat,-0.05896055136784173,0.009114063509448603,0.06807461487729033,0.004634153190691398,-1,1,False
2024-11,Wheat,0.000320690692785508,-0.01600051108506796,0.01632120177785347,0.00026638162747340727,1,-1,False
2024-12,Wheat,0.026024965508798292,-0.00632959262475357,0.03235455813355186,0.001046817432017387,1,-1,False
2025-01,Wheat,-0.002764522596072627,-0.002227864953629864,0.0005366576424427633,2.8800142519222483e-07,-1,-1,True
2025-02,Wheat,-0.055212804674917404,-0.00402649155756125,0.05118631311735616,0.002620038650548027,-1,-1,True
2025-03,Wheat,-0.02666829030686846,-0.014318998607267874,0.012349291699600584,0.0001525050054818239,-1,-1,True
2025-04,Wheat,0.12598523708244747,-0.004566918683827428,0.13055215576627488,0.0170438653752217,1,-1,False
2025-05,Wheat,-0.12012893333333363,0.006002762831329281,0.1261316961646629,0.01590920477737484,-1,1,False
2025-06,Wheat,-0.04577587023142138,-0.028772364993445754,0.017003505237975624,0.00028911919037786447,-1,-1,True
2025-07,Wheat,-0.03605496098874439,-0.014262977922299089,0.0217919830664453,0.00047489052596823875,-1,-1,True
2025-08,Wheat,-0.026318853186423574,-0.021638987323948308,0.004679865862475267,2.1901144490761372e-05,-1,-1,True
2025-09,Wheat,0.014680660700230996,-0.03648570010592102,0.051166360806152014,0.002617996478145329,1,-1,False
2025-10,Wheat,0.07504150183750324,-0.005901007871384592,0.08094250970888783,0.006551689877973401,1,-1,False
2025-11,Wheat,-0.02113799173270714,-0.0013566239463375569,0.01978136778636958,0.0003913025114996202,-1,-1,True
2025-12,Wheat,0.021879592912010137,-0.00576495562439353,0.02764454853640367,0.0007642210637815783,1,-1,False
2026-01,Wheat,0.03250789116617847,-0.00820216509097993,0.0407100562571584,0.001657308680461002,1,-1,False
2026-02,Wheat,0.10943838331077504,0.005765876901616106,0.10367250640915894,0.010747988585157102,1,1,True
2026-03,Wheat,0.04520582139344653,0.007704901115815039,0.037500920277631494,0.001406319021669273,1,1,True
2026-04,Wheat,0.09002625737058367,-0.004835949076856782,0.09486220644744045,0.008998838212076813,1,-1,False
2026-05,Wheat,-0.09614191846579712,0.011727897199901173,0.10786981566569828,0.011635897131751727,-1,1,False
