Commodity,Date,Actual_Return,Baseline_Prediction,GeoPrice_Prediction,Baseline_MAE,GeoPrice_MAE,Baseline_R2,GeoPrice_R2,Baseline_Directional_Accuracy,GeoPrice_Directional_Accuracy
Brent,2010-01,-0.0352388648867062,0.005871242407044,0.0053458308596187,0.0623732720283099,0.0629821729556991,,,0.5532994923857868,0.5431472081218274
Brent,2010-02,0.0759932673204417,-0.0105520345893477,-0.0210913378770675,0.0623732720283099,0.0629821729556991,,,0.5532994923857868,0.5431472081218274
Brent,2010-03,0.0708915347886554,0.0215939563671215,0.0315869767568522,0.0623732720283099,0.0629821729556991,,,0.5532994923857868,0.5431472081218274
Brent,2010-04,-0.1059695635022306,0.0307989437610675,0.0436330231351916,0.0623732720283099,0.0629821729556991,,,0.5532994923857868,0.5431472081218274
Brent,2010-05,-0.0116378511342171,-0.012401527644134,-0.0191995358268774,0.0623732720283099,0.0629821729556991,,,0.5532994923857868,0.5431472081218274
Brent,2010-06,-0.0006826062268187,-0.0053025230990691,-0.0146904031067356,0.0623732720283099,0.0629821729556991,,,0.5532994923857868,0.5431472081218274
Brent,2010-07,0.0225655719372057,-0.0106844725196476,-0.0132030791466904,0.0623732720283099,0.0629821729556991,,,0.5532994923857868,0.5431472081218274
Brent,2010-08,0.0136082571735969,0.0110033700582708,0.0140981627763524,0.0623732720283099,0.0629821729556991,,,0.5532994923857868,0.5431472081218274
Brent,2010-09,0.0692906799261485,0.0176560958943124,0.0271649802913586,0.0623732720283099,0.0629821729556991,,,0.5532994923857868,0.5431472081218274
Brent,2010-10,0.029546194758667,0.0433465922469956,0.0435973623610525,0.0623732720283099,0.0629821729556991,,,0.5532994923857868,0.5431472081218274
Brent,2010-11,0.0717835157499919,0.0223905463173052,0.0243679010428517,0.0623732720283099,0.0629821729556991,,,0.5532994923857868,0.5431472081218274
Brent,2010-12,0.0542886140972267,0.0354929928192189,0.0216980382937845,0.0623732720283099,0.0629821729556991,,,0.5532994923857868,0.5431472081218274
Brent,2011-01,0.0751515225933201,0.0237929432771582,0.0110667850742225,0.0623732720283099,0.0629821729556991,,,0.5532994923857868,0.5431472081218274
Brent,2011-02,0.1024467092710255,0.0326871416521674,0.0388496174968663,0.0623732720283099,0.0629821729556991,,,0.5532994923857868,0.5431472081218274
Brent,2011-03,0.0731684115513713,0.0377378215394017,0.024302185461436,0.0623732720283099,0.0629821729556991,,,0.5532994923857868,0.5431472081218274
Brent,2011-04,-0.0680812503685728,0.0351759171211176,0.0120348578636112,0.0623732720283099,0.0629821729556991,,,0.5532994923857868,0.5431472081218274
Brent,2011-05,-0.0048646403923359,-0.0182029144331143,-0.0161747960540545,0.0623732720283099,0.0629821729556991,,,0.5532994923857868,0.5431472081218274
Brent,2011-06,0.0272175082301666,-0.0096762581456423,0.0115799012278584,0.0623732720283099,0.0629821729556991,,,0.5532994923857868,0.5431472081218274
Brent,2011-07,-0.0606771234896095,-0.0037500169487636,0.0020951850403922,0.0623732720283099,0.0629821729556991,,,0.5532994923857868,0.5431472081218274
Brent,2011-08,0.0145706839886876,-0.0148666341186915,0.0008284015233763,0.0623732720283099,0.0629821729556991,,,0.5532994923857868,0.5431472081218274
Brent,2011-09,-0.0136938738502575,0.0123911104791307,0.0096044923468832,0.0623732720283099,0.0629821729556991,,,0.5532994923857868,0.5431472081218274
Brent,2011-10,0.0066025146986075,0.0053770989875252,0.0006866795180778,0.0623732720283099,0.0629821729556991,,,0.5532994923857868,0.5431472081218274
Brent,2011-11,-0.0252873657222071,0.014680868237581,0.0202643953889745,0.0623732720283099,0.0629821729556991,,,0.5532994923857868,0.5431472081218274
Brent,2011-12,0.028309525307826,0.002266483236748,0.0007998939349914,0.0623732720283099,0.0629821729556991,,,0.5532994923857868,0.5431472081218274
Brent,2012-01,0.0695661651098531,0.020856532265961,0.0140342429479932,0.0623732720283099,0.0629821729556991,,,0.5532994923857868,0.5431472081218274
Brent,2012-02,0.0464686303913788,0.0310371092184122,0.0333691083100153,0.0623732720283099,0.0629821729556991,,,0.5532994923857868,0.5431472081218274
Brent,2012-03,-0.0339460610103262,0.0345980459996535,0.0307857285564401,0.0623732720283099,0.0629821729556991,,,0.5532994923857868,0.5431472081218274
Brent,2012-04,-0.0800848849253466,0.0060546460930816,0.0009783549753182,0.0623732720283099,0.0629821729556991,,,0.5532994923857868,0.5431472081218274
Brent,2012-05,-0.1347485414400293,-0.0206711704239712,-0.0232354394255277,0.0623732720283099,0.0629821729556991,,,0.5532994923857868,0.5431472081218274
Brent,2012-06,0.0739448144658536,-0.0509231102843377,-0.0450070872639702,0.0623732720283099,0.0629821729556991,,,0.5532994923857868,0.5431472081218274
Brent,2012-07,0.1048838318365914,0.0171191936062451,0.0287565464546389,0.0623732720283099,0.0629821729556991,,,0.5532994923857868,0.5431472081218274
Brent,2012-08,-0.0012210779724487,0.0461952965393884,0.0427345947060543,0.0623732720283099,0.0629821729556991,,,0.5532994923857868,0.5431472081218274
Brent,2012-09,-0.0162695080964945,0.0285671679023385,0.0311434597233661,0.0623732720283099,0.0629821729556991,,,0.5532994923857868,0.5431472081218274
Brent,2012-10,-0.0168239254435356,0.0125076654513882,0.022545340083846,0.0623732720283099,0.0629821729556991,,,0.5532994923857868,0.5431472081218274
Brent,2012-11,-0.003118596056737,0.0011538879628918,-0.0034536734773034,0.0623732720283099,0.0629821729556991,,,0.5532994923857868,0.5431472081218274
Brent,2012-12,0.0270037801021694,-0.0010182614198248,-0.0074889027428354,0.0623732720283099,0.0629821729556991,,,0.5532994923857868,0.5431472081218274
Brent,2013-01,0.0351928411909714,0.0133468538548431,0.0196658131456136,0.0623732720283099,0.0629821729556991,,,0.5532994923857868,0.5431472081218274
Brent,2013-02,-0.0592531910092515,0.0217845576158516,0.015203227496063,0.0623732720283099,0.0629821729556991,,,0.5532994923857868,0.5431472081218274
Brent,2013-03,-0.060461478294877,-0.0094700864802531,-0.0136956574344982,0.0623732720283099,0.0629821729556991,,,0.5532994923857868,0.5431472081218274
Brent,2013-04,0.0001984730245601,-0.0136805962081121,-0.0030207892364338,0.0623732720283099,0.0629821729556991,,,0.5532994923857868,0.5431472081218274
Brent,2013-05,0.0036712334550674,0.0038716044919198,-0.0072369128000893,0.0623732720283099,0.0629821729556991,,,0.5532994923857868,0.5431472081218274
Brent,2013-06,0.0427740845444861,0.0074488066467087,0.0021147676231708,0.0623732720283099,0.0629821729556991,,,0.5532994923857868,0.5431472081218274
Brent,2013-07,0.0304196495335413,0.0243574005571855,0.0305340038285294,0.0623732720283099,0.0629821729556991,,,0.5532994923857868,0.5431472081218274
Brent,2013-08,0.0081459583604239,0.0218870778198956,0.0290296578731682,0.0623732720283099,0.0629821729556991,,,0.5532994923857868,0.5431472081218274
Brent,2013-09,-0.0209369566881649,0.012479642337416,0.00676806461212,0.0623732720283099,0.0629821729556991,,,0.5532994923857868,0.5431472081218274
Brent,2013-10,-0.0133938782336585,-0.0011111374129584,-0.0186615319872056,0.0623732720283099,0.0629821729556991,,,0.5532994923857868,0.5431472081218274
Brent,2013-11,0.0269992186611882,9.841115974798878e-05,0.0130935173862888,0.0623732720283099,0.0629821729556991,,,0.5532994923857868,0.5431472081218274
Brent,2013-12,-0.0283018381132936,0.0134738725865571,0.0283408556498582,0.0623732720283099,0.0629821729556991,,,0.5532994923857868,0.5431472081218274
Brent,2014-01,0.0084412968513327,-0.0030211598300625,0.0010239606827123,0.0623732720283099,0.0629821729556991,,,0.5532994923857868,0.5431472081218274
Brent,2014-02,-0.0089114533701906,0.010177222158541,0.0106954313426743,0.0623732720283099,0.0629821729556991,,,0.5532994923857868,0.5431472081218274
Brent,2014-03,0.0012565450909467,0.0036476219910635,0.0089771671617717,0.0623732720283099,0.0629821729556991,,,0.5532994923857868,0.5431472081218274
Brent,2014-04,0.0169312481061236,0.0072631487761834,-0.020484493681997,0.0623732720283099,0.0629821729556991,,,0.5532994923857868,0.5431472081218274
Brent,2014-05,0.0219305272837315,0.0118300654849676,-0.0003709542584845,0.0623732720283099,0.0629821729556991,,,0.5532994923857868,0.5431472081218274
Brent,2014-06,-0.0425721947643692,0.0146708482015645,0.0305299416049082,0.0623732720283099,0.0629821729556991,,,0.5532994923857868,0.5431472081218274
Brent,2014-07,-0.0470926957308467,-0.007524874706629,-0.0122319431848442,0.0623732720283099,0.0629821729556991,,,0.5532994923857868,0.5431472081218274
Brent,2014-08,-0.0444247350647903,-0.0101009204597876,-0.0398767074228203,0.0623732720283099,0.0629821729556991,,,0.5532994923857868,0.5431472081218274
Brent,2014-09,-0.1049326365264571,-0.0106418945089929,-0.0339768189871012,0.0623732720283099,0.0629821729556991,,,0.5532994923857868,0.5431472081218274
Brent,2014-10,-0.0953965102137058,-0.0316685260007205,-0.0469404399863611,0.0623732720283099,0.0629821729556991,,,0.5532994923857868,0.5431472081218274
Brent,2014-11,-0.2060543983809281,-0.0298547664294561,-0.019089031529487,0.0623732720283099,0.0629821729556991,,,0.5532994923857868,0.5431472081218274
Brent,2014-12,-0.2220963776234409,-0.0759200000193323,-0.0715260719396597,0.0623732720283099,0.0629821729556991,,,0.5532994923857868,0.5431472081218274
Brent,2015-01,0.1904805253917678,-0.0949078622998694,-0.0920257486042631,0.0623732720283099,0.0629821729556991,,,0.5532994923857868,0.5431472081218274
Brent,2015-02,-0.0296881681164304,0.0651202396965901,0.0518973396932369,0.0623732720283099,0.0629821729556991,,,0.5532994923857868,0.5431472081218274
Brent,2015-03,0.0584138829470706,-0.0055467495917689,-0.0242430747373187,0.0623732720283099,0.0629821729556991,,,0.5532994923857868,0.5431472081218274
Brent,2015-04,0.0897170672125464,0.0349280626316149,0.0218490782823653,0.0623732720283099,0.0629821729556991,,,0.5532994923857868,0.5431472081218274
Brent,2015-05,-0.039479354598377,0.0382671436058328,0.0309176274950796,0.0623732720283099,0.0629821729556991,,,0.5532994923857868,0.5431472081218274
Brent,2015-06,-0.0924694152444698,-0.0009735709571276,0.0062325344135627,0.0623732720283099,0.0629821729556991,,,0.5532994923857868,0.5431472081218274
Brent,2015-07,-0.1635725288064853,-0.0275308257023162,-0.0210657205382037,0.0623732720283099,0.0629821729556991,,,0.5532994923857868,0.5431472081218274
Brent,2015-08,0.01044824781814,-0.0547562316739095,-0.0626867590492967,0.0623732720283099,0.0629821729556991,,,0.5532994923857868,0.5431472081218274
Brent,2015-09,0.0182365355314335,-0.0036081943447137,0.002307793900986,0.0623732720283099,0.0629821729556991,,,0.5532994923857868,0.5431472081218274
Brent,2015-10,-0.0779269865464262,0.0039807430188767,-0.0016563761764424,0.0623732720283099,0.0629821729556991,,,0.5532994923857868,0.5431472081218274
Brent,2015-11,-0.1456921169826913,-0.017493283285112,-0.0164397872763363,0.0623732720283099,0.0629821729556991,,,0.5532994923857868,0.5431472081218274
Brent,2015-12,-0.1682009793805569,-0.0457641798297336,-0.0774589589836247,0.0623732720283099,0.0629821729556991,,,0.5532994923857868,0.5431472081218274
Brent,2016-01,0.0535849617356414,-0.060625402308025,-0.0952447232840331,0.0623732720283099,0.0629821729556991,,,0.5532994923857868,0.5431472081218274
Brent,2016-02,0.1785950158304017,0.0113420690027208,-0.009478479838759,0.0623732720283099,0.0629821729556991,,,0.5532994923857868,0.5431472081218274
Brent,2016-03,0.0889195519994672,0.0596403401070256,0.0534654691733379,0.0623732720283099,0.0629821729556991,,,0.5532994923857868,0.5431472081218274
Brent,2016-04,0.1016495593116029,0.0309812456802881,0.0255065994193,0.0623732720283099,0.0629821729556991,,,0.5532994923857868,0.5431472081218274
Brent,2016-05,0.0448784482512356,0.0357494020399548,0.0365945524335638,0.0623732720283099,0.0629821729556991,,,0.5532994923857868,0.5431472081218274
Brent,2016-06,-0.0657353764434781,0.0146709277035505,0.01455737728952,0.0623732720283099,0.0629821729556991,,,0.5532994923857868,0.5431472081218274
Brent,2016-07,0.0097342573080239,-0.0259637019074602,-0.0280754218746451,0.0623732720283099,0.0629821729556991,,,0.5532994923857868,0.5431472081218274
Brent,2016-08,0.0068996656642192,0.0017187402766946,-0.0044454000879338,0.0623732720283099,0.0629821729556991,,,0.5532994923857868,0.5431472081218274
Brent,2016-09,0.0852102673188934,0.0022086017234239,0.0003336642953196,0.0623732720283099,0.0629821729556991,,,0.5532994923857868,0.5431472081218274
Brent,2016-10,-0.0869715128669086,0.0292235754728722,0.0260595015521023,0.0623732720283099,0.0629821729556991,,,0.5532994923857868,0.5431472081218274
Brent,2016-11,0.1721359890774936,-0.0272735512136852,-0.0254126997371017,0.0623732720283099,0.0629821729556991,,,0.5532994923857868,0.5431472081218274
Brent,2016-12,0.0125072284180089,0.054083447299814,0.0557003783195472,0.0623732720283099,0.0629821729556991,,,0.5532994923857868,0.5431472081218274
Brent,2017-01,0.0069123070395873,0.0052995949006772,0.0019757777593548,0.0623732720283099,0.0629821729556991,,,0.5532994923857868,0.5431472081218274
Brent,2017-02,-0.0613373967608322,0.0037049129206326,-0.0001991306157384,0.0623732720283099,0.0629821729556991,,,0.5532994923857868,0.5431472081218274
Brent,2017-03,0.0251215866960621,-0.016793402501439,-0.0231264462411698,0.0623732720283099,0.0629821729556991,,,0.5532994923857868,0.5431472081218274
Brent,2017-04,-0.0482354324708778,0.0090195005879245,0.0072671515226512,0.0623732720283099,0.0629821729556991,,,0.5532994923857868,0.5431472081218274
Brent,2017-05,-0.0724412223383966,-0.0126285716890256,-0.0197371814744522,0.0623732720283099,0.0629821729556991,,,0.5532994923857868,0.5431472081218274
Brent,2017-06,0.0335889707098071,-0.0198243751497956,-0.0242944491668221,0.0623732720283099,0.0629821729556991,,,0.5532994923857868,0.5431472081218274
Brent,2017-07,0.0543007462159554,0.0113770890100367,0.001072174806302,0.0623732720283099,0.0629821729556991,,,0.5532994923857868,0.5431472081218274
Brent,2017-08,0.0699007301900951,0.0177390774002612,0.0148735199229159,0.0623732720283099,0.0629821729556991,,,0.5532994923857868,0.5431472081218274
Brent,2017-09,0.0356160797144418,0.0223836555579503,0.0118020625527794,0.0623732720283099,0.0629821729556991,,,0.5532994923857868,0.5431472081218274
Brent,2017-10,0.0921156580818456,0.0123833620692363,0.0085407362048018,0.0623732720283099,0.0629821729556991,,,0.5532994923857868,0.5431472081218274
Brent,2017-11,0.0195415839947088,0.0290400114933093,0.0295810690980314,0.0623732720283099,0.0629821729556991,,,0.5532994923857868,0.5431472081218274
Brent,2017-12,0.0753125499910318,0.0069588981631315,0.0086206065913715,0.0623732720283099,0.0629821729556991,,,0.5532994923857868,0.5431472081218274
Brent,2018-01,-0.0463444728454669,0.024437139858746,0.0264600814199623,0.0623732720283099,0.0629821729556991,,,0.5532994923857868,0.5431472081218274
Brent,2018-02,0.018194548900142,-0.011719839952584,-0.008461558531698,0.0623732720283099,0.0629821729556991,,,0.5532994923857868,0.5431472081218274
Brent,2018-03,0.07536106953076,0.0075677511860754,0.0122510670554313,0.0623732720283099,0.0629821729556991,,,0.5532994923857868,0.5431472081218274
Brent,2018-04,0.0695299878509894,0.0244967955556244,0.021643732907285,0.0623732720283099,0.0629821729556991,,,0.5532994923857868,0.5431472081218274
Brent,2018-05,-0.0147072239539562,0.0234217492298316,0.0234349324982374,0.0623732720283099,0.0629821729556991,,,0.5532994923857868,0.5431472081218274
Brent,2018-06,-0.0075691900726764,-0.000987634828214,-0.0019487326431813,0.0623732720283099,0.0629821729556991,,,0.5532994923857868,0.5431472081218274
Brent,2018-07,-0.0183145448737348,0.0010538555450653,0.0004047361848055,0.0623732720283099,0.0629821729556991,,,0.5532994923857868,0.5431472081218274
Brent,2018-08,0.0719241955044802,-0.0021553727800342,-0.0024786909068291,0.0623732720283099,0.0629821729556991,,,0.5532994923857868,0.5431472081218274
Brent,2018-09,0.0204701471756953,0.0238937905601674,0.0260075067511653,0.0623732720283099,0.0629821729556991,,,0.5532994923857868,0.5431472081218274
Brent,2018-10,-0.1801710227211569,0.0093503404796932,0.0138210611405274,0.0623732720283099,0.0629821729556991,,,0.5532994923857868,0.5431472081218274
Brent,2018-11,-0.1250296183070386,-0.0478742058571608,-0.0456567085093975,0.0623732720283099,0.0629821729556991,,,0.5532994923857868,0.5431472081218274
Brent,2018-12,0.0344564797582471,-0.0344166899861247,-0.0337470855781744,0.0623732720283099,0.0629821729556991,,,0.5532994923857868,0.5431472081218274
Brent,2019-01,0.07405510868698,0.0124102476365961,0.0128615378718887,0.0623732720283099,0.0629821729556991,,,0.5532994923857868,0.5431472081218274
Brent,2019-02,0.039728888573322,0.0245303403552558,0.0258014369027805,0.0623732720283099,0.0629821729556991,,,0.5532994923857868,0.5431472081218274
Brent,2019-03,0.0677304349962943,0.0149373288005645,0.0155421472858515,0.0623732720283099,0.0629821729556991,,,0.5532994923857868,0.5431472081218274
Brent,2019-04,-0.0152048245338749,0.0236067766265995,0.0255448471704532,0.0623732720283099,0.0629821729556991,,,0.5532994923857868,0.5431472081218274
Brent,2019-05,-0.1020133419809136,-0.0015950989514333,-0.000159643550701,0.0623732720283099,0.0629821729556991,,,0.5532994923857868,0.5431472081218274
Brent,2019-06,0.0176190530236199,-0.0275511713525172,-0.0274455117020504,0.0623732720283099,0.0629821729556991,,,0.5532994923857868,0.5431472081218274
Brent,2019-07,-0.0731317337194005,0.0074329407304797,0.0086484080324778,0.0623732720283099,0.0629821729556991,,,0.5532994923857868,0.5431472081218274
Brent,2019-08,0.0471797441147852,-0.0182721162969552,-0.0182427332617674,0.0623732720283099,0.0629821729556991,,,0.5532994923857868,0.5431472081218274
Brent,2019-09,-0.0448439103738622,0.0159246963091985,0.0156001393204291,0.0623732720283099,0.0629821729556991,,,0.5532994923857868,0.5431472081218274
Brent,2019-10,0.0512375563851299,-0.0097767525686432,-0.0096053988534013,0.0623732720283099,0.0629821729556991,,,0.5532994923857868,0.5431472081218274
Brent,2019-11,0.0424574362147476,0.016858661741198,0.0166339649677477,0.0623732720283099,0.0629821729556991,,,0.5532994923857868,0.5431472081218274
Brent,2019-12,-0.0221809716151063,0.0142702702824386,0.0151751468063166,0.0623732720283099,0.0629821729556991,,,0.5532994923857868,0.5431472081218274
Brent,2020-01,-0.1284485632829137,-0.0034682736080603,-0.0029591462833185,0.0623732720283099,0.0629821729556991,,,0.5532994923857868,0.5431472081218274
Brent,2020-02,-0.3904352098674341,-0.0332593669317817,-0.0318556786327645,0.0623732720283099,0.0629821729556991,,,0.5532994923857868,0.5431472081218274
Brent,2020-03,-0.2091077071394143,-0.121619567697255,-0.1148746279670646,0.0623732720283099,0.0629821729556991,,,0.5532994923857868,0.5431472081218274
Brent,2020-04,0.2075987962015693,-0.0694254871683998,-0.0660472014592869,0.0623732720283099,0.0629821729556991,,,0.5532994923857868,0.5431472081218274
Brent,2020-05,0.2602545940554668,0.0705357858426187,0.0765365738191925,0.0623732720283099,0.0629821729556991,,,0.5532994923857868,0.5431472081218274
Brent,2020-06,0.0595979084312312,0.1058117395338312,0.1140085531221642,0.0623732720283099,0.0629821729556991,,,0.5532994923857868,0.5431472081218274
Brent,2020-07,0.0412460907238974,0.0298740234488233,0.0368416083138459,0.0623732720283099,0.0629821729556991,,,0.5532994923857868,0.5431472081218274
Brent,2020-08,-0.0699758301716663,0.0206514316394008,0.0293552841993479,0.0623732720283099,0.0629821729556991,,,0.5532994923857868,0.5431472081218274
Brent,2020-09,-0.0076323464044493,-0.0267958642717988,-0.0180507898848104,0.0623732720283099,0.0629821729556991,,,0.5532994923857868,0.5431472081218274
Brent,2020-10,0.0587207079259299,-0.0125956569266827,-0.0085576115526404,0.0623732720283099,0.0629821729556991,,,0.5532994923857868,0.5431472081218274
Brent,2020-11,0.1436312490746683,0.0148416154293216,0.0198850462115194,0.0623732720283099,0.0629821729556991,,,0.5532994923857868,0.5431472081218274
Brent,2020-12,0.0962306125208416,0.0462203412364553,0.0532093139898667,0.0623732720283099,0.0629821729556991,,,0.5532994923857868,0.5431472081218274
Brent,2021-01,0.1292488704169974,0.0309196000090721,0.0406057129595077,0.0623732720283099,0.0629821729556991,,,0.5532994923857868,0.5431472081218274
Brent,2021-02,0.0550585200484543,0.0419908790480074,0.0468962206828451,0.0623732720283099,0.0629821729556991,,,0.5532994923857868,0.5431472081218274
Brent,2021-03,-0.0040164816317751,0.0154488044702847,0.0223776381859814,0.0623732720283099,0.0629821729556991,,,0.5532994923857868,0.5431472081218274
Brent,2021-04,0.0433899133628621,-0.004710299359879,0.0005403880689008,0.0623732720283099,0.0629821729556991,,,0.5532994923857868,0.5431472081218274
Brent,2021-05,0.0751366915948914,0.012896928735358,0.0138184681306764,0.0623732720283099,0.0629821729556991,,,0.5532994923857868,0.5431472081218274
Brent,2021-06,0.0121129303521962,0.025645296573096,0.0243443671429328,0.0623732720283099,0.0629821729556991,,,0.5532994923857868,0.5431472081218274
Brent,2021-07,-0.0512746888879385,0.0054654703021443,0.0124657341899293,0.0623732720283099,0.0629821729556991,,,0.5532994923857868,0.5431472081218274
Brent,2021-08,0.0589526961762849,-0.0144071957207649,-0.0012173170456563,0.0623732720283099,0.0629821729556991,,,0.5532994923857868,0.5431472081218274
Brent,2021-09,0.1219498069889377,0.0219998433264465,0.0223556541316088,0.0623732720283099,0.0629821729556991,,,0.5532994923857868,0.5431472081218274
Brent,2021-10,-0.0354709962953346,0.0426524118177005,0.0459000848482381,0.0623732720283099,0.0629821729556991,,,0.5532994923857868,0.5431472081218274
Brent,2021-11,-0.0767976111742396,-0.0087295917810827,-0.0034714772277146,0.0623732720283099,0.0629821729556991,,,0.5532994923857868,0.5431472081218274
Brent,2021-12,0.1465502805686782,-0.0214810510305971,-0.0189739680488002,0.0623732720283099,0.0629821729556991,,,0.5532994923857868,0.5431472081218274
Brent,2022-01,0.10096214274194,0.0502871260703168,0.0431394854387199,0.0623732720283099,0.0629821729556991,,,0.5532994923857868,0.5431472081218274
Brent,2022-02,0.1927822037404394,0.0360325057044495,0.0165323469715977,0.0623732720283099,0.0629821729556991,,,0.5532994923857868,0.5431472081218274
Brent,2022-03,-0.0558901255272652,0.0658157068946281,0.0578518237177076,0.0623732720283099,0.0629821729556991,,,0.5532994923857868,0.5431472081218274
Brent,2022-04,0.0561243652120937,-0.0098705668431584,-0.0889575163578676,0.0623732720283099,0.0629821729556991,,,0.5532994923857868,0.5431472081218274
Brent,2022-05,0.0497628218122845,0.0260947284252883,0.0203627036697905,0.0623732720283099,0.0629821729556991,,,0.5532994923857868,0.5431472081218274
Brent,2022-06,-0.1056978661140506,0.020162920133576,0.0175903791379147,0.0623732720283099,0.0629821729556991,,,0.5532994923857868,0.5431472081218274
Brent,2022-07,-0.0723003049149307,-0.0266307496740115,-0.0276595645928722,0.0623732720283099,0.0629821729556991,,,0.5532994923857868,0.5431472081218274
Brent,2022-08,-0.072046726622622,-0.0169247492481341,-0.0195208683237508,0.0623732720283099,0.0629821729556991,,,0.5532994923857868,0.5431472081218274
Brent,2022-09,0.0343279111000269,-0.019297600882621,-0.0224302690146276,0.0623732720283099,0.0629821729556991,,,0.5532994923857868,0.5431472081218274
Brent,2022-10,-0.0296625847210425,0.0160112495852569,0.0130083824734065,0.0623732720283099,0.0629821729556991,,,0.5532994923857868,0.5431472081218274
Brent,2022-11,-0.103756279209257,-0.0040715823594699,-0.0059805751268327,0.0623732720283099,0.0629821729556991,,,0.5532994923857868,0.5431472081218274
Brent,2022-12,0.0316384747946258,-0.0266464739086037,-0.0298592891001603,0.0623732720283099,0.0629821729556991,,,0.5532994923857868,0.5431472081218274
Brent,2023-01,-0.0053438209536166,0.0149592211864379,0.013219551065416,0.0623732720283099,0.0629821729556991,,,0.5532994923857868,0.5431472081218274
Brent,2023-02,-0.0523238963425648,0.0033194057757554,0.0013533516383082,0.0623732720283099,0.0629821729556991,,,0.5532994923857868,0.5431472081218274
Brent,2023-03,0.0539952822425804,-0.0128573214042192,-0.0140555023803505,0.0623732720283099,0.0629821729556991,,,0.5532994923857868,0.5431472081218274
Brent,2023-04,-0.0932365530508064,0.0202754539014946,0.019052935056229,0.0623732720283099,0.0629821729556991,,,0.5532994923857868,0.5431472081218274
Brent,2023-05,-0.0101969360402712,-0.0231063532010747,-0.02388664816258,0.0623732720283099,0.0629821729556991,,,0.5532994923857868,0.5431472081218274
Brent,2023-06,0.0684767938519188,0.0011855613526063,-0.0001604103846236,0.0623732720283099,0.0629821729556991,,,0.5532994923857868,0.5431472081218274
Brent,2023-07,0.0631540806049311,0.0249849667655687,0.0237504129892264,0.0623732720283099,0.0629821729556991,,,0.5532994923857868,0.5431472081218274
Brent,2023-08,0.088120532075465,0.0215185059234162,0.0213350051752247,0.0623732720283099,0.0629821729556991,,,0.5532994923857868,0.5431472081218274
Brent,2023-09,-0.0402014897554786,0.0275079585768394,0.0292168259138295,0.0623732720283099,0.0629821729556991,,,0.5532994923857868,0.5431472081218274
Brent,2023-10,-0.0760150241459487,-0.0077000802232092,-0.0203518585953073,0.0623732720283099,0.0629821729556991,,,0.5532994923857868,0.5431472081218274
Brent,2023-11,-0.0565228956468379,-0.0177506397611639,-0.031467368642618,0.0623732720283099,0.0629821729556991,,,0.5532994923857868,0.5431472081218274
Brent,2023-12,0.0202350831511459,-0.0159020522452141,-0.0281107651819391,0.0623732720283099,0.0629821729556991,,,0.5532994923857868,0.5431472081218274
Brent,2024-01,0.033949112447406,0.0091575412736135,-0.0055635110676108,0.0623732720283099,0.0629821729556991,,,0.5532994923857868,0.5431472081218274
Brent,2024-02,0.0387026913739803,0.0133808109521987,0.0051731789237836,0.0623732720283099,0.0629821729556991,,,0.5532994923857868,0.5431472081218274
Brent,2024-03,0.0472345739778019,0.0133378585052455,0.0081526936269371,0.0623732720283099,0.0629821729556991,,,0.5532994923857868,0.5431472081218274
Brent,2024-04,-0.0665429913782686,0.0160034372759977,0.0106097726487517,0.0623732720283099,0.0629821729556991,,,0.5532994923857868,0.5431472081218274
Brent,2024-05,-0.0016424637741854,-0.0159527120975519,-0.0196990122593522,0.0623732720283099,0.0629821729556991,,,0.5532994923857868,0.5431472081218274
Brent,2024-06,0.0136424235194487,0.0027482983709925,0.0010850120414662,0.0623732720283099,0.0629821729556991,,,0.5532994923857868,0.5431472081218274
Brent,2024-07,-0.059846964304525,0.0065544161386364,0.0062059647346139,0.0623732720283099,0.0629821729556991,,,0.5532994923857868,0.5431472081218274
Brent,2024-08,-0.0754381192885341,-0.0152945101640544,-0.0215779833586834,0.0623732720283099,0.0629821729556991,,,0.5532994923857868,0.5431472081218274
Brent,2024-09,0.0302350763726861,-0.0195746959505435,-0.0237268417812535,0.0623732720283099,0.0629821729556991,,,0.5532994923857868,0.5431472081218274
Brent,2024-10,-0.0233563378503387,0.0124814426635586,0.0076781118577524,0.0623732720283099,0.0629821729556991,,,0.5532994923857868,0.5431472081218274
Brent,2024-11,-0.0038205633763004,-0.003848181421915,-0.0071800844462747,0.0623732720283099,0.0629821729556991,,,0.5532994923857868,0.5431472081218274
Brent,2024-12,0.0678183791264621,0.0003315912927894,-0.0064569189644916,0.0623732720283099,0.0629821729556991,,,0.5532994923857868,0.5431472081218274
Brent,2025-01,-0.038377834369405,0.0229170270368006,0.0215266627540588,0.0623732720283099,0.0629821729556991,,,0.5532994923857868,0.5431472081218274
Brent,2025-02,-0.0459028291007331,-0.0081100480379003,-0.0117569827056553,0.0623732720283099,0.0629821729556991,,,0.5532994923857868,0.5431472081218274
Brent,2025-03,-0.0671042651368821,-0.0100384265183268,-0.0154823497221988,0.0623732720283099,0.0629821729556991,,,0.5532994923857868,0.5431472081218274
Brent,2025-04,-0.0423526215702255,-0.0190244642329253,-0.0221769241511588,0.0623732720283099,0.0629821729556991,,,0.5532994923857868,0.5431472081218274
Brent,2025-05,0.0897752309627148,-0.0121997495280579,-0.0170835527399959,0.0623732720283099,0.0629821729556991,,,0.5532994923857868,0.5431472081218274
Brent,2025-06,-0.0040357553398541,0.0303530249559721,0.0232871888092996,0.0623732720283099,0.0629821729556991,,,0.5532994923857868,0.5431472081218274
Brent,2025-07,-0.0333573513405888,0.0024671861216458,0.0003824368664224,0.0623732720283099,0.0629821729556991,,,0.5532994923857868,0.5431472081218274
Brent,2025-08,0.0054250735349501,-0.006327552304061,-0.0085676218370965,0.0623732720283099,0.0629821729556991,,,0.5532994923857868,0.5431472081218274
Brent,2025-09,-0.0536582656634571,0.0029131154380747,0.0014080453305031,0.0623732720283099,0.0629821729556991,,,0.5532994923857868,0.5431472081218274
Brent,2025-10,-0.0044982569636511,-0.0140900816622973,-0.0187856320158431,0.0623732720283099,0.0629821729556991,,,0.5532994923857868,0.5431472081218274
Brent,2025-11,-0.0295570334349801,4.186766311449312e-05,0.0004021934026575,0.0623732720283099,0.0629821729556991,,,0.5532994923857868,0.5431472081218274
Brent,2025-12,0.0450273561595482,-0.0075161024452555,-0.0095876957606441,0.0623732720283099,0.0629821729556991,,,0.5532994923857868,0.5431472081218274
Brent,2026-01,0.0745487555152102,0.014750747031963,0.0137507657003974,0.0623732720283099,0.0629821729556991,,,0.5532994923857868,0.5431472081218274
Brent,2026-02,0.4321526592181186,0.024083292649666,0.0246651423792247,0.0623732720283099,0.0629821729556991,,,0.5532994923857868,0.5431472081218274
Brent,2026-03,0.0342903914655843,0.1379229673830394,0.1032004274187344,0.0623732720283099,0.0629821729556991,,,0.5532994923857868,0.5431472081218274
Brent,2026-04,0.0100059158019281,0.0103638367274541,-0.0160686670395907,0.0623732720283099,0.0629821729556991,,,0.5532994923857868,0.5431472081218274
Brent,2026-05,-0.1863849182014537,0.0035315963875306,-0.0087923381739202,0.0623732720283099,0.0629821729556991,,,0.5532994923857868,0.5431472081218274
Natural_Gas,2010-01,-0.087384782215796,0.0537211926003945,0.0006070234219372,0.0933679887044685,0.0963088035016481,,,0.4974619289340101,0.5025380710659898
Natural_Gas,2010-02,-0.192726787413304,0.0313078938039492,-0.0213611682811691,0.0933679887044685,0.0963088035016481,,,0.4974619289340101,0.5025380710659898
Natural_Gas,2010-03,-0.0601305675781305,-0.0188542675474347,-0.0003469472934776,0.0933679887044685,0.0963088035016481,,,0.4974619289340101,0.5025380710659898
Natural_Gas,2010-04,0.0260715550832446,-0.0224974156760044,0.0286388154941272,0.0933679887044685,0.0963088035016481,,,0.4974619289340101,0.5025380710659898
Natural_Gas,2010-05,0.1603102069510962,-0.016134969185795,-0.0807021532718039,0.0933679887044685,0.0963088035016481,,,0.4974619289340101,0.5025380710659898
Natural_Gas,2010-06,-0.0360873308899437,0.0029870952265818,0.0041219848738714,0.0933679887044685,0.0963088035016481,,,0.4974619289340101,0.5025380710659898
Natural_Gas,2010-07,-0.0677492072697338,0.0011324691237549,-0.0250264537631001,0.0933679887044685,0.0963088035016481,,,0.4974619289340101,0.5025380710659898
Natural_Gas,2010-08,-0.0972949651837137,-0.0031146617437025,-0.0167645516985879,0.0933679887044685,0.0963088035016481,,,0.4974619289340101,0.5025380710659898
Natural_Gas,2010-09,-0.1183518767575498,-0.008118474266675,0.0161499904461289,0.0933679887044685,0.0963088035016481,,,0.4974619289340101,0.5025380710659898
Natural_Gas,2010-10,0.0815975592844264,-0.0122421657098823,-0.0173923763989257,0.0933679887044685,0.0963088035016481,,,0.4974619289340101,0.5025380710659898
Natural_Gas,2010-11,0.1431648588352951,-0.0040278775631968,0.045932421752703,0.0933679887044685,0.0963088035016481,,,0.4974619289340101,0.5025380710659898
Natural_Gas,2010-12,0.0580080753701208,0.0031720348582561,-0.0050267144966599,0.0933679887044685,0.0963088035016481,,,0.4974619289340101,0.5025380710659898
Natural_Gas,2011-01,-0.0890237615409851,0.0011432317302731,-0.0459224710200783,0.0933679887044685,0.0963088035016481,,,0.4974619289340101,0.5025380710659898
Natural_Gas,2011-02,-0.0293079826646163,-0.0065953457605538,0.0618342971106709,0.0933679887044685,0.0963088035016481,,,0.4974619289340101,0.5025380710659898
Natural_Gas,2011-03,0.0662926882661998,-0.0045766935119243,0.054679214035515,0.0933679887044685,0.0963088035016481,,,0.4974619289340101,0.5025380710659898
Natural_Gas,2011-04,0.0184888499137112,0.000397427002457,-0.0620123582438501,0.0933679887044685,0.0963088035016481,,,0.4974619289340101,0.5025380710659898
Natural_Gas,2011-05,0.0518281668656988,-0.0012113154329976,0.024900276629554,0.0933679887044685,0.0963088035016481,,,0.4974619289340101,0.5025380710659898
Natural_Gas,2011-06,-0.0253199428986451,0.0010082491163999,0.0960760318051188,0.0933679887044685,0.0963088035016481,,,0.4974619289340101,0.5025380710659898
Natural_Gas,2011-07,-0.0833435741145821,-0.0025611388324851,-0.0194616132571208,0.0933679887044685,0.0963088035016481,,,0.4974619289340101,0.5025380710659898
Natural_Gas,2011-08,-0.0404332904332903,-0.0061534987020277,-0.0007273300476903,0.0933679887044685,0.0963088035016481,,,0.4974619289340101,0.5025380710659898
Natural_Gas,2011-09,-0.0838535928510221,-0.0049601608075245,-0.0187901552772121,0.0933679887044685,0.0963088035016481,,,0.4974619289340101,0.5025380710659898
Natural_Gas,2011-10,-0.0841261357562802,-0.0080798377377154,-0.0356743182661328,0.0933679887044685,0.0963088035016481,,,0.4974619289340101,0.5025380710659898
Natural_Gas,2011-11,-0.0309873949579831,-0.0094847741621614,0.0703119761206707,0.0933679887044685,0.0963088035016481,,,0.4974619289340101,0.5025380710659898
Natural_Gas,2011-12,-0.1535280036133695,-0.0072365936959603,0.0209180530090416,0.0933679887044685,0.0963088035016481,,,0.4974619289340101,0.5025380710659898
Natural_Gas,2012-01,-0.0643976886903451,-0.0162955996887037,0.0202508531501775,0.0933679887044685,0.0963088035016481,,,0.4974619289340101,0.5025380710659898
Natural_Gas,2012-02,-0.1362246338572358,-0.0128090653731574,0.0351012179931537,0.0933679887044685,0.0963088035016481,,,0.4974619289340101,0.5025380710659898
Natural_Gas,2012-03,-0.0993172268907565,-0.0198039011596845,-0.0100557023362151,0.0933679887044685,0.0963088035016481,,,0.4974619289340101,0.5025380710659898
Natural_Gas,2012-04,0.2483526736252845,-0.0201141552193031,-0.0006907303152093,0.0933679887044685,0.0963088035016481,,,0.4974619289340101,0.5025380710659898
Natural_Gas,2012-05,0.0106235319239804,0.005222139473613,-0.0037067256692568,0.0933679887044685,0.0963088035016481,,,0.4974619289340101,0.5025380710659898
Natural_Gas,2012-06,0.2015126864226222,-0.0067952329185052,-0.0324737577250844,0.0933679887044685,0.0963088035016481,,,0.4974619289340101,0.5025380710659898
Natural_Gas,2012-07,-0.0384078378210355,0.0059144772659503,-0.0161240258503191,0.0933679887044685,0.0963088035016481,,,0.4974619289340101,0.5025380710659898
Natural_Gas,2012-08,0.0040687352505728,-0.0066040926259058,-0.0419232273816916,0.0933679887044685,0.0963088035016481,,,0.4974619289340101,0.5025380710659898
Natural_Gas,2012-09,0.1637475228062292,-0.0045873698598044,-0.0247028007565449,0.0933679887044685,0.0963088035016481,,,0.4974619289340101,0.5025380710659898
Natural_Gas,2012-10,0.0663937647367041,0.0038096817123977,-0.01099015288353,0.0933679887044685,0.0963088035016481,,,0.4974619289340101,0.5025380710659898
Natural_Gas,2012-11,-0.0568625512077977,-0.0001170251322136,-0.0277008818073103,0.0933679887044685,0.0963088035016481,,,0.4974619289340101,0.5025380710659898
Natural_Gas,2012-12,0.0001007803738888,-0.0057939337264615,-0.0359438661311121,0.0933679887044685,0.0963088035016481,,,0.4974619289340101,0.5025380710659898
Natural_Gas,2013-01,-0.009905862216517,-0.0049387814566357,-0.0157923884797177,0.0933679887044685,0.0963088035016481,,,0.4974619289340101,0.5025380710659898
Natural_Gas,2013-02,0.1448451714674674,-0.0066868674013789,-0.0260057997151727,0.0933679887044685,0.0963088035016481,,,0.4974619289340101,0.5025380710659898
Natural_Gas,2013-03,0.0996430900168159,0.0051488812664056,-0.0134449413379166,0.0933679887044685,0.0963088035016481,,,0.4974619289340101,0.5025380710659898
Natural_Gas,2013-04,-0.0209104077125827,0.005095951277142,0.0181939753945815,0.0933679887044685,0.0963088035016481,,,0.4974619289340101,0.5025380710659898
Natural_Gas,2013-05,-0.0658627681143955,-0.0020704161479459,-0.0372275195028665,0.0933679887044685,0.0963088035016481,,,0.4974619289340101,0.5025380710659898
Natural_Gas,2013-06,-0.0428156914711324,-0.0053316546672167,-0.020398537227191,0.0933679887044685,0.0963088035016481,,,0.4974619289340101,0.5025380710659898
Natural_Gas,2013-07,-0.0633455934207816,-0.0054185268779916,-0.0108827316503706,0.0933679887044685,0.0963088035016481,,,0.4974619289340101,0.5025380710659898
Natural_Gas,2013-08,0.0596205446345317,-0.0081168118300387,-0.0240842008510845,0.0933679887044685,0.0963088035016481,,,0.4974619289340101,0.5025380710659898
Natural_Gas,2013-09,0.0109253946712932,0.0011668682192073,0.0017685882927191,0.0933679887044685,0.0963088035016481,,,0.4974619289340101,0.5025380710659898
Natural_Gas,2013-10,-0.0010365511733421,-0.0014251062632079,-0.0349301299438798,0.0933679887044685,0.0963088035016481,,,0.4974619289340101,0.5025380710659898
Natural_Gas,2013-11,0.1731398491961875,-0.002335469387381,0.0312792402219664,0.0933679887044685,0.0963088035016481,,,0.4974619289340101,0.5025380710659898
Natural_Gas,2013-12,0.0571067394995199,0.0099996281282505,0.0141433397019105,0.0933679887044685,0.0963088035016481,,,0.4974619289340101,0.5025380710659898
Natural_Gas,2014-01,0.1402832453192513,0.0042013038441247,-0.0172382690658289,0.0933679887044685,0.0963088035016481,,,0.4974619289340101,0.5025380710659898
Natural_Gas,2014-02,-0.1314492292511077,0.0114292053807865,0.0098276866596497,0.0933679887044685,0.0963088035016481,,,0.4974619289340101,0.5025380710659898
Natural_Gas,2014-03,0.0288374292940016,-0.0063512631711977,0.0919833587876749,0.0933679887044685,0.0963088035016481,,,0.4974619289340101,0.5025380710659898
Natural_Gas,2014-04,-0.018520342823367,0.0024180355132689,0.0166745495869877,0.0933679887044685,0.0963088035016481,,,0.4974619289340101,0.5025380710659898
Natural_Gas,2014-05,0.0142861922446382,-0.000144064168945,-0.0086643705543354,0.0933679887044685,0.0963088035016481,,,0.4974619289340101,0.5025380710659898
Natural_Gas,2014-06,-0.1200858206600616,0.0016093101955746,0.0289534332382765,0.0933679887044685,0.0963088035016481,,,0.4974619289340101,0.5025380710659898
Natural_Gas,2014-07,-0.0353044832390788,-0.0061899249715444,0.0423767744861071,0.0933679887044685,0.0963088035016481,,,0.4974619289340101,0.5025380710659898
Natural_Gas,2014-08,0.0070058178265308,-0.00260575206967,-0.0039843938140522,0.0933679887044685,0.0963088035016481,,,0.4974619289340101,0.5025380710659898
Natural_Gas,2014-09,-0.0318511732788385,-0.0004690532231539,-0.0144964288897552,0.0933679887044685,0.0963088035016481,,,0.4974619289340101,0.5025380710659898
Natural_Gas,2014-10,0.1152750772046207,-0.0031327617545697,-0.0186116445375289,0.0933679887044685,0.0963088035016481,,,0.4974619289340101,0.5025380710659898
Natural_Gas,2014-11,-0.1776101570632302,0.005643581400588,0.0259742289352672,0.0933679887044685,0.0963088035016481,,,0.4974619289340101,0.5025380710659898
Natural_Gas,2014-12,-0.1577956897822219,-0.0069251975559511,-0.0201594974758131,0.0933679887044685,0.0963088035016481,,,0.4974619289340101,0.5025380710659898
Natural_Gas,2015-01,-0.0612538699690401,-0.0102777549133964,-0.0795434209716583,0.0933679887044685,0.0963088035016481,,,0.4974619289340101,0.5025380710659898
Natural_Gas,2015-02,-0.0036772587108158,-0.0063732860899766,-0.0494666836429392,0.0933679887044685,0.0963088035016481,,,0.4974619289340101,0.5025380710659898
Natural_Gas,2015-03,-0.054617676266137,-0.00336778151569,-0.0421575305710065,0.0933679887044685,0.0963088035016481,,,0.4974619289340101,0.5025380710659898
Natural_Gas,2015-04,0.1006235827664401,-0.0064390613637505,-0.0521019962716611,0.0933679887044685,0.0963088035016481,,,0.4974619289340101,0.5025380710659898
Natural_Gas,2015-05,-0.0311387496023389,0.0021190074703705,-0.0265123331230433,0.0933679887044685,0.0963088035016481,,,0.4974619289340101,0.5025380710659898
Natural_Gas,2015-06,0.0146259984438907,-0.0044360447066047,-0.0344152646815248,0.0933679887044685,0.0963088035016481,,,0.4974619289340101,0.5025380710659898
Natural_Gas,2015-07,-0.0200322816016981,-0.0021931764476378,-0.0131883586111026,0.0933679887044685,0.0963088035016481,,,0.4974619289340101,0.5025380710659898
Natural_Gas,2015-08,-0.0416568382318253,-0.0039057791012618,-0.0265758736385447,0.0933679887044685,0.0963088035016481,,,0.4974619289340101,0.5025380710659898
Natural_Gas,2015-09,-0.0961405926946931,-0.0052023873742908,-0.0138414774108496,0.0933679887044685,0.0963088035016481,,,0.4974619289340101,0.5025380710659898
Natural_Gas,2015-10,-0.0456402156745278,-0.0085737154340094,-0.0444215648542109,0.0933679887044685,0.0963088035016481,,,0.4974619289340101,0.5025380710659898
Natural_Gas,2015-11,-0.1026228881792625,-0.0066022653132462,-0.0756653584675767,0.0933679887044685,0.0963088035016481,,,0.4974619289340101,0.5025380710659898
Natural_Gas,2015-12,0.0931394912659548,-0.0103394781914963,-0.0741686007350241,0.0933679887044685,0.0963088035016481,,,0.4974619289340101,0.5025380710659898
Natural_Gas,2016-01,-0.1352389078498294,-0.000269997914154,-0.0228105222405875,0.0933679887044685,0.0963088035016481,,,0.4974619289340101,0.5025380710659898
Natural_Gas,2016-02,-0.0610561764011923,-0.0104292805434861,-0.0333009016475355,0.0933679887044685,0.0963088035016481,,,0.4974619289340101,0.5025380710659898
Natural_Gas,2016-03,0.1112634067779183,-0.0083468017616397,-0.0343522169710974,0.0933679887044685,0.0963088035016481,,,0.4974619289340101,0.5025380710659898
Natural_Gas,2016-04,0.036234687298517,-0.0010521735457143,-0.0216206799249911,0.0933679887044685,0.0963088035016481,,,0.4974619289340101,0.5025380710659898
Natural_Gas,2016-05,0.2569686411149829,-0.0033222277106557,-0.022506705748738,0.0933679887044685,0.0963088035016481,,,0.4974619289340101,0.5025380710659898
Natural_Gas,2016-06,0.0568755568755567,0.0087497684960558,-0.0024787994175137,0.0933679887044685,0.0963088035016481,,,0.4974619289340101,0.5025380710659898
Natural_Gas,2016-07,-0.0182783415093074,0.0006954285804259,-0.0130226688890172,0.0933679887044685,0.0963088035016481,,,0.4974619289340101,0.5025380710659898
Natural_Gas,2016-08,0.0648240914172877,-0.0031953598048406,-0.0160185814399082,0.0933679887044685,0.0963088035016481,,,0.4974619289340101,0.5025380710659898
Natural_Gas,2016-09,0.0599401121590237,0.0014045154793729,-0.0068045988836573,0.0933679887044685,0.0963088035016481,,,0.4974619289340101,0.5025380710659898
Natural_Gas,2016-10,-0.0629121343628473,0.001779678812824,-0.0008840152986515,0.0933679887044685,0.0963088035016481,,,0.4974619289340101,0.5025380710659898
Natural_Gas,2016-11,0.2453425955162613,-0.0047449803066928,-0.0126233325552024,0.0933679887044685,0.0963088035016481,,,0.4974619289340101,0.5025380710659898
Natural_Gas,2016-12,-0.0751774847870181,0.0094610820046731,0.0101390057968495,0.0933679887044685,0.0963088035016481,,,0.4974619289340101,0.5025380710659898
Natural_Gas,2017-01,-0.1249760109664154,-0.0009699067766716,-0.0022706597546896,0.0933679887044685,0.0963088035016481,,,0.4974619289340101,0.5025380710659898
Natural_Gas,2017-02,0.0311008548801594,-0.0048183339751975,-0.0116010598605779,0.0933679887044685,0.0963088035016481,,,0.4974619289340101,0.5025380710659898
Natural_Gas,2017-03,0.0667708181950297,-0.001601211185317,-0.0031054964327557,0.0933679887044685,0.0963088035016481,,,0.4974619289340101,0.5025380710659898
Natural_Gas,2017-04,0.0138343017117477,0.000995067226111,0.0013385856179889,0.0933679887044685,0.0963088035016481,,,0.4974619289340101,0.5025380710659898
Natural_Gas,2017-05,-0.0747966089272187,1.4724532085905314e-05,0.0028662493303659,0.0933679887044685,0.0963088035016481,,,0.4974619289340101,0.5025380710659898
Natural_Gas,2017-06,-0.0131447659537549,-0.0034441076216424,-0.0082369613535533,0.0933679887044685,0.0963088035016481,,,0.4974619289340101,0.5025380710659898
Natural_Gas,2017-07,-0.0170507106214783,-0.0016883365495779,0.0027495945082809,0.0933679887044685,0.0963088035016481,,,0.4974619289340101,0.5025380710659898
Natural_Gas,2017-08,0.0362044503383025,-0.0019322648007949,-0.0027184948411764,0.0933679887044685,0.0963088035016481,,,0.4974619289340101,0.5025380710659898
Natural_Gas,2017-09,-0.032312362427887,-3.824205452811419e-05,0.0031458125503563,0.0933679887044685,0.0963088035016481,,,0.4974619289340101,0.5025380710659898
Natural_Gas,2017-10,0.0487043396815485,-0.0022935093078963,-0.0009082970041449,0.0933679887044685,0.0963088035016481,,,0.4974619289340101,0.5025380710659898
Natural_Gas,2017-11,-0.0930407292419795,0.0003751396215817,0.004724604482018,0.0933679887044685,0.0963088035016481,,,0.4974619289340101,0.5025380710659898
Natural_Gas,2017-12,0.138007595239519,-0.0040337062163427,-0.0025215689822169,0.0933679887044685,0.0963088035016481,,,0.4974619289340101,0.5025380710659898
Natural_Gas,2018-01,-0.1566560904952408,0.0018397497435475,0.0036661704796435,0.0933679887044685,0.0963088035016481,,,0.4974619289340101,0.5025380710659898
Natural_Gas,2018-02,0.0161433750598536,-0.0027789802911727,0.0009896238548758,0.0933679887044685,0.0963088035016481,,,0.4974619289340101,0.5025380710659898
Natural_Gas,2018-03,0.0084787870045357,-0.001771972451287,0.000274332293472,0.0933679887044685,0.0963088035016481,,,0.4974619289340101,0.5025380710659898
Natural_Gas,2018-04,0.0404226208574034,-0.0021153368493576,-0.0022032122409457,0.0933679887044685,0.0963088035016481,,,0.4974619289340101,0.5025380710659898
Natural_Gas,2018-05,0.0379388944899836,-0.0010830824125538,0.0004718521165293,0.0933679887044685,0.0963088035016481,,,0.4974619289340101,0.5025380710659898
Natural_Gas,2018-06,-0.0503995761402268,-0.0007420891109781,0.00320453138374,0.0933679887044685,0.0963088035016481,,,0.4974619289340101,0.5025380710659898
Natural_Gas,2018-07,0.0411999858492233,-0.0015348013845378,-0.0008900963715178,0.0933679887044685,0.0963088035016481,,,0.4974619289340101,0.5025380710659898
Natural_Gas,2018-08,-0.0037001046494242,-0.0010297445308949,0.0013424877153629,0.0933679887044685,0.0963088035016481,,,0.4974619289340101,0.5025380710659898
Natural_Gas,2018-09,0.1069512698353152,-0.0011928978316472,0.0021682068088553,0.0933679887044685,0.0963088035016481,,,0.4974619289340101,0.5025380710659898
Natural_Gas,2018-10,0.2808483369687111,-2.759400406522573e-05,0.0041992207403004,0.0933679887044685,0.0963088035016481,,,0.4974619289340101,0.5025380710659898
Natural_Gas,2018-11,-0.0496317137166884,0.007012227073719,0.0177838110552467,0.0933679887044685,0.0963088035016481,,,0.4974619289340101,0.5025380710659898
Natural_Gas,2018-12,-0.2037735248731286,0.0017541930927371,0.0051455657285055,0.0933679887044685,0.0963088035016481,,,0.4974619289340101,0.5025380710659898
Natural_Gas,2019-01,-0.138062937062937,-0.0031867659768072,0.0026921630433385,0.0933679887044685,0.0963088035016481,,,0.4974619289340101,0.5025380710659898
Natural_Gas,2019-02,0.0462150898799524,-0.004746794156819,-0.0051863648643239,0.0933679887044685,0.0963088035016481,,,0.4974619289340101,0.5025380710659898
Natural_Gas,2019-03,-0.0735055669657333,0.0002750904067264,0.001681723072872,0.0933679887044685,0.0963088035016481,,,0.4974619289340101,0.5025380710659898
Natural_Gas,2019-04,-0.002130541309674,-0.0028070139892026,-0.0026662401463813,0.0933679887044685,0.0963088035016481,,,0.4974619289340101,0.5025380710659898
Natural_Gas,2019-05,-0.1009897668176481,-0.0012959373928487,-0.0003532331573866,0.0933679887044685,0.0963088035016481,,,0.4974619289340101,0.5025380710659898
Natural_Gas,2019-06,-0.0119425265907819,-0.0039636575013372,-0.0069264272132056,0.0933679887044685,0.0963088035016481,,,0.4974619289340101,0.5025380710659898
Natural_Gas,2019-07,-0.0558331187226369,-0.0021689585196884,-0.0062260716178629,0.0933679887044685,0.0963088035016481,,,0.4974619289340101,0.5025380710659898
Natural_Gas,2019-08,0.1534325147875963,-0.0034163415443412,-0.0041431188406339,0.0933679887044685,0.0963088035016481,,,0.4974619289340101,0.5025380710659898
Natural_Gas,2019-09,-0.0663198315372228,0.0013071519777718,0.0025298304537697,0.0933679887044685,0.0963088035016481,,,0.4974619289340101,0.5025380710659898
Natural_Gas,2019-10,0.1214798698082502,-0.0025245859111091,-0.0042246109835793,0.0933679887044685,0.0963088035016481,,,0.4974619289340101,0.5025380710659898
Natural_Gas,2019-11,-0.1304684794617678,-7.00833877106022e-06,0.0025354780262484,0.0933679887044685,0.0963088035016481,,,0.4974619289340101,0.5025380710659898
Natural_Gas,2019-12,-0.1089986667359271,-0.0018907338329368,-0.0042757756749546,0.0933679887044685,0.0963088035016481,,,0.4974619289340101,0.5025380710659898
Natural_Gas,2020-01,-0.0928815733219325,-0.0031205945500043,-0.0029506828815408,0.0933679887044685,0.0963088035016481,,,0.4974619289340101,0.5025380710659898
Natural_Gas,2020-02,-0.0606060606060607,-0.0038961254769816,-0.0124317217829446,0.0933679887044685,0.0963088035016481,,,0.4974619289340101,0.5025380710659898
Natural_Gas,2020-03,0.0175714660372412,-0.0040079742420336,-0.0136647987318025,0.0933679887044685,0.0963088035016481,,,0.4974619289340101,0.5025380710659898
Natural_Gas,2020-04,0.025748649975454,-0.0029339788480653,0.0015359133125395,0.0933679887044685,0.0963088035016481,,,0.4974619289340101,0.5025380710659898
Natural_Gas,2020-05,-0.0605302830888508,-0.0026672317226134,-0.0116026197362719,0.0933679887044685,0.0963088035016481,,,0.4974619289340101,0.5025380710659898
Natural_Gas,2020-06,0.0383850599439512,-0.00396837455443,-0.0110242435865818,0.0933679887044685,0.0963088035016481,,,0.4974619289340101,0.5025380710659898
Natural_Gas,2020-07,0.3262121798707165,-0.0027007804250377,-0.0118581927605143,0.0933679887044685,0.0963088035016481,,,0.4974619289340101,0.5025380710659898
Natural_Gas,2020-08,-0.0237029501525939,0.00400060432318,0.0079811913600019,0.0933679887044685,0.0963088035016481,,,0.4974619289340101,0.5025380710659898
Natural_Gas,2020-09,0.2381141834095881,-0.0015932841752818,9.322480764304904e-05,0.0933679887044685,0.0963088035016481,,,0.4974619289340101,0.5025380710659898
Natural_Gas,2020-10,0.0146284734973678,0.002082446045108,0.0079055333040077,0.0933679887044685,0.0963088035016481,,,0.4974619289340101,0.5025380710659898
Natural_Gas,2020-11,-0.0995282882778915,0.0002194127965949,0.0045415923863617,0.0933679887044685,0.0963088035016481,,,0.4974619289340101,0.5025380710659898
Natural_Gas,2020-12,0.0248628299090873,-0.0013219196956091,0.0061444814161407,0.0933679887044685,0.0963088035016481,,,0.4974619289340101,0.5025380710659898
Natural_Gas,2021-01,0.1011504583857629,-0.0001520811986422,0.0056920574608039,0.0933679887044685,0.0963088035016481,,,0.4974619289340101,0.5025380710659898
Natural_Gas,2021-02,-0.101071678764663,0.0010645240277099,0.0074228595933576,0.0933679887044685,0.0963088035016481,,,0.4974619289340101,0.5025380710659898
Natural_Gas,2021-03,0.0234395019671096,-0.0007220010382027,0.0043113100867263,0.0933679887044685,0.0963088035016481,,,0.4974619289340101,0.5025380710659898
Natural_Gas,2021-04,0.1035133565621366,-0.0001485240797883,0.0027620024883933,0.0933679887044685,0.0963088035016481,,,0.4974619289340101,0.5025380710659898
Natural_Gas,2021-05,0.1051177476647813,0.0007240882741405,0.0052325662788005,0.0933679887044685,0.0963088035016481,,,0.4974619289340101,0.5025380710659898
Natural_Gas,2021-06,0.1640277777777778,0.0017414896261035,0.0064028255940444,0.0933679887044685,0.0963088035016481,,,0.4974619289340101,0.5025380710659898
Natural_Gas,2021-07,0.0584655769001312,0.00417249792522,0.0098669172152235,0.0933679887044685,0.0963088035016481,,,0.4974619289340101,0.5025380710659898
Natural_Gas,2021-08,0.2640063127043175,0.0032542492493152,0.0072715639430578,0.0933679887044685,0.0963088035016481,,,0.4974619289340101,0.5025380710659898
Natural_Gas,2021-09,0.0931189563134626,0.0137883195148615,0.0133348563425581,0.0933679887044685,0.0963088035016481,,,0.4974619289340101,0.5025380710659898
Natural_Gas,2021-10,-0.0811888111888111,0.0135562021166793,0.0170890948583666,0.0933679887044685,0.0963088035016481,,,0.4974619289340101,0.5025380710659898
Natural_Gas,2021-11,-0.2462995992680272,0.0051073683704923,0.0157703275063997,0.0933679887044685,0.0963088035016481,,,0.4974619289340101,0.5025380710659898
Natural_Gas,2021-12,0.0972128314927505,-0.0087289752836466,-0.0041737668359935,0.0933679887044685,0.0963088035016481,,,0.4974619289340101,0.5025380710659898
Natural_Gas,2022-01,0.0570866141732282,0.0042455591502578,0.007322134133746,0.0933679887044685,0.0963088035016481,,,0.4974619289340101,0.5025380710659898
Natural_Gas,2022-02,0.1109059995142094,0.0038381746383297,0.0081456921962775,0.0933679887044685,0.0963088035016481,,,0.4974619289340101,0.5025380710659898
Natural_Gas,2022-03,0.3567388823642103,0.0067441998971884,0.0031791434329287,0.0933679887044685,0.0963088035016481,,,0.4974619289340101,0.5025380710659898
Natural_Gas,2022-04,0.2098277322790172,0.019484667545981,0.0354741035830279,0.0933679887044685,0.0963088035016481,,,0.4974619289340101,0.5025380710659898
Natural_Gas,2022-05,-0.0721925133689839,0.0227493440013926,0.0577637696627573,0.0933679887044685,0.0963088035016481,,,0.4974619289340101,0.5025380710659898
Natural_Gas,2022-06,-0.0610047573304057,-0.0004957808451299,0.0272950624807502,0.0933679887044685,0.0963088035016481,,,0.4974619289340101,0.5025380710659898
Natural_Gas,2022-07,0.2346789295418605,0.000159623866042,0.0169048654237802,0.0933679887044685,0.0963088035016481,,,0.4974619289340101,0.5025380710659898
Natural_Gas,2022-08,-0.1073657618387161,0.0191143952256819,0.0426486364986466,0.0933679887044685,0.0963088035016481,,,0.4974619289340101,0.5025380710659898
Natural_Gas,2022-09,-0.2222323517792567,-0.0001213725126982,0.0305342690764004,0.0933679887044685,0.0963088035016481,,,0.4974619289340101,0.5025380710659898
Natural_Gas,2022-10,0.0630758629508334,-0.0125368137708008,0.0158459456556142,0.0933679887044685,0.0963088035016481,,,0.4974619289340101,0.5025380710659898
Natural_Gas,2022-11,-0.1128964355879875,0.0071573321839216,0.0192096489009298,0.0933679887044685,0.0963088035016481,,,0.4974619289340101,0.5025380710659898
Natural_Gas,2022-12,-0.3959503282448786,-0.0021408831996885,-0.0006406477738206,0.0933679887044685,0.0963088035016481,,,0.4974619289340101,0.5025380710659898
Natural_Gas,2023-01,-0.2976823359958098,-0.029235705029724,-0.0330661460929203,0.0933679887044685,0.0963088035016481,,,0.4974619289340101,0.5025380710659898
Natural_Gas,2023-02,-0.0118414951671006,-0.0358083441779261,-0.0283513383284223,0.0933679887044685,0.0963088035016481,,,0.4974619289340101,0.5025380710659898
Natural_Gas,2023-03,-0.0886753293629308,-0.0175939718083347,-0.0241327518594478,0.0933679887044685,0.0963088035016481,,,0.4974619289340101,0.5025380710659898
Natural_Gas,2023-04,0.0545285316804136,-0.0177843710789233,-0.0232445749350629,0.0933679887044685,0.0963088035016481,,,0.4974619289340101,0.5025380710659898
Natural_Gas,2023-05,0.0707810499359793,0.0071028489127985,0.0029151212430087,0.0933679887044685,0.0963088035016481,,,0.4974619289340101,0.5025380710659898
Natural_Gas,2023-06,0.0664431522517332,0.0083814126544603,0.0078959030373925,0.0933679887044685,0.0963088035016481,,,0.4974619289340101,0.5025380710659898
Natural_Gas,2023-07,0.001683686254855,0.019373112272018,0.0198684543800344,0.0933679887044685,0.0963088035016481,,,0.4974619289340101,0.5025380710659898
Natural_Gas,2023-08,0.019716834361392,0.0101751539819879,0.006657086876705,0.0933679887044685,0.0963088035016481,,,0.4974619289340101,0.5025380710659898
Natural_Gas,2023-09,0.1725204789920007,0.0113281965203082,0.0097430499781961,0.0933679887044685,0.0963088035016481,,,0.4974619289340101,0.5025380710659898
Natural_Gas,2023-10,-0.0350272753373528,0.0190714955870121,0.0546220947581253,0.0933679887044685,0.0963088035016481,,,0.4974619289340101,0.5025380710659898
Natural_Gas,2023-11,-0.1704141341154134,0.0015717604335666,0.0084327744849777,0.0933679887044685,0.0963088035016481,,,0.4974619289340101,0.5025380710659898
Natural_Gas,2023-12,0.0732506187259556,-0.0205399165228824,-0.0256356196402065,0.0933679887044685,0.0963088035016481,,,0.4974619289340101,0.5025380710659898
Natural_Gas,2024-01,-0.3407916466890418,0.0027794368799525,0.0009668370117711,0.0933679887044685,0.0963088035016481,,,0.4974619289340101,0.5025380710659898
Natural_Gas,2024-02,-0.0257567711099308,-0.0397071721541184,-0.0579015483533159,0.0933679887044685,0.0963088035016481,,,0.4974619289340101,0.5025380710659898
Natural_Gas,2024-03,0.0227086895116332,-0.0223760315460779,-0.0447758210220737,0.0933679887044685,0.0963088035016481,,,0.4974619289340101,0.5025380710659898
Natural_Gas,2024-04,0.3538761018880028,-0.017000637426214,-0.0221601585267549,0.0933679887044685,0.0963088035016481,,,0.4974619289340101,0.5025380710659898
Natural_Gas,2024-05,0.1655014378145218,0.0231558783569036,0.0128168860104466,0.0933679887044685,0.0963088035016481,,,0.4974619289340101,0.5025380710659898
Natural_Gas,2024-06,-0.2143226134760248,0.0149662279175683,0.0122094164309954,0.0933679887044685,0.0963088035016481,,,0.4974619289340101,0.5025380710659898
Natural_Gas,2024-07,-0.0542688910696761,-0.027502539976785,-0.0452362071171519,0.0933679887044685,0.0963088035016481,,,0.4974619289340101,0.5025380710659898
Natural_Gas,2024-08,0.1460393226503009,-0.0087507597265029,-0.0159039847079592,0.0933679887044685,0.0963088035016481,,,0.4974619289340101,0.5025380710659898
Natural_Gas,2024-09,0.0724005311901763,0.0099041519410511,0.0099461722536103,0.0933679887044685,0.0963088035016481,,,0.4974619289340101,0.5025380710659898
Natural_Gas,2024-10,0.1621878065647062,0.0085535100817191,0.0087314659680944,0.0933679887044685,0.0963088035016481,,,0.4974619289340101,0.5025380710659898
Natural_Gas,2024-11,0.1532318731554889,0.0196760016522469,0.0228338768711483,0.0933679887044685,0.0963088035016481,,,0.4974619289340101,0.5025380710659898
Natural_Gas,2024-12,0.0810005955926147,0.0206158145173827,0.023853169878612,0.0933679887044685,0.0963088035016481,,,0.4974619289340101,0.5025380710659898
Natural_Gas,2025-01,0.0041724941724941,0.0148971120085567,0.0113961831300351,0.0933679887044685,0.0963088035016481,,,0.4974619289340101,0.5025380710659898
Natural_Gas,2025-02,0.1039076602344086,0.0059362578234487,0.016120077489597,0.0933679887044685,0.0963088035016481,,,0.4974619289340101,0.5025380710659898
Natural_Gas,2025-03,-0.1769188894937396,0.0170150934027111,0.0502262408301481,0.0933679887044685,0.0963088035016481,,,0.4974619289340101,0.5025380710659898
Natural_Gas,2025-04,0.0157585470085468,-0.0139155321027742,-0.000918009067011,0.0933679887044685,0.0963088035016481,,,0.4974619289340101,0.5025380710659898
Natural_Gas,2025-05,0.0635964088501559,0.003091224499313,0.0320590965676318,0.0933679887044685,0.0963088035016481,,,0.4974619289340101,0.5025380710659898
Natural_Gas,2025-06,-0.0998445998445998,0.0083264730538806,0.0639934965170242,0.0933679887044685,0.0963088035016481,,,0.4974619289340101,0.5025380710659898
Natural_Gas,2025-07,-0.1257373039850381,-0.0040320932071921,-0.0001791686806678,0.0933679887044685,0.0963088035016481,,,0.4974619289340101,0.5025380710659898
Natural_Gas,2025-08,0.0418792167187758,-0.0080341991576358,-0.0042605870068668,0.0933679887044685,0.0963088035016481,,,0.4974619289340101,0.5025380710659898
Natural_Gas,2025-09,0.1122647631408175,0.007347876157527,0.0002451470016416,0.0933679887044685,0.0963088035016481,,,0.4974619289340101,0.5025380710659898
Natural_Gas,2025-10,0.331006093608194,0.0124633532709227,0.0273933493740986,0.0933679887044685,0.0963088035016481,,,0.4974619289340101,0.5025380710659898
Natural_Gas,2025-11,-0.0071998126215669,0.0347341503157299,0.0244569773653234,0.0933679887044685,0.0963088035016481,,,0.4974619289340101,0.5025380710659898
Natural_Gas,2025-12,-0.0647245871371419,0.0012494485537513,0.0149873306137365,0.0933679887044685,0.0963088035016481,,,0.4974619289340101,0.5025380710659898
Natural_Gas,2026-01,-0.2405681070410179,-0.006500990392255,0.0235874625254505,0.0933679887044685,0.0963088035016481,,,0.4974619289340101,0.5025380710659898
Natural_Gas,2026-02,-0.0354538233807494,-0.0206942518907077,-0.0215446768369664,0.0933679887044685,0.0963088035016481,,,0.4974619289340101,0.5025380710659898
Natural_Gas,2026-03,-0.1163347806557867,-0.0004664521560321,0.0686484343481572,0.0933679887044685,0.0963088035016481,,,0.4974619289340101,0.5025380710659898
Natural_Gas,2026-04,0.0951896854980554,-0.008297012802204,0.0087062825383421,0.0933679887044685,0.0963088035016481,,,0.4974619289340101,0.5025380710659898
Natural_Gas,2026-05,0.0911522027405336,0.0121006835261841,0.02901817149756,0.0933679887044685,0.0963088035016481,,,0.4974619289340101,0.5025380710659898
Gold,2010-01,-0.0205724508050089,0.0157119590406491,0.0140078450053569,0.0285574337240966,0.0283833590343791,,,0.5384615384615384,0.5384615384615384
Gold,2010-02,0.0164383561643834,0.0167690442913557,0.0144502853483825,0.0285574337240966,0.0283833590343791,,,0.5384615384615384,0.5384615384615384
Gold,2010-03,0.0323450134770888,0.0165891382551535,0.0165605191199417,0.0285574337240966,0.0283833590343791,,,0.5384615384615384,0.5384615384615384
Gold,2010-04,0.0487380330722366,0.0168246393478641,0.0214137685614126,0.0285574337240966,0.0283833590343791,,,0.5384615384615384,0.5384615384615384
Gold,2010-05,0.0232365145228214,0.0186560043522661,0.0212260185988882,0.0285574337240966,0.0283833590343791,,,0.5384615384615384,0.5384615384615384
Gold,2010-06,-0.032441200324412,0.0188377876327787,0.0233620818658649,0.0285574337240966,0.0283833590343791,,,0.5384615384615384,0.5384615384615384
Gold,2010-07,0.0192791282481139,0.0158399650830723,0.0123303903863671,0.0285574337240966,0.0283833590343791,,,0.5384615384615384,0.5384615384615384
Gold,2010-08,0.0452302631578946,0.0158746441882908,0.0165415756438593,0.0285574337240966,0.0283833590343791,,,0.5384615384615384,0.5384615384615384
Gold,2010-09,0.0558615263571991,0.0162323558090224,0.0157886305443236,0.0285574337240966,0.0283833590343791,,,0.5384615384615384,0.5384615384615384
Gold,2010-10,0.0208643815201192,0.0174343667953104,0.0156797564871732,0.0285574337240966,0.0283833590343791,,,0.5384615384615384,0.5384615384615384
Gold,2010-11,0.0153284671532847,0.017541119060648,0.0201867872663132,0.0285574337240966,0.0283833590343791,,,0.5384615384615384,0.5384615384615384
Gold,2010-12,-0.0222861250898633,0.0173158424227049,0.0142394873939809,0.0285574337240966,0.0283833590343791,,,0.5384615384615384,0.5384615384615384
Gold,2011-01,0.0110294117647058,0.0163159228574323,0.0095657592577206,0.0285574337240966,0.0283833590343791,,,0.5384615384615384,0.5384615384615384
Gold,2011-02,0.034909090909091,0.0162292587411581,0.0181145696620961,0.0285574337240966,0.0283833590343791,,,0.5384615384615384,0.5384615384615384
Gold,2011-03,0.0407589599437807,0.0165305463567699,0.019700891337226,0.0285574337240966,0.0283833590343791,,,0.5384615384615384,0.5384615384615384
Gold,2011-04,0.0216070222822417,0.0169151243502145,0.0084484043045086,0.0285574337240966,0.0283833590343791,,,0.5384615384615384,0.5384615384615384
Gold,2011-05,0.0105750165234632,0.0169884352554024,0.0185370812824711,0.0285574337240966,0.0283833590343791,,,0.5384615384615384,0.5384615384615384
Gold,2011-06,0.0287769784172662,0.0168897672749111,0.0260383190361083,0.0285574337240966,0.0283833590343791,,,0.5384615384615384,0.5384615384615384
Gold,2011-07,0.1182453909726637,0.0170698765346437,0.0173210174197469,0.0285574337240966,0.0283833590343791,,,0.5384615384615384,0.5384615384615384
Gold,2011-08,0.0073905628197838,0.0173176092949288,0.0206821385953985,0.0285574337240966,0.0283833590343791,,,0.5384615384615384,0.5384615384615384
Gold,2011-09,-0.0598194130925507,0.017049257496649,0.0159648406575838,0.0285574337240966,0.0283833590343791,,,0.5384615384615384,0.5384615384615384
Gold,2011-10,0.0438175270108043,0.0119653820296376,0.0090781239791458,0.0285574337240966,0.0283833590343791,,,0.5384615384615384,0.5384615384615384
Gold,2011-11,-0.0569292696952271,0.0168154302444021,0.0164676938819713,0.0285574337240966,0.0283833590343791,,,0.5384615384615384,0.5384615384615384
Gold,2011-12,0.0085365853658536,0.0154744504336372,0.0141522746672663,0.0285574337240966,0.0283833590343791,,,0.5384615384615384,0.5384615384615384
Gold,2012-01,0.0550181378476419,0.0160907282329477,0.0135379179354276,0.0285574337240966,0.0283833590343791,,,0.5384615384615384,0.5384615384615384
Gold,2012-02,-0.039541547277937,0.0169866993423478,0.0159153430914744,0.0285574337240966,0.0283833590343791,,,0.5384615384615384,0.5384615384615384
Gold,2012-03,-0.0161097852028639,0.0157781280066813,0.0151039505071746,0.0285574337240966,0.0283833590343791,,,0.5384615384615384,0.5384615384615384
Gold,2012-04,-0.0363856882959369,0.0151600847979341,0.0135180516428547,0.0285574337240966,0.0283833590343791,,,0.5384615384615384,0.5384615384615384
Gold,2012-05,0.0062932662051604,0.0179669622508398,0.0186778485676183,0.0285574337240966,0.0283833590343791,,,0.5384615384615384,0.5384615384615384
Gold,2012-06,-0.0031269543464665,0.0167558862500701,0.0167080952663067,0.0285574337240966,0.0283833590343791,,,0.5384615384615384,0.5384615384615384
Gold,2012-07,0.0225846925972397,0.0161969538091714,0.0175038402696291,0.0285574337240966,0.0283833590343791,,,0.5384615384615384,0.5384615384615384
Gold,2012-08,0.0705521472392638,0.0169937197156905,0.0149642178508196,0.0285574337240966,0.0283833590343791,,,0.5384615384615384,0.5384615384615384
Gold,2012-09,0.0011461318051575,0.0159288184133539,0.014280540482182,0.0285574337240966,0.0283833590343791,,,0.5384615384615384,0.5384615384615384
Gold,2012-10,-0.0143102461362335,0.0159286850621403,0.0149968823044619,0.0285574337240966,0.0283833590343791,,,0.5384615384615384,0.5384615384615384
Gold,2012-11,-0.0214866434378629,0.0145937065280921,0.0123303995698899,0.0285574337240966,0.0283833590343791,,,0.5384615384615384,0.5384615384615384
Gold,2012-12,-0.0077151335311572,0.0175084207654805,0.013998333142482,0.0285574337240966,0.0283833590343791,,,0.5384615384615384,0.5384615384615384
Gold,2013-01,-0.0263157894736841,0.0170452340161461,0.0158390237171628,0.0285574337240966,0.0283833590343791,,,0.5384615384615384,0.5384615384615384
Gold,2013-02,-0.0214987714987715,0.0152841754931509,0.0139747899208778,0.0285574337240966,0.0283833590343791,,,0.5384615384615384,0.5384615384615384
Gold,2013-03,-0.0659133709981167,0.0140794076120186,0.011287544069332,0.0285574337240966,0.0283833590343791,,,0.5384615384615384,0.5384615384615384
Gold,2013-04,-0.0497311827956988,0.0125407319558994,0.0132013852962061,0.0285574337240966,0.0283833590343791,,,0.5384615384615384,0.5384615384615384
Gold,2013-05,-0.0502121640735502,0.0118330965609948,0.0100484363942377,0.0285574337240966,0.0283833590343791,,,0.5384615384615384,0.5384615384615384
Gold,2013-06,-0.0424422933730453,0.0111359588010561,0.0075970872592335,0.0285574337240966,0.0283833590343791,,,0.5384615384615384,0.5384615384615384
Gold,2013-07,0.0513219284603421,0.0105406448880106,0.012781332978454,0.0285574337240966,0.0283833590343791,,,0.5384615384615384,0.5384615384615384
Gold,2013-08,-0.0022189349112425,0.0109887908613329,0.0095117032475138,0.0285574337240966,0.0283833590343791,,,0.5384615384615384,0.5384615384615384
Gold,2013-09,-0.0237212750185322,0.0108452286246745,0.0091327969906627,0.0285574337240966,0.0283833590343791,,,0.5384615384615384,0.5384615384615384
Gold,2013-10,-0.0311313591495824,0.0104735457898013,0.0056783726087808,0.0285574337240966,0.0283833590343791,,,0.5384615384615384,0.5384615384615384
Gold,2013-11,-0.0423197492163009,0.0100309404181057,0.0111456548931797,0.0285574337240966,0.0283833590343791,,,0.5384615384615384,0.5384615384615384
Gold,2013-12,0.0180032733224222,0.0094798805272172,0.0139183688593971,0.0285574337240966,0.0283833590343791,,,0.5384615384615384,0.5384615384615384
Gold,2014-01,0.045016077170418,0.0095686658688339,0.0042177885407196,0.0285574337240966,0.0283833590343791,,,0.5384615384615384,0.5384615384615384
Gold,2014-02,0.0276923076923076,0.0099341030987472,0.0067374826922899,0.0285574337240966,0.0283833590343791,,,0.5384615384615384,0.5384615384615384
Gold,2014-03,-0.0284431137724551,0.0101153092680692,0.004872241010863,0.0285574337240966,0.0283833590343791,,,0.5384615384615384,0.5384615384615384
Gold,2014-04,-0.0069337442218798,0.0097258302474578,0.006544227794269,0.0285574337240966,0.0283833590343791,,,0.5384615384615384,0.5384615384615384
Gold,2014-05,-0.0077579519006981,0.0095592345027645,0.0034130140674887,0.0285574337240966,0.0283833590343791,,,0.5384615384615384,0.5384615384615384
Gold,2014-06,0.0250195465207192,0.0093877772116411,0.0203458688948856,0.0285574337240966,0.0283833590343791,,,0.5384615384615384,0.5384615384615384
Gold,2014-07,-0.0122044241037375,0.0095410298519262,0.0113907336305287,0.0285574337240966,0.0283833590343791,,,0.5384615384615384,0.5384615384615384
Gold,2014-08,-0.0447876447876447,0.0093299089397352,0.0079330000941282,0.0285574337240966,0.0283833590343791,,,0.5384615384615384,0.5384615384615384
Gold,2014-09,-0.0121261115602263,0.0088095478462027,0.0099570525777397,0.0285574337240966,0.0283833590343791,,,0.5384615384615384,0.5384615384615384
Gold,2014-10,-0.0384615384615384,0.0086101606137606,0.0253390874637677,0.0285574337240966,0.0283833590343791,,,0.5384615384615384,0.5384615384615384
Gold,2014-11,0.0221276595744681,0.0081660879809747,0.0158044183079136,0.0285574337240966,0.0283833590343791,,,0.5384615384615384,0.5384615384615384
Gold,2014-12,0.041631973355537,0.008296569958484,0.015208893740826,0.0285574337240966,0.0283833590343791,,,0.5384615384615384,0.5384615384615384
Gold,2015-01,-0.0191846522781774,0.0086052311010493,0.0077944160856092,0.0285574337240966,0.0283833590343791,,,0.5384615384615384,0.5384615384615384
Gold,2015-02,-0.0391198044009779,0.0083502780425243,0.0059400024539378,0.0285574337240966,0.0283833590343791,,,0.5384615384615384,0.5384615384615384
Gold,2015-03,0.01696352841391,0.0079187318384925,0.0049285233355449,0.0285574337240966,0.0283833590343791,,,0.5384615384615384,0.5384615384615384
Gold,2015-04,0.0,0.008000216492325,0.0109658769243367,0.0285574337240966,0.0283833590343791,,,0.5384615384615384,0.5384615384615384
Gold,2015-05,-0.0141784820683903,0.0079287859879293,0.0126807239526066,0.0285574337240966,0.0283833590343791,,,0.5384615384615384,0.5384615384615384
Gold,2015-06,-0.0456852791878172,0.0077331464476079,0.0105856512474354,0.0285574337240966,0.0283833590343791,,,0.5384615384615384,0.5384615384615384
Gold,2015-07,-0.0088652482269503,0.0072645637665954,0.0072117450131607,0.0285574337240966,0.0283833590343791,,,0.5384615384615384,0.5384615384615384
Gold,2015-08,0.0062611806797854,0.0071243045318689,0.0057924464174601,0.0285574337240966,0.0283833590343791,,,0.5384615384615384,0.5384615384615384
Gold,2015-09,0.0302222222222221,0.0071168638090061,0.0052592374576856,0.0285574337240966,0.0283833590343791,,,0.5384615384615384,0.5384615384615384
Gold,2015-10,-0.0629853321829163,0.0073143455048455,0.0093701783715053,0.0285574337240966,0.0283833590343791,,,0.5384615384615384,0.5384615384615384
Gold,2015-11,-0.009208103130755,0.0067185855244408,0.0058276775449279,0.0285574337240966,0.0283833590343791,,,0.5384615384615384,0.5384615384615384
Gold,2015-12,0.0204460966542749,0.0064272337938095,0.0063336581115939,0.0285574337240966,0.0283833590343791,,,0.5384615384615384,0.5384615384615384
Gold,2016-01,0.092896174863388,0.0067002590450628,0.0063579911102502,0.0285574337240966,0.0283833590343791,,,0.5384615384615384,0.5384615384615384
Gold,2016-02,0.0375,0.0074126219857101,0.0111610129187198,0.0285574337240966,0.0283833590343791,,,0.5384615384615384,0.5384615384615384
Gold,2016-03,-0.0024096385542168,0.0076592398382862,0.012961716124434,0.0285574337240966,0.0283833590343791,,,0.5384615384615384,0.5384615384615384
Gold,2016-04,0.0152979066022544,0.0075773790383472,0.0089917044357986,0.0285574337240966,0.0283833590343791,,,0.5384615384615384,0.5384615384615384
Gold,2016-05,0.0118953211736716,0.007639641357411,0.0083069764398459,0.0285574337240966,0.0283833590343791,,,0.5384615384615384,0.5384615384615384
Gold,2016-06,0.0478056426332289,0.007673686795941,0.0086345736358292,0.0285574337240966,0.0283833590343791,,,0.5384615384615384,0.5384615384615384
Gold,2016-07,0.0022438294689604,0.0079921943819513,0.0075877756339685,0.0285574337240966,0.0283833590343791,,,0.5384615384615384,0.5384615384615384
Gold,2016-08,-0.0097014925373134,0.0079469316661009,0.0077597593357511,0.0285574337240966,0.0283833590343791,,,0.5384615384615384,0.5384615384615384
Gold,2016-09,-0.0452147701582517,0.0078090533520118,0.0077480240166504,0.0285574337240966,0.0283833590343791,,,0.5384615384615384,0.5384615384615384
Gold,2016-10,-0.0228887134964482,0.0073980159604593,0.0090045201483774,0.0285574337240966,0.0283833590343791,,,0.5384615384615384,0.5384615384615384
Gold,2016-11,-0.0654281098546042,0.0071650411184831,0.0075033253361526,0.0285574337240966,0.0283833590343791,,,0.5384615384615384,0.5384615384615384
Gold,2016-12,0.0302506482281763,0.0061076446146246,0.0065444561589769,0.0285574337240966,0.0283833590343791,,,0.5384615384615384,0.5384615384615384
Gold,2017-01,0.0352348993288591,0.0067899839680029,0.0065886914037884,0.0285574337240966,0.0283833590343791,,,0.5384615384615384,0.5384615384615384
Gold,2017-02,-0.0024311183144246,0.0070038555120694,0.0067494498090559,0.0285574337240966,0.0283833590343791,,,0.5384615384615384,0.5384615384615384
Gold,2017-03,0.0292445166531274,0.0069334452596329,0.0072688522811258,0.0285574337240966,0.0283833590343791,,,0.5384615384615384,0.5384615384615384
Gold,2017-04,-0.016574585635359,0.0070987124551403,0.0075893452812442,0.0285574337240966,0.0283833590343791,,,0.5384615384615384,0.5384615384615384
Gold,2017-05,0.0112359550561798,0.0069246440868278,0.0074923481889082,0.0285574337240966,0.0283833590343791,,,0.5384615384615384,0.5384615384615384
Gold,2017-06,-0.0182539682539683,0.0069561135099617,0.0070765108174922,0.0285574337240966,0.0283833590343791,,,0.5384615384615384,0.5384615384615384
Gold,2017-07,0.0371867421180274,0.0067734317580492,0.0073203136104777,0.0285574337240966,0.0283833590343791,,,0.5384615384615384,0.5384615384615384
Gold,2017-08,0.024162120031177,0.0069922325520059,0.0073835132418214,0.0285574337240966,0.0283833590343791,,,0.5384615384615384,0.5384615384615384
Gold,2017-09,-0.0258751902587519,0.0071148746054285,0.0084930194115337,0.0285574337240966,0.0283833590343791,,,0.5384615384615384,0.5384615384615384
Gold,2017-10,0.0015624999999999,0.0068809025141932,0.0069350018394069,0.0285574337240966,0.0283833590343791,,,0.5384615384615384,0.5384615384615384
Gold,2017-11,-0.0140405616224649,0.0068434489753609,0.0068434489753609,0.0285574337240966,0.0283833590343791,,,0.5384615384615384,0.5384615384615384
Gold,2017-12,0.053006329113924,0.0066974069432082,0.0066974069432082,0.0285574337240966,0.0283833590343791,,,0.5384615384615384,0.5384615384615384
Gold,2018-01,0.0,0.0070189966805049,0.0070189966805049,0.0285574337240966,0.0283833590343791,,,0.5384615384615384,0.5384615384615384
Gold,2018-02,-0.0045078888054094,0.0069705898068462,0.0069705898068462,0.0285574337240966,0.0283833590343791,,,0.5384615384615384,0.5384615384615384
Gold,2018-03,0.0075471698113207,0.0068919700903239,0.0068919700903239,0.0285574337240966,0.0283833590343791,,,0.5384615384615384,0.5384615384615384
Gold,2018-04,-0.0239700374531834,0.0068964272312831,0.0068964272312831,0.0285574337240966,0.0283833590343791,,,0.5384615384615384,0.5384615384615384
Gold,2018-05,-0.0161166538756715,0.0066878700374691,0.0066878700374691,0.0285574337240966,0.0283833590343791,,,0.5384615384615384,0.5384615384615384
Gold,2018-06,-0.0343213728549142,0.0065348195414078,0.0065348195414078,0.0285574337240966,0.0283833590343791,,,0.5384615384615384,0.5384615384615384
Gold,2018-07,-0.0290791599353796,0.0062624449254323,0.0062624449254323,0.0285574337240966,0.0283833590343791,,,0.5384615384615384,0.5384615384615384
Gold,2018-08,-0.0033277870216306,0.0060283945621157,0.0060283945621157,0.0285574337240966,0.0283833590343791,,,0.5384615384615384,0.5384615384615384
Gold,2018-09,0.0141903171953254,0.0059668407359068,0.0059668407359068,0.0285574337240966,0.0283833590343791,,,0.5384615384615384,0.5384615384615384
Gold,2018-10,0.0049382716049382,0.0060205889480599,0.0060205889480599,0.0285574337240966,0.0283833590343791,,,0.5384615384615384,0.5384615384615384
Gold,2018-11,0.0237510237510236,0.0060135609133643,0.0060135609133643,0.0285574337240966,0.0283833590343791,,,0.5384615384615384,0.5384615384615384
Gold,2018-12,0.0336,0.0061279961574782,0.0061279961574782,0.0285574337240966,0.0283833590343791,,,0.5384615384615384,0.5384615384615384
Gold,2019-01,0.021671826625387,0.0063040987462123,0.0063040987462123,0.0285574337240966,0.0283833590343791,,,0.5384615384615384,0.5384615384615384
Gold,2019-02,-0.0143939393939394,0.0064019823632771,0.0064019823632771,0.0285574337240966,0.0283833590343791,,,0.5384615384615384,0.5384615384615384
Gold,2019-03,-0.0115295926210606,0.0062703626053201,0.0062703626053201,0.0285574337240966,0.0283833590343791,,,0.5384615384615384,0.5384615384615384
Gold,2019-04,-0.0015552099533436,0.0061584132013806,0.0061584132013806,0.0285574337240966,0.0283833590343791,,,0.5384615384615384,0.5384615384615384
Gold,2019-05,0.0584112149532709,0.0061102030566635,0.0061102030566635,0.0285574337240966,0.0283833590343791,,,0.5384615384615384,0.5384615384615384
Gold,2019-06,0.0397350993377483,0.0064350540622325,0.0064350540622325,0.0285574337240966,0.0283833590343791,,,0.5384615384615384,0.5384615384615384
Gold,2019-07,0.0615711252653927,0.0066406098972666,0.0066406098972666,0.0285574337240966,0.0283833590343791,,,0.5384615384615384,0.5384615384615384
Gold,2019-08,0.0073333333333334,0.0069776069240649,0.0069776069240649,0.0285574337240966,0.0283833590343791,,,0.5384615384615384,0.5384615384615384
Gold,2019-09,-0.0105890138980807,0.006979775987536,0.006979775987536,0.0285574337240966,0.0283833590343791,,,0.5384615384615384,0.5384615384615384
Gold,2019-10,-0.0160535117056855,0.0068732984730778,0.0068732984730778,0.0285574337240966,0.0283833590343791,,,0.5384615384615384,0.5384615384615384
Gold,2019-11,0.0054384772263766,0.0067351851587479,0.0067351851587479,0.0285574337240966,0.0283833590343791,,,0.5384615384615384,0.5384615384615384
Gold,2019-12,0.0554428668018931,0.0067274204405899,0.0067274204405899,0.0285574337240966,0.0283833590343791,,,0.5384615384615384,0.5384615384615384
Gold,2020-01,0.023062139654068,0.0070173933355977,0.0070173933355977,0.0285574337240966,0.0283833590343791,,,0.5384615384615384,0.5384615384615384
Gold,2020-02,-0.0031308703819661,0.0071446893435021,0.0071446893435021,0.0285574337240966,0.0283833590343791,,,0.5384615384615384,0.5384615384615384
Gold,2020-03,0.0571608040201006,0.0070520785273677,0.0070520785273677,0.0285574337240966,0.0283833590343791,,,0.5384615384615384,0.5384615384615384
Gold,2020-04,0.0196078431372548,0.0073451120097814,0.0073451120097814,0.0285574337240966,0.0283833590343791,,,0.5384615384615384,0.5384615384615384
Gold,2020-05,0.0093240093240092,0.0074164069581969,0.0074164069581969,0.0285574337240966,0.0283833590343791,,,0.5384615384615384,0.5384615384615384
Gold,2020-06,0.0663972286374134,0.0074274335614675,0.0074274335614675,0.0285574337240966,0.0283833590343791,,,0.5384615384615384,0.5384615384615384
Gold,2020-07,0.0660530590146182,0.0077663404297201,0.0077663404297201,0.0285574337240966,0.0283833590343791,,,0.5384615384615384,0.5384615384615384
Gold,2020-08,-0.0238699847638395,0.0087172531564476,0.0087172531564476,0.0285574337240966,0.0283833590343791,,,0.5384615384615384,0.5384615384615384
Gold,2020-09,-0.0114464099895941,0.0078217612606158,0.0078217612606158,0.0285574337240966,0.0283833590343791,,,0.5384615384615384,0.5384615384615384
Gold,2020-10,-0.0178947368421052,0.0077181266201965,0.0077181266201965,0.0285574337240966,0.0283833590343791,,,0.5384615384615384,0.5384615384615384
Gold,2020-11,-0.0042872454448017,0.0075100410169283,0.0075100410169283,0.0285574337240966,0.0283833590343791,,,0.5384615384615384,0.5384615384615384
Gold,2020-12,0.0048439181916037,0.0075172885299097,0.0075172885299097,0.0285574337240966,0.0283833590343791,,,0.5384615384615384,0.5384615384615384
Gold,2021-01,-0.0316014997321907,0.007562372299813,0.007562372299813,0.0285574337240966,0.0283833590343791,,,0.5384615384615384,0.5384615384615384
Gold,2021-02,-0.0497787610619469,0.0071166923560726,0.0071166923560726,0.0285574337240966,0.0283833590343791,,,0.5384615384615384,0.5384615384615384
Gold,2021-03,0.0244470314318976,0.0062807654026495,0.0062807654026495,0.0285574337240966,0.0283833590343791,,,0.5384615384615384,0.5384615384615384
Gold,2021-04,0.0511363636363635,0.0072954693125876,0.0072954693125876,0.0285574337240966,0.0283833590343791,,,0.5384615384615384,0.5384615384615384
Gold,2021-05,-0.0081081081081081,0.0078611282612995,0.0078611282612995,0.0285574337240966,0.0283833590343791,,,0.5384615384615384,0.5384615384615384
Gold,2021-06,-0.0147138964577656,0.0071780677027952,0.0071780677027952,0.0285574337240966,0.0283833590343791,,,0.5384615384615384,0.5384615384615384
Gold,2021-07,-0.0127212389380531,0.0069912335985172,0.0069912335985172,0.0285574337240966,0.0283833590343791,,,0.5384615384615384,0.5384615384615384
Gold,2021-08,-0.0056022408963585,0.0068815778905461,0.0068815778905461,0.0285574337240966,0.0283833590343791,,,0.5384615384615384,0.5384615384615384
Gold,2021-09,0.0011267605633802,0.0068781047090747,0.0068781047090747,0.0285574337240966,0.0283833590343791,,,0.5384615384615384,0.5384615384615384
Gold,2021-10,0.0253235790658412,0.0069161527837378,0.0069161527837378,0.0285574337240966,0.0283833590343791,,,0.5384615384615384,0.5384615384615384
Gold,2021-11,-0.0175631174533479,0.0072406286211652,0.0072406286211652,0.0285574337240966,0.0283833590343791,,,0.5384615384615384,0.5384615384615384
Gold,2021-12,0.0145251396648045,0.0067631976226202,0.0067631976226202,0.0285574337240966,0.0283833590343791,,,0.5384615384615384,0.5384615384615384
Gold,2022-01,0.0220264317180616,0.0070300719221761,0.0070300719221761,0.0285574337240966,0.0283833590343791,,,0.5384615384615384,0.5384615384615384
Gold,2022-02,0.0495689655172413,0.0071545160457656,0.0071545160457656,0.0285574337240966,0.0283833590343791,,,0.5384615384615384,0.5384615384615384
Gold,2022-03,-0.0056468172484599,0.0076166677581224,0.0076166677581224,0.0285574337240966,0.0283833590343791,,,0.5384615384615384,0.5384615384615384
Gold,2022-04,-0.0454310789881259,0.0071451036433378,0.0071451036433378,0.0285574337240966,0.0283833590343791,,,0.5384615384615384,0.5384615384615384
Gold,2022-05,-0.0064899945916712,0.0065594039642634,0.0065594039642634,0.0285574337240966,0.0283833590343791,,,0.5384615384615384,0.5384615384615384
Gold,2022-06,-0.0566140446379966,0.0067594144648937,0.0067594144648937,0.0285574337240966,0.0283833590343791,,,0.5384615384615384,0.5384615384615384
Gold,2022-07,0.0184650894402769,0.0058417901203857,0.0058417901203857,0.0285574337240966,0.0283833590343791,,,0.5384615384615384,0.5384615384615384
Gold,2022-08,-0.0475920679886685,0.0067041526078868,0.0067041526078868,0.0285574337240966,0.0283833590343791,,,0.5384615384615384,0.5384615384615384
Gold,2022-09,-0.0101130279595479,0.0060736457133335,0.0060736457133335,0.0285574337240966,0.0283833590343791,,,0.5384615384615384,0.5384615384615384
Gold,2022-10,0.0366586538461537,0.0061488435316273,0.0061488435316273,0.0285574337240966,0.0283833590343791,,,0.5384615384615384,0.5384615384615384
Gold,2022-11,0.0423188405797101,0.0065634439764089,0.0065634439764089,0.0285574337240966,0.0283833590343791,,,0.5384615384615384,0.5384615384615384
Gold,2022-12,0.0556173526140155,0.0068726017353456,0.0068726017353456,0.0285574337240966,0.0283833590343791,,,0.5384615384615384,0.5384615384615384
Gold,2023-01,-0.0226554267650157,0.0074590462023357,0.0074590462023357,0.0285574337240966,0.0283833590343791,,,0.5384615384615384,0.5384615384615384
Gold,2023-02,0.031266846361186,0.0064689189252592,0.0064689189252592,0.0285574337240966,0.0283833590343791,,,0.5384615384615384,0.5384615384615384
Gold,2023-03,0.0454783063251438,0.0069188131134539,0.0069188131134539,0.0285574337240966,0.0283833590343791,,,0.5384615384615384,0.5384615384615384
Gold,2023-04,-0.004,0.0072667990538809,0.0072667990538809,0.0285574337240966,0.0283833590343791,,,0.5384615384615384,0.5384615384615384
Gold,2023-05,-0.0245983935742971,0.006884714612868,0.006884714612868,0.0285574337240966,0.0283833590343791,,,0.5384615384615384,0.5384615384615384
Gold,2023-06,0.0041173443129181,0.0066035579950134,0.0066035579950134,0.0285574337240966,0.0283833590343791,,,0.5384615384615384,0.5384615384615384
Gold,2023-07,-0.0164018452075858,0.0067619907982644,0.0067619907982644,0.0285574337240966,0.0283833590343791,,,0.5384615384615384,0.5384615384615384
Gold,2023-08,-0.0015633142261594,0.0065385706408781,0.0065385706408781,0.0285574337240966,0.0283833590343791,,,0.5384615384615384,0.5384615384615384
Gold,2023-09,0.0,0.0065811678716206,0.0065811678716206,0.0285574337240966,0.0283833590343791,,,0.5384615384615384,0.5384615384615384
Gold,2023-10,0.0354906054279748,0.0065602192142989,0.0065602192142989,0.0285574337240966,0.0283833590343791,,,0.5384615384615384,0.5384615384615384
Gold,2023-11,0.0211693548387097,0.0068668155107458,0.0068668155107458,0.0285574337240966,0.0283833590343791,,,0.5384615384615384,0.5384615384615384
Gold,2023-12,0.0039486673247779,0.0068782529259422,0.0068782529259422,0.0285574337240966,0.0283833590343791,,,0.5384615384615384,0.5384615384615384
Gold,2024-01,-0.0054080629301868,0.0067722404176728,0.0067722404176728,0.0285574337240966,0.0283833590343791,,,0.5384615384615384,0.5384615384615384
Gold,2024-02,0.0667325753830945,0.0066717411832479,0.0066717411832479,0.0285574337240966,0.0283833590343791,,,0.5384615384615384,0.5384615384615384
Gold,2024-03,0.0801668211306765,0.0071335127346854,0.0071335127346854,0.0285574337240966,0.0283833590343791,,,0.5384615384615384,0.5384615384615384
Gold,2024-04,0.0085800085800085,0.0084032983659069,0.0084032983659069,0.0285574337240966,0.0283833590343791,,,0.5384615384615384,0.5384615384615384
Gold,2024-05,-0.0106337728626116,0.0073589899824158,0.0073589899824158,0.0285574337240966,0.0283833590343791,,,0.5384615384615384,0.5384615384615384
Gold,2024-06,0.0309544282029234,0.0070288117485508,0.0070288117485508,0.0285574337240966,0.0283833590343791,,,0.5384615384615384,0.5384615384615384
Gold,2024-07,0.0300250208507089,0.0076348434767168,0.0076348434767168,0.0285574337240966,0.0283833590343791,,,0.5384615384615384,0.5384615384615384
Gold,2024-08,0.0408906882591093,0.0077513377230959,0.0077513377230959,0.0285574337240966,0.0283833590343791,,,0.5384615384615384,0.5384615384615384
Gold,2024-09,0.0462854920264488,0.0080956737354296,0.0080956737354296,0.0285574337240966,0.0283833590343791,,,0.5384615384615384,0.5384615384615384
Gold,2024-10,-0.0144981412639405,0.0084694729772548,0.0084694729772548,0.0285574337240966,0.0283833590343791,,,0.5384615384615384,0.5384615384615384
Gold,2024-11,-0.001131648434553,0.007371375436498,0.007371375436498,0.0285574337240966,0.0283833590343791,,,0.5384615384615384,0.5384615384615384
Gold,2024-12,0.0234138972809667,0.007524221581997,0.007524221581997,0.0285574337240966,0.0283833590343791,,,0.5384615384615384,0.5384615384615384
Gold,2025-01,0.0682656826568266,0.0079397610252098,0.0079397610252098,0.0285574337240966,0.0283833590343791,,,0.5384615384615384,0.5384615384615384
Gold,2025-02,0.0303972366148532,0.0089711637025917,0.0089711637025917,0.0285574337240966,0.0283833590343791,,,0.5384615384615384,0.5384615384615384
Gold,2025-03,0.0787797519275896,0.0085106154114136,0.0085106154114136,0.0285574337240966,0.0283833590343791,,,0.5384615384615384,0.5384615384615384
Gold,2025-04,0.0282784338098198,0.0100370185686256,0.0100370185686256,0.0285574337240966,0.0283833590343791,,,0.5384615384615384,0.5384615384615384
Gold,2025-05,0.0132970686007858,0.0089862816876929,0.0089862816876929,0.0285574337240966,0.0283833590343791,,,0.5384615384615384,0.5384615384615384
Gold,2025-06,-0.0038771249627199,0.0086168760121183,0.0086168760121183,0.0285574337240966,0.0283833590343791,,,0.5384615384615384,0.5384615384615384
Gold,2025-07,0.0083832335329341,0.0081268658218559,0.0081268658218559,0.0285574337240966,0.0283833590343791,,,0.5384615384615384,0.5384615384615384
Gold,2025-08,0.0890736342042755,0.0084383275283082,0.0084383275283082,0.0285574337240966,0.0283833590343791,,,0.5384615384615384,0.5384615384615384
Gold,2025-09,0.1063249727371864,0.0107669991656301,0.0107669991656301,0.0285574337240966,0.0283833590343791,,,0.5384615384615384,0.5384615384615384
Gold,2025-10,0.0071463775258748,0.0135865423045747,0.0135865423045747,0.0285574337240966,0.0283833590343791,,,0.5384615384615384,0.5384615384615384
Gold,2025-11,0.054318571079031,0.0090949114538671,0.0090949114538671,0.0285574337240966,0.0283833590343791,,,0.5384615384615384,0.5384615384615384
Gold,2025-12,0.1030401485263401,0.0112102641694265,0.0112102641694265,0.0285574337240966,0.0283833590343791,,,0.5384615384615384,0.5384615384615384
Gold,2026-01,0.0561750473385229,0.0145872297031969,0.0145872297031969,0.0285574337240966,0.0283833590343791,,,0.5384615384615384,0.5384615384615384
Gold,2026-02,-0.0326693227091633,0.0129092983068843,0.0129092983068843,0.0285574337240966,0.0283833590343791,,,0.5384615384615384,0.5384615384615384
Gold,2026-03,-0.0278006589785831,0.0074685733609743,0.0074685733609743,0.0285574337240966,0.0283833590343791,,,0.5384615384615384,0.5384615384615384
Gold,2026-04,-0.0283838169879262,0.0074550236977773,0.0074550236977773,0.0285574337240966,0.0283833590343791,,,0.5384615384615384,0.5384615384615384
Gold,2026-05,-0.0782646609984739,0.0071554555295356,0.0071554555295356,0.0285574337240966,0.0283833590343791,,,0.5384615384615384,0.5384615384615384
Gold,2026-06,-0.0366603595080415,0.0030635639096447,0.0030635639096447,0.0285574337240966,0.0283833590343791,,,0.5384615384615384,0.5384615384615384
Copper,2010-01,-0.0678260574492271,0.0293842828725442,0.0157385189660776,0.0359226104299446,0.0367298184346468,,,0.5482233502538071,0.5532994923857868
Copper,2010-02,0.0872580287518987,-0.0210171713846817,-0.0131905928115659,0.0359226104299446,0.0367298184346468,,,0.5482233502538071,0.5532994923857868
Copper,2010-03,0.0352089210694102,0.0444980569494225,0.0468441162072031,0.0359226104299446,0.0367298184346468,,,0.5482233502538071,0.5532994923857868
Copper,2010-04,-0.1147086992790156,0.0236624342577553,0.0263387195875581,0.0359226104299446,0.0367298184346468,,,0.5482233502538071,0.5532994923857868
Copper,2010-05,-0.0499269343177971,-0.0343607191491021,-0.0066236814320474,0.0359226104299446,0.0367298184346468,,,0.5482233502538071,0.5532994923857868
Copper,2010-06,0.0383093412009816,-0.0122699223930318,0.0262009371190432,0.0359226104299446,0.0367298184346468,,,0.5482233502538071,0.5532994923857868
Copper,2010-07,0.0817854838257161,0.0229866148481039,0.0317255490093655,0.0359226104299446,0.0367298184346468,,,0.5482233502538071,0.5532994923857868
Copper,2010-08,0.0584614171659998,0.0401471924699516,0.0446027260661873,0.0359226104299446,0.0367298184346468,,,0.5482233502538071,0.5532994923857868
Copper,2010-09,0.0724709757940964,0.0282714128055127,0.0304881103557283,0.0359226104299446,0.0367298184346468,,,0.5482233502538071,0.5532994923857868
Copper,2010-10,0.0203454033687828,0.0354562347936694,0.0325323405982857,0.0359226104299446,0.0367298184346468,,,0.5482233502538071,0.5532994923857868
Copper,2010-11,0.0821000436243986,0.0141828717007457,0.0132065822306232,0.0359226104299446,0.0367298184346468,,,0.5482233502538071,0.5532994923857868
Copper,2010-12,0.0415545497112532,0.0402218731465675,0.0494909140249468,0.0359226104299446,0.0367298184346468,,,0.5482233502538071,0.5532994923857868
Copper,2011-01,0.0364764716989047,0.0245355791451568,0.0378636711143465,0.0359226104299446,0.0367298184346468,,,0.5482233502538071,0.5532994923857868
Copper,2011-02,-0.0382128522063646,0.0232205397903426,0.0081664567721168,0.0359226104299446,0.0367298184346468,,,0.5482233502538071,0.5532994923857868
Copper,2011-03,-0.0021685696933235,-0.0065773359652602,-0.0497575703449014,0.0359226104299446,0.0367298184346468,,,0.5482233502538071,0.5532994923857868
Copper,2011-04,-0.0581134164667422,0.0076567076798612,-0.010115368153499,0.0359226104299446,0.0367298184346468,,,0.5482233502538071,0.5532994923857868
Copper,2011-05,0.0151345937606632,-0.0157190458470718,-0.0419630389864267,0.0359226104299446,0.0367298184346468,,,0.5482233502538071,0.5532994923857868
Copper,2011-06,0.0643676543338525,0.0142829953663323,-0.0386352630144452,0.0359226104299446,0.0367298184346468,,,0.5482233502538071,0.5532994923857868
Copper,2011-07,-0.0676108040020954,0.0351031561204697,0.0151008948382903,0.0359226104299446,0.0367298184346468,,,0.5482233502538071,0.5532994923857868
Copper,2011-08,-0.077556474111007,-0.0161884404556584,-0.0431958017025731,0.0359226104299446,0.0367298184346468,,,0.5482233502538071,0.5532994923857868
Copper,2011-09,-0.1091483136849313,-0.0211157067899773,-0.031552047113766,0.0359226104299446,0.0367298184346468,,,0.5482233502538071,0.5532994923857868
Copper,2011-10,0.0252674382251656,-0.0372033942051168,-0.0436883139677259,0.0359226104299446,0.0367298184346468,,,0.5482233502538071,0.5532994923857868
Copper,2011-11,-0.0029214695786428,0.0166477597911726,0.0107791466650311,0.0359226104299446,0.0367298184346468,,,0.5482233502538071,0.5532994923857868
Copper,2011-12,0.066549806243213,0.0058217191174307,0.006520662540787,0.0359226104299446,0.0367298184346468,,,0.5482233502538071,0.5532994923857868
Copper,2012-01,0.0470820332515751,0.0327833450943615,0.0394359928184244,0.0359226104299446,0.0367298184346468,,,0.5482233502538071,0.5532994923857868
Copper,2012-02,0.0034704776385958,0.0257909700521133,0.0235538400907199,0.0359226104299446,0.0367298184346468,,,0.5482233502538071,0.5532994923857868
Copper,2012-03,-0.0218702038833026,0.0089882873564388,0.0080556392699197,0.0359226104299446,0.0367298184346468,,,0.5482233502538071,0.5532994923857868
Copper,2012-04,-0.0469031429107655,-0.0010040257868742,-0.0001933002465559,0.0359226104299446,0.0367298184346468,,,0.5482233502538071,0.5532994923857868
Copper,2012-05,-0.0593421567641387,-0.01147038860068,-0.0068412898165374,0.0359226104299446,0.0367298184346468,,,0.5482233502538071,0.5532994923857868
Copper,2012-06,0.0209970129064982,-0.0176990284537095,-0.0086630391558853,0.0359226104299446,0.0367298184346468,,,0.5482233502538071,0.5532994923857868
Copper,2012-07,-0.0097345729418728,0.014051551837105,0.0214239852103618,0.0359226104299446,0.0367298184346468,,,0.5482233502538071,0.5532994923857868
Copper,2012-08,0.0768678413963608,0.0022122677164259,0.0128220300251544,0.0359226104299446,0.0367298184346468,,,0.5482233502538071,0.5532994923857868
Copper,2012-09,-0.0031788711503053,0.0356831432944839,0.0384285424287108,0.0359226104299446,0.0367298184346468,,,0.5482233502538071,0.5532994923857868
Copper,2012-10,-0.0435132618528487,0.0054681870243508,0.0052053629488368,0.0359226104299446,0.0367298184346468,,,0.5482233502538071,0.5532994923857868
Copper,2012-11,0.0331023273403938,-0.009814531681744,-0.0040441910404809,0.0359226104299446,0.0367298184346468,,,0.5482233502538071,0.5532994923857868
Copper,2012-12,0.0109523552837897,0.0184123113894789,0.0227312692288492,0.0359226104299446,0.0367298184346468,,,0.5482233502538071,0.5532994923857868
Copper,2013-01,0.0008923015708401,0.0103070755961502,0.0099472204235411,0.0359226104299446,0.0367298184346468,,,0.5482233502538071,0.5532994923857868
Copper,2013-02,-0.0506827690370522,0.0062887131326241,0.0098586322749016,0.0359226104299446,0.0367298184346468,,,0.5482233502538071,0.5532994923857868
Copper,2013-03,-0.0563502305151139,-0.0133495917270764,0.0001554444565598,0.0359226104299446,0.0367298184346468,,,0.5482233502538071,0.5532994923857868
Copper,2013-04,0.0038155052214259,-0.0163897583045665,-0.0084336892302992,0.0359226104299446,0.0367298184346468,,,0.5482233502538071,0.5532994923857868
Copper,2013-05,-0.0342787390867346,0.0060130860507258,0.0175962805604739,0.0359226104299446,0.0367298184346468,,,0.5482233502538071,0.5532994923857868
Copper,2013-06,-0.0133704314535291,-0.0085482425359692,-0.0003414114280758,0.0359226104299446,0.0367298184346468,,,0.5482233502538071,0.5532994923857868
Copper,2013-07,0.0404840331690827,-0.0014634985000847,0.0062371282091568,0.0359226104299446,0.0367298184346468,,,0.5482233502538071,0.5532994923857868
Copper,2013-08,-0.00375452459641,0.0195144389827017,0.0232488506107375,0.0359226104299446,0.0367298184346468,,,0.5482233502538071,0.5532994923857868
Copper,2013-09,0.0061113350008739,0.0029898118602277,0.0062652439429855,0.0359226104299446,0.0367298184346468,,,0.5482233502538071,0.5532994923857868
Copper,2013-10,-0.0183765899950834,0.0064834415318376,0.0076281429413287,0.0359226104299446,0.0367298184346468,,,0.5482233502538071,0.5532994923857868
Copper,2013-11,0.0204005488816114,-0.003084244449367,-0.0001343699921136,0.0359226104299446,0.0367298184346468,,,0.5482233502538071,0.5532994923857868
Copper,2013-12,0.0106121926971836,0.011645410632262,0.0110209960552526,0.0359226104299446,0.0367298184346468,,,0.5482233502538071,0.5532994923857868
Copper,2014-01,-0.0195095761078097,0.0081860618299358,0.0117190374247749,0.0359226104299446,0.0367298184346468,,,0.5482233502538071,0.5532994923857868
Copper,2014-02,-0.0698226253191223,-0.0030547655041955,-0.0004214378274749,0.0359226104299446,0.0367298184346468,,,0.5482233502538071,0.5532994923857868
Copper,2014-03,0.0035378435131927,-0.0215798888433302,-0.0219482110396967,0.0359226104299446,0.0367298184346468,,,0.5482233502538071,0.5532994923857868
Copper,2014-04,0.0326006536988303,0.0049472613425615,0.0041136864090072,0.0359226104299446,0.0367298184346468,,,0.5482233502538071,0.5532994923857868
Copper,2014-05,-0.0101554017460346,0.0161566131795237,0.0157314525911568,0.0359226104299446,0.0367298184346468,,,0.5482233502538071,0.5532994923857868
Copper,2014-06,0.0428429053254222,-0.0003304336928849,-0.0010130952572701,0.0359226104299446,0.0367298184346468,,,0.5482233502538071,0.5532994923857868
Copper,2014-07,-0.0156807211149839,0.0193495044011768,0.0198263862127113,0.0359226104299446,0.0367298184346468,,,0.5482233502538071,0.5532994923857868
Copper,2014-08,-0.0185125105958386,-0.0016327759713731,0.0032152970853776,0.0359226104299446,0.0367298184346468,,,0.5482233502538071,0.5532994923857868
Copper,2014-09,-0.0196061430554163,-0.0027651632181066,0.0099225677797167,0.0359226104299446,0.0367298184346468,,,0.5482233502538071,0.5532994923857868
Copper,2014-10,-0.0036554122946269,-0.0043972458983636,0.0129365176077963,0.0359226104299446,0.0367298184346468,,,0.5482233502538071,0.5532994923857868
Copper,2014-11,-0.0396847269114637,0.0015329216758854,0.0238950108261385,0.0359226104299446,0.0367298184346468,,,0.5482233502538071,0.5532994923857868
Copper,2014-12,-0.0955435067645179,-0.0116195099984836,0.0092580368930449,0.0359226104299446,0.0367298184346468,,,0.5482233502538071,0.5532994923857868
Copper,2015-01,-0.0173673088113687,-0.0314675690561691,-0.0018987665865484,0.0359226104299446,0.0367298184346468,,,0.5482233502538071,0.5532994923857868
Copper,2015-02,0.0367228758517361,-0.0038228433856754,0.0262792144292256,0.0359226104299446,0.0367298184346468,,,0.5482233502538071,0.5532994923857868
Copper,2015-03,0.0172428834626958,0.0170489755711782,0.052929442345024,0.0359226104299446,0.0367298184346468,,,0.5482233502538071,0.5532994923857868
Copper,2015-04,0.0418214426370811,0.0081258613768151,0.0345487289954666,0.0359226104299446,0.0367298184346468,,,0.5482233502538071,0.5532994923857868
Copper,2015-05,-0.0733568484387354,0.0165859679381426,0.038778004785059,0.0359226104299446,0.0367298184346468,,,0.5482233502538071,0.5532994923857868
Copper,2015-06,-0.0645055084209194,-0.0219249327131796,-0.0084708898258679,0.0359226104299446,0.0367298184346468,,,0.5482233502538071,0.5532994923857868
Copper,2015-07,-0.0603747651990653,-0.0193099300333953,-0.0079995974467646,0.0359226104299446,0.0367298184346468,,,0.5482233502538071,0.5532994923857868
Copper,2015-08,0.0175433464006395,-0.0220600156965302,-0.0097986582706717,0.0359226104299446,0.0367298184346468,,,0.5482233502538071,0.5532994923857868
Copper,2015-09,-0.0002221651078807,0.0083589880869521,0.0191643898974284,0.0359226104299446,0.0367298184346468,,,0.5482233502538071,0.5532994923857868
Copper,2015-10,-0.0797888983224569,0.0018011476440556,0.0069870892127269,0.0359226104299446,0.0367298184346468,,,0.5482233502538071,0.5532994923857868
Copper,2015-11,-0.0335572134367746,-0.0261907913207841,-0.0198818124511286,0.0359226104299446,0.0367298184346468,,,0.5482233502538071,0.5532994923857868
Copper,2015-12,-0.0360103115007364,-0.0107383502110196,-0.0093915024589661,0.0359226104299446,0.0367298184346468,,,0.5482233502538071,0.5532994923857868
Copper,2016-01,0.0283626061433033,-0.0126427838902314,-0.0118066897107721,0.0359226104299446,0.0367298184346468,,,0.5482233502538071,0.5532994923857868
Copper,2016-02,0.0772359196860341,0.0109432542632995,0.0015997463590122,0.0359226104299446,0.0367298184346468,,,0.5482233502538071,0.5532994923857868
Copper,2016-03,-0.0163631076687197,0.0296458799543645,0.0307656345098032,0.0359226104299446,0.0367298184346468,,,0.5482233502538071,0.5532994923857868
Copper,2016-04,-0.0365709364540323,-0.0038694428663282,-0.0045603087376128,0.0359226104299446,0.0367298184346468,,,0.5482233502538071,0.5532994923857868
Copper,2016-05,-0.0111984601058339,-0.0105864659469763,-0.0109737926763097,0.0359226104299446,0.0367298184346468,,,0.5482233502538071,0.5532994923857868
Copper,2016-06,0.0480268182015826,-0.0036909526138076,-0.0044894516482948,0.0359226104299446,0.0367298184346468,,,0.5482233502538071,0.5532994923857868
Copper,2016-07,-0.0232757500714099,0.0185100190123095,0.0212558305281725,0.0359226104299446,0.0367298184346468,,,0.5482233502538071,0.5532994923857868
Copper,2016-08,-0.0062011684885938,-0.0065363394971935,-0.0062070773184262,0.0359226104299446,0.0367298184346468,,,0.5482233502538071,0.5532994923857868
Copper,2016-09,0.0019180362096085,-0.0006998146693988,-0.000584699395611,0.0359226104299446,0.0367298184346468,,,0.5482233502538071,0.5532994923857868
Copper,2016-10,0.1521095064924609,0.001451828382463,0.0002736389632204,0.0359226104299446,0.0367298184346468,,,0.5482233502538071,0.5532994923857868
Copper,2016-11,0.038418785778912,0.0550685001640299,0.0597773797573562,0.0359226104299446,0.0367298184346468,,,0.5482233502538071,0.5532994923857868
Copper,2016-12,0.0166437629845368,0.0158917899665378,0.0195651550239758,0.0359226104299446,0.0367298184346468,,,0.5482233502538071,0.5532994923857868
Copper,2017-01,0.0323835343816394,0.0085372943658723,0.0114944227417183,0.0359226104299446,0.0367298184346468,,,0.5482233502538071,0.5532994923857868
Copper,2017-02,-0.0195730984452963,0.0140334426293189,0.0174729001183518,0.0359226104299446,0.0367298184346468,,,0.5482233502538071,0.5532994923857868
Copper,2017-03,-0.0241607872946677,-0.0037285155185686,-0.0020044159112317,0.0359226104299446,0.0367298184346468,,,0.5482233502538071,0.5532994923857868
Copper,2017-04,-0.0148389684457674,-0.0054329915567808,-0.0048027318649873,0.0359226104299446,0.0367298184346468,,,0.5482233502538071,0.5532994923857868
Copper,2017-05,0.0214663027182295,-0.002365364010494,-0.0022757107567537,0.0359226104299446,0.0367298184346468,,,0.5482233502538071,0.5532994923857868
Copper,2017-06,0.0463931389987188,0.0100182070293227,0.0104871286069012,0.0359226104299446,0.0367298184346468,,,0.5482233502538071,0.5532994923857868
Copper,2017-07,0.0836250621581302,0.0186758033033493,0.0195576914713977,0.0359226104299446,0.0367298184346468,,,0.5482233502538071,0.5532994923857868
Copper,2017-08,0.0141145481995439,0.0319104259541246,0.0333094401892619,0.0359226104299446,0.0367298184346468,,,0.5482233502538071,0.5532994923857868
Copper,2017-09,0.0350356951160235,0.0081668945588346,0.0091989677162815,0.0359226104299446,0.0367298184346468,,,0.5482233502538071,0.5532994923857868
Copper,2017-10,0.0027826510802595,0.0154142414375552,0.016801132556829,0.0359226104299446,0.0367298184346468,,,0.5482233502538071,0.5532994923857868
Copper,2017-11,0.0010765741392311,0.0044490128481927,0.0056716221786241,0.0359226104299446,0.0367298184346468,,,0.5482233502538071,0.5532994923857868
Copper,2017-12,0.0339422166739948,0.0038522628373226,0.0048959621266125,0.0359226104299446,0.0367298184346468,,,0.5482233502538071,0.5532994923857868
Copper,2018-01,-0.0083963364131266,0.0151033665514742,0.0159689877976797,0.0359226104299446,0.0367298184346468,,,0.5482233502538071,0.5532994923857868
Copper,2018-02,-0.0295933331532292,0.0007342837217514,0.0013432599461909,0.0359226104299446,0.0367298184346468,,,0.5482233502538071,0.5532994923857868
Copper,2018-03,0.0076970957626185,-0.0065812158919607,-0.0060627380148704,0.0359226104299446,0.0367298184346468,,,0.5482233502538071,0.5532994923857868
Copper,2018-04,-0.0038296201716321,0.0060108520546578,0.0065974694166889,0.0359226104299446,0.0367298184346468,,,0.5482233502538071,0.5532994923857868
Copper,2018-05,0.0205974642566231,0.0020943021347207,0.0029191643840072,0.0359226104299446,0.0367298184346468,,,0.5482233502538071,0.5532994923857868
Copper,2018-06,-0.1026588872254465,0.0103694621481196,0.011408513748869,0.0359226104299446,0.0367298184346468,,,0.5482233502538071,0.5532994923857868
Copper,2018-07,-0.0319488934055185,-0.0312373472573456,-0.0312373472573456,0.0359226104299446,0.0367298184346468,,,0.5482233502538071,0.5532994923857868
Copper,2018-08,-4.67612658970884e-05,-0.0078021136171833,-0.0078021136171833,0.0359226104299446,0.0367298184346468,,,0.5482233502538071,0.5532994923857868
Copper,2018-09,0.0279013523538131,0.0027961248967692,0.0027961248967692,0.0359226104299446,0.0367298184346468,,,0.5482233502538071,0.5532994923857868
Copper,2018-10,-0.0038051565388064,0.0121715500520638,0.0122097710195559,0.0359226104299446,0.0367298184346468,,,0.5482233502538071,0.5532994923857868
Copper,2018-11,-0.0194651732469052,0.0016255734894886,0.0016255734894886,0.0359226104299446,0.0367298184346468,,,0.5482233502538071,0.5532994923857868
Copper,2018-12,-0.0224208125909141,-0.003659755655287,-0.003659755655287,0.0359226104299446,0.0367298184346468,,,0.5482233502538071,0.5532994923857868
Copper,2019-01,0.0608484600327949,-0.0047600079768616,-0.0047600079768616,0.0359226104299446,0.0367298184346468,,,0.5482233502538071,0.5532994923857868
Copper,2019-02,0.0220581003794209,0.0229284198317445,0.0229284198317445,0.0359226104299446,0.0367298184346468,,,0.5482233502538071,0.5532994923857868
Copper,2019-03,-0.0001710989711877,0.0102416016873461,0.0102416016873461,0.0359226104299446,0.0367298184346468,,,0.5482233502538071,0.5532994923857868
Copper,2019-04,-0.0653050737816079,0.0029246672750264,0.0029246672750264,0.0359226104299446,0.0367298184346468,,,0.5482233502538071,0.5532994923857868
Copper,2019-05,-0.0225460134835728,-0.0187396138925941,-0.0187396138925941,0.0359226104299446,0.0367298184346468,,,0.5482233502538071,0.5532994923857868
Copper,2019-06,0.010025228918294,-0.0048186800999153,-0.0048186800999153,0.0359226104299446,0.0367298184346468,,,0.5482233502538071,0.5532994923857868
Copper,2019-07,-0.039008171006561,0.0058848985909286,0.0058848985909286,0.0359226104299446,0.0367298184346468,,,0.5482233502538071,0.5532994923857868
Copper,2019-08,0.0087240639458874,-0.0103138019103767,-0.0103138019103767,0.0359226104299446,0.0367298184346468,,,0.5482233502538071,0.5532994923857868
Copper,2019-09,-0.0003389632179612,0.00529381006331,0.00529381006331,0.0359226104299446,0.0367298184346468,,,0.5482233502538071,0.5532994923857868
Copper,2019-10,0.0178303360302614,0.0023297402528307,0.0023297402528307,0.0359226104299446,0.0367298184346468,,,0.5482233502538071,0.5532994923857868
Copper,2019-11,0.0370498094409998,0.0082905149168671,0.0082905149168671,0.0359226104299446,0.0367298184346468,,,0.5482233502538071,0.5532994923857868
Copper,2019-12,-0.0075453245858354,0.0146764834563268,0.0146764834563268,0.0359226104299446,0.0367298184346468,,,0.5482233502538071,0.5532994923857868
Copper,2020-01,-0.0569469712842141,0.0001480123828132,0.0001480123828132,0.0359226104299446,0.0367298184346468,,,0.5482233502538071,0.5532994923857868
Copper,2020-02,-0.0888080843599282,-0.0161318912118706,-0.0161318912118706,0.0359226104299446,0.0367298184346468,,,0.5482233502538071,0.5532994923857868
Copper,2020-03,-0.0240533810919162,-0.0272905857004566,-0.0272905857004566,0.0359226104299446,0.0367298184346468,,,0.5482233502538071,0.5532994923857868
Copper,2020-04,0.0359539981220684,-0.0060409653496044,-0.0060409653496044,0.0359226104299446,0.0367298184346468,,,0.5482233502538071,0.5532994923857868
Copper,2020-05,0.0982416415606748,0.0137453141471684,0.0137453141471684,0.0359226104299446,0.0367298184346468,,,0.5482233502538071,0.5532994923857868
Copper,2020-06,0.1073690444272186,0.03475987234613,0.03475987234613,0.0359226104299446,0.0367298184346468,,,0.5482233502538071,0.5532994923857868
Copper,2020-07,0.0213311608121202,0.0389392312245566,0.0389392312245566,0.0359226104299446,0.0367298184346468,,,0.5482233502538071,0.5532994923857868
Copper,2020-08,0.0301928828161439,0.0099366849846997,0.0099366849846997,0.0359226104299446,0.0367298184346468,,,0.5482233502538071,0.5532994923857868
Copper,2020-09,0.001329082258701,0.0130039907621016,0.0130039907621016,0.0359226104299446,0.0367298184346468,,,0.5482233502538071,0.5532994923857868
Copper,2020-10,0.0528903420111062,0.0033340206649205,0.0033340206649205,0.0359226104299446,0.0367298184346468,,,0.5482233502538071,0.5532994923857868
Copper,2020-11,0.099496419767183,0.0207236802027416,0.0207236802027416,0.0359226104299446,0.0367298184346468,,,0.5482233502538071,0.5532994923857868
Copper,2020-12,0.0257209573757635,0.0370126489140509,0.0370126489140509,0.0359226104299446,0.0367298184346468,,,0.5482233502538071,0.5532994923857868
Copper,2021-01,0.0625668930485794,0.0121332592649899,0.0121332592649899,0.0359226104299446,0.0367298184346468,,,0.5482233502538071,0.5532994923857868
Copper,2021-02,0.0610685267617239,0.024775956302568,0.024775956302568,0.0359226104299446,0.0367298184346468,,,0.5482233502538071,0.5532994923857868
Copper,2021-03,0.0374455266950028,0.0245838089065284,0.0245838089065284,0.0359226104299446,0.0367298184346468,,,0.5482233502538071,0.5532994923857868
Copper,2021-04,0.0902395676912712,0.0167069371536444,0.0167069371536444,0.0359226104299446,0.0367298184346468,,,0.5482233502538071,0.5532994923857868
Copper,2021-05,-0.0526037780762589,0.0351224777214301,0.0351224777214301,0.0359226104299446,0.0367298184346468,,,0.5482233502538071,0.5532994923857868
Copper,2021-06,-0.0187592322540148,-0.0133830451426499,-0.0133830451426499,0.0359226104299446,0.0367298184346468,,,0.5482233502538071,0.5532994923857868
Copper,2021-07,-0.0085370242197415,-0.0022039279547004,-0.0022039279547004,0.0359226104299446,0.0367298184346468,,,0.5482233502538071,0.5532994923857868
Copper,2021-08,-0.0048482768560702,0.0011482777338206,0.0011482777338206,0.0359226104299446,0.0367298184346468,,,0.5482233502538071,0.5532994923857868
Copper,2021-09,0.0541045809207467,0.0023390214551012,0.0023390214551012,0.0359226104299446,0.0367298184346468,,,0.5482233502538071,0.5532994923857868
Copper,2021-10,-0.0102057448998252,0.0220887604622075,0.0220887604622075,0.0359226104299446,0.0367298184346468,,,0.5482233502538071,0.5532994923857868
Copper,2021-11,-0.0182676831316614,0.0007162641469727,0.0007162641469727,0.0359226104299446,0.0367298184346468,,,0.5482233502538071,0.5532994923857868
Copper,2021-12,0.0242019834198496,-0.0020327336864858,-0.0020327336864858,0.0359226104299446,0.0367298184346468,,,0.5482233502538071,0.5532994923857868
Copper,2022-01,0.0164416224649783,0.0120323329928152,0.0120323329928152,0.0359226104299446,0.0367298184346468,,,0.5482233502538071,0.5532994923857868
Copper,2022-02,0.0289363219538507,0.0095130567312836,0.0095130567312836,0.0359226104299446,0.0367298184346468,,,0.5482233502538071,0.5532994923857868
Copper,2022-03,-0.0055270140103562,0.013703386572328,0.013703386572328,0.0359226104299446,0.0367298184346468,,,0.5482233502538071,0.5532994923857868
Copper,2022-04,-0.0765965913000028,0.0023319463795536,0.0023319463795536,0.0359226104299446,0.0367298184346468,,,0.5482233502538071,0.5532994923857868
Copper,2022-05,-0.0348562537435176,-0.021355965801701,-0.0224948093972613,0.0359226104299446,0.0367298184346468,,,0.5482233502538071,0.5532994923857868
Copper,2022-06,-0.1679331229537577,-0.0077852811684103,-0.0084147446313422,0.0359226104299446,0.0367298184346468,,,0.5482233502538071,0.5532994923857868
Copper,2022-07,0.0591138382879046,-0.0534734248888026,-0.0735706220693978,0.0359226104299446,0.0367298184346468,,,0.5482233502538071,0.5532994923857868
Copper,2022-08,-0.0306352852437028,0.0219866919389016,0.015364440096979,0.0359226104299446,0.0367298184346468,,,0.5482233502538071,0.5532994923857868
Copper,2022-09,-0.0122551468151916,-0.006253102769742,-0.0112385908697784,0.0359226104299446,0.0367298184346468,,,0.5482233502538071,0.5532994923857868
Copper,2022-10,0.0521205316867294,-0.000589929212009,-0.0037220094275717,0.0359226104299446,0.0367298184346468,,,0.5482233502538071,0.5532994923857868
Copper,2022-11,0.0399050350669505,0.0195555621005633,0.0140846077763711,0.0359226104299446,0.0367298184346468,,,0.5482233502538071,0.5532994923857868
Copper,2022-12,0.0760062185874426,0.0159121131284992,0.0110302164767541,0.0359226104299446,0.0367298184346468,,,0.5482233502538071,0.5532994923857868
Copper,2023-01,-0.0078557391688662,0.0275122079599196,0.0220297706259552,0.0359226104299446,0.0367298184346468,,,0.5482233502538071,0.5532994923857868
Copper,2023-02,-0.0089828622979647,0.0012755030882559,-0.0011274951105562,0.0359226104299446,0.0367298184346468,,,0.5482233502538071,0.5532994923857868
Copper,2023-03,-0.0053242676617485,0.0008788162752441,-0.0008830184890612,0.0359226104299446,0.0367298184346468,,,0.5482233502538071,0.5532994923857868
Copper,2023-04,-0.0642514806942068,0.0019776128077529,0.0009981335405743,0.0359226104299446,0.0367298184346468,,,0.5482233502538071,0.5532994923857868
Copper,2023-05,0.0186047235668478,-0.0165393384361139,-0.0191738138974449,0.0359226104299446,0.0367298184346468,,,0.5482233502538071,0.5532994923857868
Copper,2023-06,0.0095469720841472,0.0091695064552385,0.00797759923667,0.0359226104299446,0.0367298184346468,,,0.5482233502538071,0.5532994923857868
Copper,2023-07,-0.0152006211425068,0.0064005541997995,0.005112651923961,0.0359226104299446,0.0367298184346468,,,0.5482233502538071,0.5532994923857868
Copper,2023-08,-0.0085189164323257,-0.0012599587022408,-0.0026015909577758,0.0359226104299446,0.0367298184346468,,,0.5482233502538071,0.5532994923857868
Copper,2023-09,-0.040518242886085,0.0007466527293666,-0.000855820605037,0.0359226104299446,0.0367298184346468,,,0.5482233502538071,0.5532994923857868
Copper,2023-10,0.0312581152417124,-0.0092355284214273,-0.0103368822038152,0.0359226104299446,0.0367298184346468,,,0.5482233502538071,0.5532994923857868
Copper,2023-11,0.0266573551914868,0.0128402629446684,0.0120727798654465,0.0359226104299446,0.0367298184346468,,,0.5482233502538071,0.5532994923857868
Copper,2023-12,-0.0067271147099391,0.0115117478416268,0.0110594638001205,0.0359226104299446,0.0367298184346468,,,0.5482233502538071,0.5532994923857868
Copper,2024-01,-0.0055546884023399,0.0012944377225198,-0.0099814798799186,0.0359226104299446,0.0367298184346468,,,0.5482233502538071,0.5532994923857868
Copper,2024-02,0.0467032973333865,0.0016192769095773,-0.0044754371193619,0.0359226104299446,0.0367298184346468,,,0.5482233502538071,0.5532994923857868
Copper,2024-03,0.0865972919280737,0.0176342530627329,0.0137799511697563,0.0359226104299446,0.0367298184346468,,,0.5482233502538071,0.5532994923857868
Copper,2024-04,0.071098743790102,0.0302339220624759,0.0263334572541531,0.0359226104299446,0.0367298184346468,,,0.5482233502538071,0.5532994923857868
Copper,2024-05,-0.0463565187286558,0.0258860775055427,0.0239297460514278,0.0359226104299446,0.0367298184346468,,,0.5482233502538071,0.5532994923857868
Copper,2024-06,-0.0272439269056743,-0.0103549877120761,-0.0122869651535884,0.0359226104299446,0.0367298184346468,,,0.5482233502538071,0.5532994923857868
Copper,2024-07,-0.0430667910950932,-0.0046623024268863,-0.0085025482648162,0.0359226104299446,0.0367298184346468,,,0.5482233502538071,0.5532994923857868
Copper,2024-08,0.0309550384036962,-0.0096888321265741,-0.011808163982917,0.0359226104299446,0.0367298184346468,,,0.5482233502538071,0.5532994923857868
Copper,2024-09,0.0296855941462368,0.0129801101394247,0.0119745809498496,0.0359226104299446,0.0367298184346468,,,0.5482233502538071,0.5532994923857868
Copper,2024-10,-0.0480663498488506,0.0126764497628461,0.0129284515915257,0.0359226104299446,0.0367298184346468,,,0.5482233502538071,0.5532994923857868
Copper,2024-11,-0.0182706479573839,-0.011026698221736,-0.0133397039409279,0.0359226104299446,0.0367298184346468,,,0.5482233502538071,0.5532994923857868
Copper,2024-12,0.007494208644327,-0.0020964854880288,-0.0038676576807356,0.0359226104299446,0.0367298184346468,,,0.5482233502538071,0.5532994923857868
Copper,2025-01,0.0394683277177363,0.0056993774006301,0.0039378148604136,0.0359226104299446,0.0367298184346468,,,0.5482233502538071,0.5532994923857868
Copper,2025-02,0.043387570252126,0.0154542992517799,0.0139453910859343,0.0359226104299446,0.0367298184346468,,,0.5482233502538071,0.5532994923857868
Copper,2025-03,-0.0578407603509401,0.0167821649952469,0.0149176168480328,0.0359226104299446,0.0367298184346468,,,0.5482233502538071,0.5532994923857868
Copper,2025-04,0.0390839294742881,-0.013839282953198,-0.0145108145702186,0.0359226104299446,0.0367298184346468,,,0.5482233502538071,0.5532994923857868
Copper,2025-05,0.0318813116044334,0.0151621003514496,0.0130209336007965,0.0359226104299446,0.0367298184346468,,,0.5482233502538071,0.5532994923857868
Copper,2025-06,-0.0065569104180082,0.0131224223567515,0.0093952599079933,0.0359226104299446,0.0367298184346468,,,0.5482233502538071,0.5532994923857868
Copper,2025-07,-0.0101022371348085,0.0017142454426744,-0.0004341923491472,0.0359226104299446,0.0367298184346468,,,0.5482233502538071,0.5532994923857868
Copper,2025-08,0.033385196116151,0.0006216613743194,-0.0029161318638202,0.0359226104299446,0.0367298184346468,,,0.5482233502538071,0.5532994923857868
Copper,2025-09,0.0745534756513439,0.0135304106414375,0.0088070361998703,0.0359226104299446,0.0367298184346468,,,0.5482233502538071,0.5532994923857868
Copper,2025-10,0.0067141795103933,0.0259718835552969,0.0259718835552969,0.0359226104299446,0.0367298184346468,,,0.5482233502538071,0.5532994923857868
Copper,2025-11,0.0905413943535005,0.005881837658162,0.005881837658162,0.0359226104299446,0.0367298184346468,,,0.5482233502538071,0.5532994923857868
Copper,2025-12,0.1014033049421783,0.0308116481682337,0.0308116481682337,0.0359226104299446,0.0367298184346468,,,0.5482233502538071,0.5532994923857868
Copper,2026-01,-0.0027152449192849,0.0348115088840703,0.0348115088840703,0.0359226104299446,0.0367298184346468,,,0.5482233502538071,0.5532994923857868
Copper,2026-02,-0.0326325531862093,0.0035988188748398,0.0035988188748398,0.0359226104299446,0.0367298184346468,,,0.5482233502538071,0.5532994923857868
Copper,2026-03,0.0288918966877562,-0.0053715448501121,-0.0053715448501121,0.0359226104299446,0.0367298184346468,,,0.5482233502538071,0.5532994923857868
Copper,2026-04,0.0482106522438379,0.0128713661927798,0.0128713661927798,0.0359226104299446,0.0367298184346468,,,0.5482233502538071,0.5532994923857868
Copper,2026-05,0.0029517656584547,0.0187067980966614,0.0187067980966614,0.0359226104299446,0.0367298184346468,,,0.5482233502538071,0.5532994923857868
Wheat,2010-01,-0.0456454380169517,-0.0009169189814059,-0.0119782988948027,0.0530231038052832,0.0530004942845589,,,0.5583756345177665,0.5634517766497462
Wheat,2010-02,-0.023085704152767,0.0105534214143407,-0.0028316884718394,0.0530231038052832,0.0530004942845589,,,0.5583756345177665,0.5634517766497462
Wheat,2010-03,0.0023094800509548,0.0134407785464185,0.0002186827605927,0.0530231038052832,0.0530004942845589,,,0.5583756345177665,0.5634517766497462
Wheat,2010-04,0.0095838446948564,0.0094276860706278,-0.007522098941819,0.0530231038052832,0.0530004942845589,,,0.5583756345177665,0.5634517766497462
Wheat,2010-05,-0.0575750543260408,0.0071748601189333,0.0085364521642822,0.0530231038052832,0.0530004942845589,,,0.5583756345177665,0.5634517766497462
Wheat,2010-06,0.2246847250205204,-0.0030620758526588,0.0016035075639643,0.0530231038052832,0.0530004942845589,,,0.5583756345177665,0.5634517766497462
Wheat,2010-07,0.203235437484768,-0.0051542865693438,0.019235638789573,0.0530231038052832,0.0530004942845589,,,0.5583756345177665,0.5634517766497462
Wheat,2010-08,0.0934827193315608,0.0441458833314181,0.0452533811324714,0.0530231038052832,0.0530004942845589,,,0.5583756345177665,0.5634517766497462
Wheat,2010-09,-0.0242588974154651,0.0390161008743321,0.0471147479822341,0.0530231038052832,0.0530004942845589,,,0.5583756345177665,0.5634517766497462
Wheat,2010-10,0.0308635278802344,0.0169127503542612,0.0096637116478353,0.0530231038052832,0.0530004942845589,,,0.5583756345177665,0.5634517766497462
Wheat,2010-11,0.1348687845303868,0.0262374004205798,0.0086993495453854,0.0530231038052832,0.0530004942845589,,,0.5583756345177665,0.5634517766497462
Wheat,2010-12,0.0784523729834654,0.056703371764441,0.0608916978654159,0.0530231038052832,0.0530004942845589,,,0.5583756345177665,0.5634517766497462
Wheat,2011-01,0.0730164745237806,0.0434481693428424,0.0447993126113069,0.0530231038052832,0.0530004942845589,,,0.5583756345177665,0.5634517766497462
Wheat,2011-02,-0.1014633948324501,0.0377318439165088,0.0268851286155437,0.0530231038052832,0.0530004942845589,,,0.5583756345177665,0.5634517766497462
Wheat,2011-03,0.0766659137113172,0.0032266913983005,-0.0229838602134802,0.0530231038052832,0.0530004942845589,,,0.5583756345177665,0.5634517766497462
Wheat,2011-04,-0.000194816093608,0.0295784466546584,0.0159887681092447,0.0530231038052832,0.0530004942845589,,,0.5583756345177665,0.5634517766497462
Wheat,2011-05,-0.0712795207298824,0.0199975645250398,0.0023409411706237,0.0530231038052832,0.0530004942845589,,,0.5583756345177665,0.5634517766497462
Wheat,2011-06,-0.0484954923311088,0.0032982505723653,-0.0229779755869016,0.0530231038052832,0.0530004942845589,,,0.5583756345177665,0.5634517766497462
Wheat,2011-07,0.0634567111286119,0.0008244294199064,-0.0242243725998203,0.0530231038052832,0.0530004942845589,,,0.5583756345177665,0.5634517766497462
Wheat,2011-08,-0.0566276843395733,0.0143201785124914,-0.0172102324938247,0.0530231038052832,0.0530004942845589,,,0.5583756345177665,0.5634517766497462
Wheat,2011-09,-0.0761965949245098,0.0017662925915585,-0.0098029452248391,0.0530231038052832,0.0530004942845589,,,0.5583756345177665,0.5634517766497462
Wheat,2011-10,-0.0280269837958135,-0.0065030894923708,-0.0182975725513249,0.0530231038052832,0.0530004942845589,,,0.5583756345177665,0.5634517766497462
Wheat,2011-11,-0.03467014882656,-0.0027943958001155,-0.0158699565575909,0.0530231038052832,0.0530004942845589,,,0.5583756345177665,0.5634517766497462
Wheat,2011-12,0.0323760603938056,-0.003234277559213,-0.0077929026782544,0.0530231038052832,0.0530004942845589,,,0.5583756345177665,0.5634517766497462
Wheat,2012-01,0.0093479080286462,0.0070358288281401,0.0038863474628735,0.0530231038052832,0.0530004942845589,,,0.5583756345177665,0.5634517766497462
Wheat,2012-02,-0.0101100632133575,0.0032104183474109,-0.0056505313788506,0.0530231038052832,0.0530004942845589,,,0.5583756345177665,0.5634517766497462
Wheat,2012-03,-0.0632759448521848,0.002325202685837,-0.002556746232024,0.0530231038052832,0.0530004942845589,,,0.5583756345177665,0.5634517766497462
Wheat,2012-04,0.0034781971954753,-0.0038590936507852,-0.0053196838895705,0.0530231038052832,0.0530004942845589,,,0.5583756345177665,0.5634517766497462
Wheat,2012-05,0.0571748255636177,0.004096162122796,0.003585576744903,0.0530231038052832,0.0530004942845589,,,0.5583756345177665,0.5634517766497462
Wheat,2012-06,0.2842577192855586,0.0134954391508093,0.0171206312109952,0.0530231038052832,0.0530004942845589,,,0.5583756345177665,0.5634517766497462
Wheat,2012-07,0.0154524089306697,0.056099878335495,0.0535404789657702,0.0530231038052832,0.0530004942845589,,,0.5583756345177665,0.5634517766497462
Wheat,2012-08,0.0035013109931572,0.0199900191327173,0.031737779946042,0.0530231038052832,0.0530004942845589,,,0.5583756345177665,0.5634517766497462
Wheat,2012-09,0.0055416593645278,0.0187749606809047,0.0204796367690764,0.0530231038052832,0.0530004942845589,,,0.5583756345177665,0.5634517766497462
Wheat,2012-10,0.0033042568289165,0.0212624505662103,0.0252430774735754,0.0530231038052832,0.0530004942845589,,,0.5583756345177665,0.5634517766497462
Wheat,2012-11,-0.0514035664250995,0.020348291918451,0.0281574159852072,0.0530231038052832,0.0530004942845589,,,0.5583756345177665,0.5634517766497462
Wheat,2012-12,-0.0489318382107148,0.0082163806752984,0.0110949284105883,0.0530231038052832,0.0530004942845589,,,0.5583756345177665,0.5634517766497462
Wheat,2013-01,-0.0573599643840054,0.0008768469976229,-0.000709159977872,0.0530231038052832,0.0530004942845589,,,0.5583756345177665,0.5634517766497462
Wheat,2013-02,-0.030686001953565,-0.0025635159379609,-0.0019014395598003,0.0530231038052832,0.0530004942845589,,,0.5583756345177665,0.5634517766497462
Wheat,2013-03,0.0031457310653633,-1.1561795981855291e-05,0.0065084659514442,0.0530231038052832,0.0530004942845589,,,0.5583756345177665,0.5634517766497462
Wheat,2013-04,0.0449516343175055,0.0047230608629241,0.0090234306505727,0.0530231038052832,0.0530004942845589,,,0.5583756345177665,0.5634517766497462
Wheat,2013-05,-0.0333071151984512,0.0121299832268834,0.0173916760092978,0.0530231038052832,0.0530004942845589,,,0.5583756345177665,0.5634517766497462
Wheat,2013-06,-0.035143170082929,0.0007687986611683,0.0048550439004495,0.0530231038052832,0.0530004942845589,,,0.5583756345177665,0.5634517766497462
Wheat,2013-07,0.0056434872859372,0.0001978073019373,0.0078973763514994,0.0530231038052832,0.0530004942845589,,,0.5583756345177665,0.5634517766497462
Wheat,2013-08,-0.0055086112365352,0.0069935154767564,0.0086781313605183,0.0530231038052832,0.0530004942845589,,,0.5583756345177665,0.5634517766497462
Wheat,2013-09,0.0801940639269409,0.0058417713646033,0.0072272232349015,0.0530231038052832,0.0530004942845589,,,0.5583756345177665,0.5634517766497462
Wheat,2013-10,-0.0660501981505949,0.0196441942313848,0.0132730079669604,0.0530231038052832,0.0530004942845589,,,0.5583756345177665,0.5634517766497462
Wheat,2013-11,-0.0526032195056235,-0.0023016281041994,0.0005395657077083,0.0530231038052832,0.0530004942845589,,,0.5583756345177665,0.5634517766497462
Wheat,2013-12,-0.0655481302431395,-0.0018983197073246,-0.0022127900315826,0.0530231038052832,0.0530004942845589,,,0.5583756345177665,0.5634517766497462
Wheat,2014-01,0.0557348560079438,-0.0052247930543922,-0.0039377687196789,0.0530231038052832,0.0530004942845589,,,0.5583756345177665,0.5634517766497462
Wheat,2014-02,0.1351501014583458,0.0120353210886368,0.007307482941966,0.0530231038052832,0.0530004942845589,,,0.5583756345177665,0.5634517766497462
Wheat,2014-03,0.0027932960893852,0.0278535923327985,0.0195247118862246,0.0530231038052832,0.0530004942845589,,,0.5583756345177665,0.5634517766497462
Wheat,2014-04,0.0417194226386428,0.0078413589590375,0.0044775146638075,0.0530231038052832,0.0530004942845589,,,0.5583756345177665,0.5634517766497462
Wheat,2014-05,-0.0912184746277727,0.0153254809236536,0.0122747881937089,0.0530231038052832,0.0530004942845589,,,0.5583756345177665,0.5634517766497462
Wheat,2014-06,-0.0882858949262586,-0.0036901825690611,0.000297801753322,0.0530231038052832,0.0530004942845589,,,0.5583756345177665,0.5634517766497462
Wheat,2014-07,-0.0393708137879535,-0.0058731829376085,-0.0021725362563598,0.0530231038052832,0.0530004942845589,,,0.5583756345177665,0.5634517766497462
Wheat,2014-08,-0.0784912575398941,-0.0007615664505637,0.0041665766427839,0.0530231038052832,0.0530004942845589,,,0.5583756345177665,0.5634517766497462
Wheat,2014-09,-0.0021128511061397,-0.0102561747970439,0.0027038013326812,0.0530231038052832,0.0530004942845589,,,0.5583756345177665,0.5634517766497462
Wheat,2014-10,0.0249756397763991,0.0013664861644174,0.0150229699633506,0.0530231038052832,0.0530004942845589,,,0.5583756345177665,0.5634517766497462
Wheat,2014-11,0.0873702500841493,0.005918579291703,0.0250967026490321,0.0530231038052832,0.0530004942845589,,,0.5583756345177665,0.5634517766497462
Wheat,2014-12,-0.0929810837718672,0.0195171876099722,0.043956541809715,0.0530231038052832,0.0530004942845589,,,0.5583756345177665,0.5634517766497462
Wheat,2015-01,-0.0529493202605479,-0.0092597346430996,0.0294879521559284,0.0530231038052832,0.0530004942845589,,,0.5583756345177665,0.5634517766497462
Wheat,2015-02,0.0047058003346343,-0.0045205395754732,0.027440358676754,0.0530231038052832,0.0530004942845589,,,0.5583756345177665,0.5634517766497462
Wheat,2015-03,-0.0333521674985076,0.0050057455234202,0.0411634331948441,0.0530231038052832,0.0530004942845589,,,0.5583756345177665,0.5634517766497462
Wheat,2015-04,-0.0138551527058414,-0.0012485606853412,0.0238433586820499,0.0530231038052832,0.0530004942845589,,,0.5583756345177665,0.5634517766497462
Wheat,2015-05,0.034256225850787,0.0009330433931365,0.0172926258339443,0.0530231038052832,0.0530004942845589,,,0.5583756345177665,0.5634517766497462
Wheat,2015-06,-0.0030923526953612,0.0076891823117168,0.0233603459345688,0.0530231038052832,0.0530004942845589,,,0.5583756345177665,0.5634517766497462
Wheat,2015-07,-0.1290041838331576,0.0033042438609729,0.0199432852871633,0.0530231038052832,0.0530004942845589,,,0.5583756345177665,0.5634517766497462
Wheat,2015-08,-0.0544519511949177,-0.0169173962299069,-0.0110693728013258,0.0530231038052832,0.0530004942845589,,,0.5583756345177665,0.5634517766497462
Wheat,2015-09,0.0084248693612025,-0.0078506380237833,-0.0062495395741548,0.0530231038052832,0.0530004942845589,,,0.5583756345177665,0.5634517766497462
Wheat,2015-10,-0.046219609938552,0.0020946322754448,0.0039171500109104,0.0530231038052832,0.0530004942845589,,,0.5583756345177665,0.5634517766497462
Wheat,2015-11,0.038586229946524,-0.0068534370778228,-0.0068534370778228,0.0530231038052832,0.0530004942845589,,,0.5583756345177665,0.5634517766497462
Wheat,2015-12,0.0043819423214113,0.0058785549089967,0.0072707419225381,0.0530231038052832,0.0530004942845589,,,0.5583756345177665,0.5634517766497462
Wheat,2016-01,-0.0323660714285722,0.0011483004894116,0.0019850317515847,0.0530231038052832,0.0530004942845589,,,0.5583756345177665,0.5634517766497462
Wheat,2016-02,0.0299884659746254,-0.0029765532476536,-0.0029765532476536,0.0530231038052832,0.0530004942845589,,,0.5583756345177665,0.5634517766497462
Wheat,2016-03,-0.0041060097051138,0.0072620883824357,0.0072620883824357,0.0530231038052832,0.0530004942845589,,,0.5583756345177665,0.5634517766497462
Wheat,2016-04,-0.0356607410580429,0.002278507828908,0.002278507828908,0.0530231038052832,0.0530004942845589,,,0.5583756345177665,0.5634517766497462
Wheat,2016-05,-0.0054918984402596,-0.0021824739408808,-0.0021824739408808,0.0530231038052832,0.0530004942845589,,,0.5583756345177665,0.5634517766497462
Wheat,2016-06,-0.1466851417608182,0.0012537095162488,0.0012537095162488,0.0530231038052832,0.0530004942845589,,,0.5583756345177665,0.5634517766497462
Wheat,2016-07,-0.0434543651504836,-0.0217463274185422,-0.0217463274185422,0.0530231038052832,0.0530004942845589,,,0.5583756345177665,0.5634517766497462
Wheat,2016-08,-0.0363655829556407,-0.0081572607787905,-0.0081572607787905,0.0530231038052832,0.0530004942845589,,,0.5583756345177665,0.5634517766497462
Wheat,2016-09,-0.0056005110732527,-0.0084714714035106,-0.0084714714035106,0.0530231038052832,0.0530004942845589,,,0.5583756345177665,0.5634517766497462
Wheat,2016-10,-7.1006477370128e-05,-0.0041150971854543,-0.0041150971854543,0.0530231038052832,0.0530004942845589,,,0.5583756345177665,0.5634517766497462
Wheat,2016-11,0.0024196517805488,-0.0027405123815977,-0.0027405123815977,0.0530231038052832,0.0530004942845589,,,0.5583756345177665,0.5634517766497462
Wheat,2016-12,0.1164007976071779,-0.0021639196826216,-0.0021639196826216,0.0530231038052832,0.0530004942845589,,,0.5583756345177665,0.5634517766497462
Wheat,2017-01,0.0744879613635567,0.0195183737739182,0.0195183737739182,0.0530231038052832,0.0530004942845589,,,0.5583756345177665,0.5634517766497462
Wheat,2017-02,-0.0063106242154512,0.0158195636636513,0.0158195636636513,0.0530231038052832,0.0530004942845589,,,0.5583756345177665,0.5634517766497462
Wheat,2017-03,-0.0547963296852213,0.0035485170175735,0.0035485170175735,0.0530231038052832,0.0530004942845589,,,0.5583756345177665,0.5634517766497462
Wheat,2017-04,0.0580359978152338,-0.0052781887638117,-0.0052781887638117,0.0530231038052832,0.0530004942845589,,,0.5583756345177665,0.5634517766497462
Wheat,2017-05,0.073791058394161,0.0132690146986977,0.0132690146986977,0.0530231038052832,0.0530004942845589,,,0.5583756345177665,0.5634517766497462
Wheat,2017-06,0.1099309612320773,0.0173440320367838,0.0173440320367838,0.0530231038052832,0.0530004942845589,,,0.5583756345177665,0.5634517766497462
Wheat,2017-07,-0.2032951945080093,0.0242711659255508,0.0247049492585254,0.0530231038052832,0.0530004942845589,,,0.5583756345177665,0.5634517766497462
Wheat,2017-08,-0.0045840992647063,-0.0253669953108933,-0.0253669953108933,0.0530231038052832,0.0530004942845589,,,0.5583756345177665,0.5634517766497462
Wheat,2017-09,-0.0366212850948715,0.0009757348713845,0.0009757348713845,0.0530231038052832,0.0530004942845589,,,0.5583756345177665,0.5634517766497462
Wheat,2017-10,0.0352578401784549,-0.0030637530174932,-0.0030637530174932,0.0530231038052832,0.0530004942845589,,,0.5583756345177665,0.5634517766497462
Wheat,2017-11,0.0656108597285065,0.0058063466457214,0.0058063466457214,0.0530231038052832,0.0530004942845589,,,0.5583756345177665,0.5634517766497462
Wheat,2017-12,0.0631173913302054,0.0101853786308998,0.0101853786308998,0.0530231038052832,0.0530004942845589,,,0.5583756345177665,0.5634517766497462
Wheat,2018-01,0.1016770500877382,0.010319427295667,0.010319427295667,0.0530231038052832,0.0530004942845589,,,0.5583756345177665,0.5634517766497462
Wheat,2018-02,0.0500884605722413,0.019535113860668,0.019535113860668,0.0530231038052832,0.0530004942845589,,,0.5583756345177665,0.5634517766497462
Wheat,2018-03,-0.0029980657640239,0.0131034222507053,0.0131034222507053,0.0530231038052832,0.0530004942845589,,,0.5583756345177665,0.5634517766497462
Wheat,2018-04,0.068342754345277,0.0055165402854001,0.0055165402854001,0.0530231038052832,0.0530004942845589,,,0.5583756345177665,0.5634517766497462
Wheat,2018-05,0.0019480144285133,0.0170842033223197,0.0170842033223197,0.0530231038052832,0.0530004942845589,,,0.5583756345177665,0.5634517766497462
Wheat,2018-06,0.019302220208428,0.0068747425550936,0.0068747425550936,0.0530231038052832,0.0530004942845589,,,0.5583756345177665,0.5634517766497462
Wheat,2018-07,0.0736053559280098,0.0089749372422552,0.0089749372422552,0.0530231038052832,0.0530004942845589,,,0.5583756345177665,0.5634517766497462
Wheat,2018-08,-0.0953544453906576,0.0167668865355338,0.0167668865355338,0.0530231038052832,0.0530004942845589,,,0.5583756345177665,0.5634517766497462
Wheat,2018-09,-0.0140355395312907,-0.0079301891272921,-0.0079301891272921,0.0530231038052832,0.0530004942845589,,,0.5583756345177665,0.5634517766497462
Wheat,2018-10,-0.0366611317375319,0.002420820798298,0.002420820798298,0.0530231038052832,0.0530004942845589,,,0.5583756345177665,0.5634517766497462
Wheat,2018-11,0.0384651801353967,-0.0016515830873181,-0.0016515830873181,0.0530231038052832,0.0530004942845589,,,0.5583756345177665,0.5634517766497462
Wheat,2018-12,0.0016395471137788,0.0086386452987803,0.0086386452987803,0.0530231038052832,0.0530004942845589,,,0.5583756345177665,0.5634517766497462
Wheat,2019-01,-0.0578688916305401,0.003716942821765,0.003716942821765,0.0530231038052832,0.0530004942845589,,,0.5583756345177665,0.5634517766497462
Wheat,2019-02,-0.0753726708074533,-0.0053141118303752,-0.0053141118303752,0.0530231038052832,0.0530004942845589,,,0.5583756345177665,0.5634517766497462
Wheat,2019-03,-0.0332907891937882,-0.0082075420264802,-0.0082075420264802,0.0530231038052832,0.0530004942845589,,,0.5583756345177665,0.5634517766497462
Wheat,2019-04,-0.0047059882575345,-0.0031404986547947,-0.0031404986547947,0.0530231038052832,0.0530004942845589,,,0.5583756345177665,0.5634517766497462
Wheat,2019-05,0.1037142555661068,0.0008888724806291,0.0008888724806291,0.0530231038052832,0.0530004942845589,,,0.5583756345177665,0.5634517766497462
Wheat,2019-06,-0.0619413187506564,0.0167431101166474,0.0167431101166474,0.0530231038052832,0.0530004942845589,,,0.5583756345177665,0.5634517766497462
Wheat,2019-07,-0.088565022421525,-0.0059210722119633,-0.0059210722119633,0.0530231038052832,0.0530004942845589,,,0.5583756345177665,0.5634517766497462
Wheat,2019-08,-0.0186961869618698,-0.0104567607779751,-0.0104567607779751,0.0530231038052832,0.0530004942845589,,,0.5583756345177665,0.5634517766497462
Wheat,2019-09,0.045374780646779,-0.0012026403000901,-0.0012026403000901,0.0530231038052832,0.0530004942845589,,,0.5583756345177665,0.5634517766497462
Wheat,2019-10,0.0281108446576074,0.0079603067148981,0.0079603067148981,0.0530231038052832,0.0530004942845589,,,0.5583756345177665,0.5634517766497462
Wheat,2019-11,0.0490475573409359,0.0062850746093659,0.0062850746093659,0.0530231038052832,0.0530004942845589,,,0.5583756345177665,0.5634517766497462
Wheat,2019-12,0.078588633897138,0.0088069431771579,0.0088069431771579,0.0530231038052832,0.0530004942845589,,,0.5583756345177665,0.5634517766497462
Wheat,2020-01,-0.0337220296249608,0.0146186991979059,0.0146186991979059,0.0530231038052832,0.0530004942845589,,,0.5583756345177665,0.5634517766497462
Wheat,2020-02,-0.0078751811853091,0.0001372720369164,0.0001372720369164,0.0530231038052832,0.0530004942845589,,,0.5583756345177665,0.5634517766497462
Wheat,2020-03,0.0519197024914948,0.0034798469696639,0.0034798469696639,0.0530231038052832,0.0530004942845589,,,0.5583756345177665,0.5634517766497462
Wheat,2020-04,-0.0266572568869853,0.0115627900086223,0.0115627900086223,0.0530231038052832,0.0530004942845589,,,0.5583756345177665,0.5634517766497462
Wheat,2020-05,-0.0299084513092711,0.0008215975197291,0.0008215975197291,0.0530231038052832,0.0530004942845589,,,0.5583756345177665,0.5634517766497462
Wheat,2020-06,0.0050186971068699,-0.000524452034745,-0.000524452034745,0.0530231038052832,0.0530004942845589,,,0.5583756345177665,0.5634517766497462
Wheat,2020-07,0.021154177915168,0.003381767802215,0.003381767802215,0.0530231038052832,0.0530004942845589,,,0.5583756345177665,0.5634517766497462
Wheat,2020-08,0.1719738824711196,0.0059667941284036,0.0059667941284036,0.0530231038052832,0.0530004942845589,,,0.5583756345177665,0.5634517766497462
Wheat,2020-09,-0.0034830173683346,0.0279496470138766,0.0279496470138766,0.0530231038052832,0.0530004942845589,,,0.5583756345177665,0.5634517766497462
Wheat,2020-10,0.0360210872007609,0.0045067033422662,0.0045067033422662,0.0530231038052832,0.0530004942845589,,,0.5583756345177665,0.5634517766497462
Wheat,2020-11,0.0311197336339561,0.0101456502829947,0.0101456502829947,0.0530231038052832,0.0530004942845589,,,0.5583756345177665,0.5634517766497462
Wheat,2020-12,0.0949402491736586,0.0102974163687601,0.0102974163687601,0.0530231038052832,0.0530004942845589,,,0.5583756345177665,0.5634517766497462
Wheat,2021-01,0.0120286085825744,0.0201942088175719,0.0201942088175719,0.0530231038052832,0.0530004942845589,,,0.5583756345177665,0.5634517766497462
Wheat,2021-02,-0.0453428120504473,0.0097736101888978,0.0097736101888978,0.0530231038052832,0.0530004942845589,,,0.5583756345177665,0.5634517766497462
Wheat,2021-03,0.0437109103544126,-0.0003362167174525,-0.0003362167174525,0.0530231038052832,0.0530004942845589,,,0.5583756345177665,0.5634517766497462
Wheat,2021-04,0.1605046306424558,0.0113576562334866,0.0113576562334866,0.0530231038052832,0.0530004942845589,,,0.5583756345177665,0.5634517766497462
Wheat,2021-05,-0.1425045985810091,0.0282837853236406,0.0282881644492513,0.0530231038052832,0.0530004942845589,,,0.5583756345177665,0.5634517766497462
Wheat,2021-06,0.0203586750872708,-0.0088804285291413,-0.0088804285291413,0.0530231038052832,0.0530004942845589,,,0.5583756345177665,0.5634517766497462
Wheat,2021-07,0.1282612102060536,0.0069611822126277,0.0069611822126277,0.0530231038052832,0.0530004942845589,,,0.5583756345177665,0.5634517766497462
Wheat,2021-08,-0.0187085163388481,0.0191204748223199,0.0200749286557246,0.0530231038052832,0.0530004942845589,,,0.5583756345177665,0.5634517766497462
Wheat,2021-09,0.0901011935651268,0.0051428137072289,0.0051566851351179,0.0530231038052832,0.0530004942845589,,,0.5583756345177665,0.5634517766497462
Wheat,2021-10,0.0795836953287718,0.0159717002799478,0.0160541877108724,0.0530231038052832,0.0530004942845589,,,0.5583756345177665,0.5634517766497462
Wheat,2021-11,0.0207302185531752,0.0147787797844816,0.0149819501133507,0.0530231038052832,0.0530004942845589,,,0.5583756345177665,0.5634517766497462
Wheat,2021-12,0.0063693063693064,0.011890958090006,0.0119732088171805,0.0530231038052832,0.0530004942845589,,,0.5583756345177665,0.5634517766497462
Wheat,2022-01,0.0656938419065862,0.0102411897102525,0.0100051193066462,0.0530231038052832,0.0530004942845589,,,0.5583756345177665,0.5634517766497462
Wheat,2022-02,0.1155724120493277,0.0153684083457166,0.0152410744340625,0.0530231038052832,0.0530004942845589,,,0.5583756345177665,0.5634517766497462
Wheat,2022-03,0.0473653075614199,0.0233620194971653,0.0235892920881739,0.0530231038052832,0.0530004942845589,,,0.5583756345177665,0.5634517766497462
Wheat,2022-04,0.0939092528159928,0.0166898888613095,0.017227143513439,0.0530231038052832,0.0530004942845589,,,0.5583756345177665,0.5634517766497462
Wheat,2022-05,-0.1047023758896044,0.0223618304364401,0.0243194301390614,0.0530231038052832,0.0530004942845589,,,0.5583756345177665,0.5634517766497462
Wheat,2022-06,-0.1903099477963584,0.0006316787739273,-0.021518279146814,0.0530231038052832,0.0530004942845589,,,0.5583756345177665,0.5634517766497462
Wheat,2022-07,0.0032351601720299,-0.0161266143960767,-0.0483182870818098,0.0530231038052832,0.0530004942845589,,,0.5583756345177665,0.5634517766497462
Wheat,2022-08,0.0721492335899225,0.0058061347507265,-0.0085708286963286,0.0530231038052832,0.0530004942845589,,,0.5583756345177665,0.5634517766497462
Wheat,2022-09,0.0213406085407901,0.013684988814571,0.0046513118690844,0.0530231038052832,0.0530004942845589,,,0.5583756345177665,0.5634517766497462
Wheat,2022-10,-0.0265272944476187,0.0080295530304445,0.0038993393140001,0.0530231038052832,0.0530004942845589,,,0.5583756345177665,0.5634517766497462
Wheat,2022-11,-0.0600442336011182,0.0018683910149681,-0.0077819471838849,0.0530231038052832,0.0530004942845589,,,0.5583756345177665,0.5634517766497462
Wheat,2022-12,-0.0109925531483564,-0.0021990471871419,-0.0123961771520346,0.0530231038052832,0.0530004942845589,,,0.5583756345177665,0.5634517766497462
Wheat,2023-01,0.0384726397803301,0.0044771117019774,-0.0089910388106583,0.0530231038052832,0.0530004942845589,,,0.5583756345177665,0.5634517766497462
Wheat,2023-02,-0.0691383643231432,0.0103015934340245,0.0043023653356174,0.0530231038052832,0.0530004942845589,,,0.5583756345177665,0.5634517766497462
Wheat,2023-03,0.0109272820649377,-0.002668147733266,-0.0064987617276863,0.0530231038052832,0.0530004942845589,,,0.5583756345177665,0.5634517766497462
Wheat,2023-04,-0.0427441030813943,0.0058058528765795,0.0031680438583741,0.0530231038052832,0.0530004942845589,,,0.5583756345177665,0.5634517766497462
Wheat,2023-05,-0.0573178620398866,-0.0002502952194795,-0.0069864346247166,0.0530231038052832,0.0530004942845589,,,0.5583756345177665,0.5634517766497462
Wheat,2023-06,-0.0129629675544602,-0.0021924933367162,-0.0045114048754578,0.0530231038052832,0.0530004942845589,,,0.5583756345177665,0.5634517766497462
Wheat,2023-07,-0.1335296948432918,0.0023541411785161,-0.0007865135570801,0.0530231038052832,0.0530004942845589,,,0.5583756345177665,0.5634517766497462
Wheat,2023-08,-0.0498031300665057,-0.01282338047752,-0.0153865441942713,0.0530231038052832,0.0530004942845589,,,0.5583756345177665,0.5634517766497462
Wheat,2023-09,-0.0563526387649407,-0.0044606295465198,-0.0084537026499137,0.0530231038052832,0.0530004942845589,,,0.5583756345177665,0.5634517766497462
Wheat,2023-10,-0.0021420199652426,-0.0064426852677077,-0.0094761103247393,0.0530231038052832,0.0530004942845589,,,0.5583756345177665,0.5634517766497462
Wheat,2023-11,0.0631163266611243,-0.0001670534807958,-0.0018434588810247,0.0530231038052832,0.0530004942845589,,,0.5583756345177665,0.5634517766497462
Wheat,2023-12,-0.015480676975087,0.008980969135485,0.0074289278611053,0.0530231038052832,0.0530004942845589,,,0.5583756345177665,0.5634517766497462
Wheat,2024-01,-0.0302570234501975,0.0001389755959645,-0.0296788039356966,0.0530231038052832,0.0530004942845589,,,0.5583756345177665,0.5634517766497462
Wheat,2024-02,-0.0337398121906781,-0.0005135194826702,-0.0175020902640051,0.0530231038052832,0.0530004942845589,,,0.5583756345177665,0.5634517766497462
Wheat,2024-03,-0.0163298531791477,-0.0008917622076284,-0.0137622968461285,0.0530231038052832,0.0530004942845589,,,0.5583756345177665,0.5634517766497462
Wheat,2024-04,0.0914143964349549,0.0013728432152293,-0.0168235385441254,0.0530231038052832,0.0530004942845589,,,0.5583756345177665,0.5634517766497462
Wheat,2024-05,-0.0976328553856327,0.0143322140031146,0.0012903624182753,0.0530231038052832,0.0530004942845589,,,0.5583756345177665,0.5634517766497462
Wheat,2024-06,-0.1072009143408488,-0.0072987180414704,-0.0162190736206058,0.0530231038052832,0.0530004942845589,,,0.5583756345177665,0.5634517766497462
Wheat,2024-07,-0.0421074700332715,-0.0106070756814548,-0.0287100248221474,0.0530231038052832,0.0530004942845589,,,0.5583756345177665,0.5634517766497462
Wheat,2024-08,0.0740397457987691,-0.0042656147680989,-0.0131618006348298,0.0530231038052832,0.0530004942845589,,,0.5583756345177665,0.5634517766497462
Wheat,2024-09,0.0470370497984335,0.0097216896860124,0.0048600446035339,0.0530231038052832,0.0530004942845589,,,0.5583756345177665,0.5634517766497462
Wheat,2024-10,-0.0589605513678417,0.007964586963192,0.0091140635094486,0.0530231038052832,0.0530004942845589,,,0.5583756345177665,0.5634517766497462
Wheat,2024-11,0.0003206906927855,-0.0051916185925997,-0.0160005110850679,0.0530231038052832,0.0530004942845589,,,0.5583756345177665,0.5634517766497462
Wheat,2024-12,0.0260249655087982,0.0020908451504035,-0.0063295926247535,0.0530231038052832,0.0530004942845589,,,0.5583756345177665,0.5634517766497462
Wheat,2025-01,-0.0027645225960726,0.0064679893133407,-0.0022278649536298,0.0530231038052832,0.0530004942845589,,,0.5583756345177665,0.5634517766497462
Wheat,2025-02,-0.0552128046749174,0.00391865211675,-0.0040264915575612,0.0530231038052832,0.0530004942845589,,,0.5583756345177665,0.5634517766497462
Wheat,2025-03,-0.0266682903068684,-0.0032944788216069,-0.0143189986072678,0.0530231038052832,0.0530004942845589,,,0.5583756345177665,0.5634517766497462
Wheat,2025-04,0.1259852370824474,-0.0011676652139282,-0.0045669186838274,0.0530231038052832,0.0530004942845589,,,0.5583756345177665,0.5634517766497462
Wheat,2025-05,-0.1201289333333336,0.0172436534434258,0.0060027628313292,0.0530231038052832,0.0530004942845589,,,0.5583756345177665,0.5634517766497462
Wheat,2025-06,-0.0457758702314213,-0.0085201073281893,-0.0287723649934457,0.0530231038052832,0.0530004942845589,,,0.5583756345177665,0.5634517766497462
Wheat,2025-07,-0.0360549609887443,-0.0029763668508105,-0.014262977922299,0.0530231038052832,0.0530004942845589,,,0.5583756345177665,0.5634517766497462
Wheat,2025-08,-0.0263188531864235,-0.0026334330203087,-0.0216389873239483,0.0530231038052832,0.0530004942845589,,,0.5583756345177665,0.5634517766497462
Wheat,2025-09,0.0146806607002309,-0.001582698209857,-0.036485700105921,0.0530231038052832,0.0530004942845589,,,0.5583756345177665,0.5634517766497462
Wheat,2025-10,0.0750415018375032,0.0027533246829979,-0.0059010078713845,0.0530231038052832,0.0530004942845589,,,0.5583756345177665,0.5634517766497462
Wheat,2025-11,-0.0211379917327071,0.0085034099728888,-0.0013566239463375,0.0530231038052832,0.0530004942845589,,,0.5583756345177665,0.5634517766497462
Wheat,2025-12,0.0218795929120101,0.000327005769602,-0.0057649556243935,0.0530231038052832,0.0530004942845589,,,0.5583756345177665,0.5634517766497462
Wheat,2026-01,0.0325078911661784,0.0051204046185716,-0.0082021650909799,0.0530231038052832,0.0530004942845589,,,0.5583756345177665,0.5634517766497462
Wheat,2026-02,0.109438383310775,0.0070260847907033,0.0057658769016161,0.0530231038052832,0.0530004942845589,,,0.5583756345177665,0.5634517766497462
Wheat,2026-03,0.0452058213934465,0.0164295691418683,0.007704901115815,0.0530231038052832,0.0530004942845589,,,0.5583756345177665,0.5634517766497462
Wheat,2026-04,0.0900262573705836,0.0111049769903712,-0.0048359490768567,0.0530231038052832,0.0530004942845589,,,0.5583756345177665,0.5634517766497462
Wheat,2026-05,-0.0961419184657971,0.0163073294547485,0.0117278971999011,0.0530231038052832,0.0530004942845589,,,0.5583756345177665,0.5634517766497462
